repeat,image_index,path,pair_order,method,order_position,latency_ms,score
0,0,data\raw\mvtec_anomaly_detection\bottle\test\good\000.png,global_then_patch,global,1,31.964000081643462,4.017111778259277
0,0,data\raw\mvtec_anomaly_detection\bottle\test\good\000.png,global_then_patch,patch_layer3,2,23.573200101964176,2.6770708560943604
0,1,data\raw\mvtec_anomaly_detection\bottle\test\good\001.png,patch_then_global,patch_layer3,1,23.44649995211512,2.681241273880005
0,1,data\raw\mvtec_anomaly_detection\bottle\test\good\001.png,patch_then_global,global,2,27.18450000975281,3.3643033504486084
0,2,data\raw\mvtec_anomaly_detection\bottle\test\good\002.png,global_then_patch,global,1,27.35670004040003,4.055006504058838
0,2,data\raw\mvtec_anomaly_detection\bottle\test\good\002.png,global_then_patch,patch_layer3,2,22.453899960964918,2.7068002223968506
0,3,data\raw\mvtec_anomaly_detection\bottle\test\good\003.png,patch_then_global,patch_layer3,1,24.237200035713613,2.7398006916046143
0,3,data\raw\mvtec_anomaly_detection\bottle\test\good\003.png,patch_then_global,global,2,27.260700007900596,4.034146308898926
0,4,data\raw\mvtec_anomaly_detection\bottle\test\good\004.png,global_then_patch,global,1,29.49849993456155,3.626999616622925
0,4,data\raw\mvtec_anomaly_detection\bottle\test\good\004.png,global_then_patch,patch_layer3,2,25.610600016079843,2.6961357593536377
0,5,data\raw\mvtec_anomaly_detection\bottle\test\good\005.png,patch_then_global,patch_layer3,1,24.80980008840561,2.7214548587799072
0,5,data\raw\mvtec_anomaly_detection\bottle\test\good\005.png,patch_then_global,global,2,29.810899985022843,3.4188554286956787
0,6,data\raw\mvtec_anomaly_detection\bottle\test\good\006.png,global_then_patch,global,1,27.780700009316206,7.6024603843688965
0,6,data\raw\mvtec_anomaly_detection\bottle\test\good\006.png,global_then_patch,patch_layer3,2,22.767500020563602,2.781585693359375
0,7,data\raw\mvtec_anomaly_detection\bottle\test\good\007.png,patch_then_global,patch_layer3,1,24.152699974365532,2.7815933227539062
0,7,data\raw\mvtec_anomaly_detection\bottle\test\good\007.png,patch_then_global,global,2,25.637199985794723,3.7244253158569336
0,8,data\raw\mvtec_anomaly_detection\bottle\test\good\008.png,global_then_patch,global,1,25.435699964873493,4.842831134796143
0,8,data\raw\mvtec_anomaly_detection\bottle\test\good\008.png,global_then_patch,patch_layer3,2,22.700799978338182,2.761549234390259
0,9,data\raw\mvtec_anomaly_detection\bottle\test\good\009.png,patch_then_global,patch_layer3,1,22.404299932532012,2.7066855430603027
0,9,data\raw\mvtec_anomaly_detection\bottle\test\good\009.png,patch_then_global,global,2,25.85110010113567,3.3345985412597656
0,10,data\raw\mvtec_anomaly_detection\bottle\test\good\010.png,global_then_patch,global,1,25.379400001838803,4.065393924713135
0,10,data\raw\mvtec_anomaly_detection\bottle\test\good\010.png,global_then_patch,patch_layer3,2,25.699499994516373,2.860560178756714
0,11,data\raw\mvtec_anomaly_detection\bottle\test\good\011.png,patch_then_global,patch_layer3,1,22.68759999424219,2.6874184608459473
0,11,data\raw\mvtec_anomaly_detection\bottle\test\good\011.png,patch_then_global,global,2,29.57740006968379,3.5150983333587646
0,12,data\raw\mvtec_anomaly_detection\bottle\test\good\012.png,global_then_patch,global,1,34.379899967461824,3.5498414039611816
0,12,data\raw\mvtec_anomaly_detection\bottle\test\good\012.png,global_then_patch,patch_layer3,2,27.49989996664226,2.7570858001708984
0,13,data\raw\mvtec_anomaly_detection\bottle\test\good\013.png,patch_then_global,patch_layer3,1,26.690100086852908,2.7480809688568115
0,13,data\raw\mvtec_anomaly_detection\bottle\test\good\013.png,patch_then_global,global,2,28.992699924856424,3.0069215297698975
0,14,data\raw\mvtec_anomaly_detection\bottle\test\good\014.png,global_then_patch,global,1,26.644599973224103,3.568523645401001
0,14,data\raw\mvtec_anomaly_detection\bottle\test\good\014.png,global_then_patch,patch_layer3,2,22.71449996624142,2.782339096069336
0,15,data\raw\mvtec_anomaly_detection\bottle\test\good\015.png,patch_then_global,patch_layer3,1,25.26140003465116,2.729416608810425
0,15,data\raw\mvtec_anomaly_detection\bottle\test\good\015.png,patch_then_global,global,2,28.977899928577244,4.474905967712402
0,16,data\raw\mvtec_anomaly_detection\bottle\test\good\016.png,global_then_patch,global,1,31.358900014311075,3.8763203620910645
0,16,data\raw\mvtec_anomaly_detection\bottle\test\good\016.png,global_then_patch,patch_layer3,2,26.829999987967312,2.753270387649536
0,17,data\raw\mvtec_anomaly_detection\bottle\test\good\017.png,patch_then_global,patch_layer3,1,23.05359998717904,2.791172742843628
0,17,data\raw\mvtec_anomaly_detection\bottle\test\good\017.png,patch_then_global,global,2,28.092300053685904,3.6931324005126953
0,18,data\raw\mvtec_anomaly_detection\bottle\test\good\018.png,global_then_patch,global,1,28.286200016736984,4.722544193267822
0,18,data\raw\mvtec_anomaly_detection\bottle\test\good\018.png,global_then_patch,patch_layer3,2,28.55319995433092,2.7120490074157715
0,19,data\raw\mvtec_anomaly_detection\bottle\test\good\019.png,patch_then_global,patch_layer3,1,25.434999959543347,2.826977014541626
0,19,data\raw\mvtec_anomaly_detection\bottle\test\good\019.png,patch_then_global,global,2,27.95019990298897,4.360477447509766
0,20,data\raw\mvtec_anomaly_detection\bottle\test\broken_large\000.png,global_then_patch,global,1,29.345699935220182,10.836048126220703
0,20,data\raw\mvtec_anomaly_detection\bottle\test\broken_large\000.png,global_then_patch,patch_layer3,2,23.08650000486523,4.441296100616455
0,21,data\raw\mvtec_anomaly_detection\bottle\test\broken_large\001.png,patch_then_global,patch_layer3,1,26.407200028188527,4.98638391494751
0,21,data\raw\mvtec_anomaly_detection\bottle\test\broken_large\001.png,patch_then_global,global,2,28.63489999435842,10.990410804748535
0,22,data\raw\mvtec_anomaly_detection\bottle\test\broken_large\002.png,global_then_patch,global,1,31.086599919945,13.59360408782959
0,22,data\raw\mvtec_anomaly_detection\bottle\test\broken_large\002.png,global_then_patch,patch_layer3,2,23.84499995969236,4.023044586181641
0,23,data\raw\mvtec_anomaly_detection\bottle\test\broken_large\003.png,patch_then_global,patch_layer3,1,27.515299967490137,4.895201683044434
0,23,data\raw\mvtec_anomaly_detection\bottle\test\broken_large\003.png,patch_then_global,global,2,27.40369993261993,14.632072448730469
0,24,data\raw\mvtec_anomaly_detection\bottle\test\broken_large\004.png,global_then_patch,global,1,30.588200083002448,7.8201904296875
0,24,data\raw\mvtec_anomaly_detection\bottle\test\broken_large\004.png,global_then_patch,patch_layer3,2,23.98389996960759,5.267384052276611
0,25,data\raw\mvtec_anomaly_detection\bottle\test\broken_large\005.png,patch_then_global,patch_layer3,1,24.83150002080947,4.60845422744751
0,25,data\raw\mvtec_anomaly_detection\bottle\test\broken_large\005.png,patch_then_global,global,2,29.920400003902614,5.357264041900635
0,26,data\raw\mvtec_anomaly_detection\bottle\test\broken_large\006.png,global_then_patch,global,1,26.09130006749183,11.094615936279297
0,26,data\raw\mvtec_anomaly_detection\bottle\test\broken_large\006.png,global_then_patch,patch_layer3,2,22.81370002310723,5.1306610107421875
0,27,data\raw\mvtec_anomaly_detection\bottle\test\broken_large\007.png,patch_then_global,patch_layer3,1,22.732799989171326,3.9215714931488037
0,27,data\raw\mvtec_anomaly_detection\bottle\test\broken_large\007.png,patch_then_global,global,2,25.8940999628976,12.122001647949219
0,28,data\raw\mvtec_anomaly_detection\bottle\test\broken_large\008.png,global_then_patch,global,1,26.175800012424588,12.101668357849121
0,28,data\raw\mvtec_anomaly_detection\bottle\test\broken_large\008.png,global_then_patch,patch_layer3,2,22.58250000886619,5.351531505584717
0,29,data\raw\mvtec_anomaly_detection\bottle\test\broken_large\009.png,patch_then_global,patch_layer3,1,22.577099967747927,4.5694146156311035
0,29,data\raw\mvtec_anomaly_detection\bottle\test\broken_large\009.png,patch_then_global,global,2,27.81419991515577,6.9920148849487305
0,30,data\raw\mvtec_anomaly_detection\bottle\test\broken_large\010.png,global_then_patch,global,1,34.39819999039173,9.243770599365234
0,30,data\raw\mvtec_anomaly_detection\bottle\test\broken_large\010.png,global_then_patch,patch_layer3,2,28.020699974149466,4.809571743011475
0,31,data\raw\mvtec_anomaly_detection\bottle\test\broken_large\011.png,patch_then_global,patch_layer3,1,27.355200028978288,4.734049320220947
0,31,data\raw\mvtec_anomaly_detection\bottle\test\broken_large\011.png,patch_then_global,global,2,31.887999968603253,7.065303325653076
0,32,data\raw\mvtec_anomaly_detection\bottle\test\broken_large\012.png,global_then_patch,global,1,33.678999985568225,8.313075065612793
0,32,data\raw\mvtec_anomaly_detection\bottle\test\broken_large\012.png,global_then_patch,patch_layer3,2,28.13450002577156,4.992427825927734
0,33,data\raw\mvtec_anomaly_detection\bottle\test\broken_large\013.png,patch_then_global,patch_layer3,1,31.330600031651556,4.03297233581543
0,33,data\raw\mvtec_anomaly_detection\bottle\test\broken_large\013.png,patch_then_global,global,2,30.89309995993972,12.109010696411133
0,34,data\raw\mvtec_anomaly_detection\bottle\test\broken_large\014.png,global_then_patch,global,1,32.93029998894781,7.605070114135742
0,34,data\raw\mvtec_anomaly_detection\bottle\test\broken_large\014.png,global_then_patch,patch_layer3,2,23.870500037446618,5.050408363342285
0,35,data\raw\mvtec_anomaly_detection\bottle\test\broken_large\015.png,patch_then_global,patch_layer3,1,28.438599896617234,5.04150390625
0,35,data\raw\mvtec_anomaly_detection\bottle\test\broken_large\015.png,patch_then_global,global,2,28.097499976865947,8.56758975982666
0,36,data\raw\mvtec_anomaly_detection\bottle\test\broken_large\016.png,global_then_patch,global,1,27.803500066511333,12.617391586303711
0,36,data\raw\mvtec_anomaly_detection\bottle\test\broken_large\016.png,global_then_patch,patch_layer3,2,23.36170000489801,4.210008144378662
0,37,data\raw\mvtec_anomaly_detection\bottle\test\broken_large\017.png,patch_then_global,patch_layer3,1,25.260800030082464,4.592291355133057
0,37,data\raw\mvtec_anomaly_detection\bottle\test\broken_large\017.png,patch_then_global,global,2,27.94749999884516,11.072623252868652
0,38,data\raw\mvtec_anomaly_detection\bottle\test\broken_large\018.png,global_then_patch,global,1,34.0171999996528,13.511702537536621
0,38,data\raw\mvtec_anomaly_detection\bottle\test\broken_large\018.png,global_then_patch,patch_layer3,2,23.887199931778014,4.579996585845947
0,39,data\raw\mvtec_anomaly_detection\bottle\test\broken_large\019.png,patch_then_global,patch_layer3,1,27.662300039082766,4.464105606079102
0,39,data\raw\mvtec_anomaly_detection\bottle\test\broken_large\019.png,patch_then_global,global,2,30.267000081948936,11.760765075683594
0,40,data\raw\mvtec_anomaly_detection\bottle\test\broken_small\000.png,global_then_patch,global,1,32.44440001435578,4.970335483551025
0,40,data\raw\mvtec_anomaly_detection\bottle\test\broken_small\000.png,global_then_patch,patch_layer3,2,24.1030000615865,3.866772174835205
0,41,data\raw\mvtec_anomaly_detection\bottle\test\broken_small\001.png,patch_then_global,patch_layer3,1,26.090000057592988,5.003524303436279
0,41,data\raw\mvtec_anomaly_detection\bottle\test\broken_small\001.png,patch_then_global,global,2,29.787999927066267,5.714139938354492
0,42,data\raw\mvtec_anomaly_detection\bottle\test\broken_small\002.png,global_then_patch,global,1,30.859900056384504,7.034466743469238
0,42,data\raw\mvtec_anomaly_detection\bottle\test\broken_small\002.png,global_then_patch,patch_layer3,2,25.507800048217177,4.251943588256836
0,43,data\raw\mvtec_anomaly_detection\bottle\test\broken_small\003.png,patch_then_global,patch_layer3,1,29.09450000151992,4.884119510650635
0,43,data\raw\mvtec_anomaly_detection\bottle\test\broken_small\003.png,patch_then_global,global,2,26.943899923935533,10.017216682434082
0,44,data\raw\mvtec_anomaly_detection\bottle\test\broken_small\004.png,global_then_patch,global,1,26.85389993712306,9.319269180297852
0,44,data\raw\mvtec_anomaly_detection\bottle\test\broken_small\004.png,global_then_patch,patch_layer3,2,23.017300060018897,5.898159503936768
0,45,data\raw\mvtec_anomaly_detection\bottle\test\broken_small\005.png,patch_then_global,patch_layer3,1,29.341300018131733,4.653104305267334
0,45,data\raw\mvtec_anomaly_detection\bottle\test\broken_small\005.png,patch_then_global,global,2,26.433699997141957,8.74705982208252
0,46,data\raw\mvtec_anomaly_detection\bottle\test\broken_small\006.png,global_then_patch,global,1,26.711300015449524,8.606796264648438
0,46,data\raw\mvtec_anomaly_detection\bottle\test\broken_small\006.png,global_then_patch,patch_layer3,2,23.8893999485299,4.667858123779297
0,47,data\raw\mvtec_anomaly_detection\bottle\test\broken_small\007.png,patch_then_global,patch_layer3,1,23.781800060532987,3.787731170654297
0,47,data\raw\mvtec_anomaly_detection\bottle\test\broken_small\007.png,patch_then_global,global,2,32.12259989231825,4.218528747558594
0,48,data\raw\mvtec_anomaly_detection\bottle\test\broken_small\008.png,global_then_patch,global,1,33.91130000818521,8.423806190490723
0,48,data\raw\mvtec_anomaly_detection\bottle\test\broken_small\008.png,global_then_patch,patch_layer3,2,24.87630001269281,3.8025622367858887
0,49,data\raw\mvtec_anomaly_detection\bottle\test\broken_small\009.png,patch_then_global,patch_layer3,1,27.749600005336106,4.7039313316345215
0,49,data\raw\mvtec_anomaly_detection\bottle\test\broken_small\009.png,patch_then_global,global,2,28.417599969543517,5.443728446960449
0,50,data\raw\mvtec_anomaly_detection\bottle\test\broken_small\010.png,global_then_patch,global,1,28.39810005389154,7.249805927276611
0,50,data\raw\mvtec_anomaly_detection\bottle\test\broken_small\010.png,global_then_patch,patch_layer3,2,23.771599982865155,4.85495138168335
0,51,data\raw\mvtec_anomaly_detection\bottle\test\broken_small\011.png,patch_then_global,patch_layer3,1,26.16479992866516,4.319806098937988
0,51,data\raw\mvtec_anomaly_detection\bottle\test\broken_small\011.png,patch_then_global,global,2,30.97880003042519,5.453526020050049
0,52,data\raw\mvtec_anomaly_detection\bottle\test\broken_small\012.png,global_then_patch,global,1,31.538599985651672,10.35854721069336
0,52,data\raw\mvtec_anomaly_detection\bottle\test\broken_small\012.png,global_then_patch,patch_layer3,2,24.027799954637885,4.648650169372559
0,53,data\raw\mvtec_anomaly_detection\bottle\test\broken_small\013.png,patch_then_global,patch_layer3,1,28.40990002732724,4.230384349822998
0,53,data\raw\mvtec_anomaly_detection\bottle\test\broken_small\013.png,patch_then_global,global,2,32.97029994428158,5.407527923583984
0,54,data\raw\mvtec_anomaly_detection\bottle\test\broken_small\014.png,global_then_patch,global,1,32.30410011019558,5.148087024688721
0,54,data\raw\mvtec_anomaly_detection\bottle\test\broken_small\014.png,global_then_patch,patch_layer3,2,24.14679992944002,4.00904655456543
0,55,data\raw\mvtec_anomaly_detection\bottle\test\broken_small\015.png,patch_then_global,patch_layer3,1,25.949900038540363,3.8369622230529785
0,55,data\raw\mvtec_anomaly_detection\bottle\test\broken_small\015.png,patch_then_global,global,2,31.670500058680773,6.720308780670166
0,56,data\raw\mvtec_anomaly_detection\bottle\test\broken_small\016.png,global_then_patch,global,1,29.324300005100667,5.688437461853027
0,56,data\raw\mvtec_anomaly_detection\bottle\test\broken_small\016.png,global_then_patch,patch_layer3,2,26.905199978500605,5.2383341789245605
0,57,data\raw\mvtec_anomaly_detection\bottle\test\broken_small\017.png,patch_then_global,patch_layer3,1,25.453399983234704,5.041371822357178
0,57,data\raw\mvtec_anomaly_detection\bottle\test\broken_small\017.png,patch_then_global,global,2,29.11659993696958,6.591011047363281
0,58,data\raw\mvtec_anomaly_detection\bottle\test\broken_small\018.png,global_then_patch,global,1,29.93330010212958,7.843886852264404
0,58,data\raw\mvtec_anomaly_detection\bottle\test\broken_small\018.png,global_then_patch,patch_layer3,2,27.426499989815056,5.599959850311279
0,59,data\raw\mvtec_anomaly_detection\bottle\test\broken_small\019.png,patch_then_global,patch_layer3,1,25.219400064088404,5.2333831787109375
0,59,data\raw\mvtec_anomaly_detection\bottle\test\broken_small\019.png,patch_then_global,global,2,36.16129991132766,7.604405403137207
0,60,data\raw\mvtec_anomaly_detection\bottle\test\broken_small\020.png,global_then_patch,global,1,37.51449997071177,5.945611000061035
0,60,data\raw\mvtec_anomaly_detection\bottle\test\broken_small\020.png,global_then_patch,patch_layer3,2,24.370500002987683,4.951473236083984
0,61,data\raw\mvtec_anomaly_detection\bottle\test\broken_small\021.png,patch_then_global,patch_layer3,1,23.427399923093617,4.783029556274414
0,61,data\raw\mvtec_anomaly_detection\bottle\test\broken_small\021.png,patch_then_global,global,2,27.20670006237924,5.120784759521484
0,62,data\raw\mvtec_anomaly_detection\bottle\test\contamination\000.png,global_then_patch,global,1,30.316099990159273,11.471765518188477
0,62,data\raw\mvtec_anomaly_detection\bottle\test\contamination\000.png,global_then_patch,patch_layer3,2,26.317200041376054,3.85286808013916
0,63,data\raw\mvtec_anomaly_detection\bottle\test\contamination\001.png,patch_then_global,patch_layer3,1,24.922899901866913,3.246551513671875
0,63,data\raw\mvtec_anomaly_detection\bottle\test\contamination\001.png,patch_then_global,global,2,27.19350007828325,7.652298927307129
0,64,data\raw\mvtec_anomaly_detection\bottle\test\contamination\002.png,global_then_patch,global,1,29.357199906371534,7.044688701629639
0,64,data\raw\mvtec_anomaly_detection\bottle\test\contamination\002.png,global_then_patch,patch_layer3,2,28.311200090683997,3.703580856323242
0,65,data\raw\mvtec_anomaly_detection\bottle\test\contamination\003.png,patch_then_global,patch_layer3,1,26.113900006748736,3.0024991035461426
0,65,data\raw\mvtec_anomaly_detection\bottle\test\contamination\003.png,patch_then_global,global,2,30.544400098733604,4.69280481338501
0,66,data\raw\mvtec_anomaly_detection\bottle\test\contamination\004.png,global_then_patch,global,1,34.006400033831596,5.177974224090576
0,66,data\raw\mvtec_anomaly_detection\bottle\test\contamination\004.png,global_then_patch,patch_layer3,2,28.4939999692142,3.210782527923584
0,67,data\raw\mvtec_anomaly_detection\bottle\test\contamination\005.png,patch_then_global,patch_layer3,1,26.57849993556738,4.765796184539795
0,67,data\raw\mvtec_anomaly_detection\bottle\test\contamination\005.png,patch_then_global,global,2,29.625099967233837,13.80826187133789
0,68,data\raw\mvtec_anomaly_detection\bottle\test\contamination\006.png,global_then_patch,global,1,32.27259998675436,13.871113777160645
0,68,data\raw\mvtec_anomaly_detection\bottle\test\contamination\006.png,global_then_patch,patch_layer3,2,28.46599998883903,3.7494707107543945
0,69,data\raw\mvtec_anomaly_detection\bottle\test\contamination\007.png,patch_then_global,patch_layer3,1,27.909500058740377,5.8186140060424805
0,69,data\raw\mvtec_anomaly_detection\bottle\test\contamination\007.png,patch_then_global,global,2,32.173699932172894,12.646900177001953
0,70,data\raw\mvtec_anomaly_detection\bottle\test\contamination\008.png,global_then_patch,global,1,30.478499946184456,13.780010223388672
0,70,data\raw\mvtec_anomaly_detection\bottle\test\contamination\008.png,global_then_patch,patch_layer3,2,28.378400020301342,4.308222770690918
0,71,data\raw\mvtec_anomaly_detection\bottle\test\contamination\009.png,patch_then_global,patch_layer3,1,26.425399933941662,4.494120121002197
0,71,data\raw\mvtec_anomaly_detection\bottle\test\contamination\009.png,patch_then_global,global,2,32.36449998803437,10.758851051330566
0,72,data\raw\mvtec_anomaly_detection\bottle\test\contamination\010.png,global_then_patch,global,1,33.79719995427877,14.978759765625
0,72,data\raw\mvtec_anomaly_detection\bottle\test\contamination\010.png,global_then_patch,patch_layer3,2,29.352499986998737,4.349096775054932
0,73,data\raw\mvtec_anomaly_detection\bottle\test\contamination\011.png,patch_then_global,patch_layer3,1,27.407599962316453,4.035783290863037
0,73,data\raw\mvtec_anomaly_detection\bottle\test\contamination\011.png,patch_then_global,global,2,30.89729999192059,11.607462882995605
0,74,data\raw\mvtec_anomaly_detection\bottle\test\contamination\012.png,global_then_patch,global,1,41.13350005354732,14.590178489685059
0,74,data\raw\mvtec_anomaly_detection\bottle\test\contamination\012.png,global_then_patch,patch_layer3,2,28.589499997906387,3.4791982173919678
0,75,data\raw\mvtec_anomaly_detection\bottle\test\contamination\013.png,patch_then_global,patch_layer3,1,30.060700024478137,4.929323196411133
0,75,data\raw\mvtec_anomaly_detection\bottle\test\contamination\013.png,patch_then_global,global,2,36.608300055377185,11.32228946685791
0,76,data\raw\mvtec_anomaly_detection\bottle\test\contamination\014.png,global_then_patch,global,1,30.159799964167178,6.655355453491211
0,76,data\raw\mvtec_anomaly_detection\bottle\test\contamination\014.png,global_then_patch,patch_layer3,2,27.57099992595613,2.977785587310791
0,77,data\raw\mvtec_anomaly_detection\bottle\test\contamination\015.png,patch_then_global,patch_layer3,1,31.123399967327714,4.451267242431641
0,77,data\raw\mvtec_anomaly_detection\bottle\test\contamination\015.png,patch_then_global,global,2,29.359100037254393,11.90401554107666
0,78,data\raw\mvtec_anomaly_detection\bottle\test\contamination\016.png,global_then_patch,global,1,28.00950000528246,9.378031730651855
0,78,data\raw\mvtec_anomaly_detection\bottle\test\contamination\016.png,global_then_patch,patch_layer3,2,24.171900004148483,3.4147942066192627
0,79,data\raw\mvtec_anomaly_detection\bottle\test\contamination\017.png,patch_then_global,patch_layer3,1,24.407199933193624,5.81524133682251
0,79,data\raw\mvtec_anomaly_detection\bottle\test\contamination\017.png,patch_then_global,global,2,27.619500062428415,12.318655014038086
0,80,data\raw\mvtec_anomaly_detection\bottle\test\contamination\018.png,global_then_patch,global,1,27.226999984122813,6.627110958099365
0,80,data\raw\mvtec_anomaly_detection\bottle\test\contamination\018.png,global_then_patch,patch_layer3,2,23.55190005619079,4.973021984100342
0,81,data\raw\mvtec_anomaly_detection\bottle\test\contamination\019.png,patch_then_global,patch_layer3,1,25.285000097937882,3.1189873218536377
0,81,data\raw\mvtec_anomaly_detection\bottle\test\contamination\019.png,patch_then_global,global,2,33.114499994553626,4.945805072784424
0,82,data\raw\mvtec_anomaly_detection\bottle\test\contamination\020.png,global_then_patch,global,1,31.237400020472705,12.403044700622559
0,82,data\raw\mvtec_anomaly_detection\bottle\test\contamination\020.png,global_then_patch,patch_layer3,2,27.603100053966045,3.1803042888641357
1,0,data\raw\mvtec_anomaly_detection\bottle\test\good\000.png,patch_then_global,patch_layer3,1,25.70399991236627,2.6770708560943604
1,0,data\raw\mvtec_anomaly_detection\bottle\test\good\000.png,patch_then_global,global,2,31.048899982124567,4.017111778259277
1,1,data\raw\mvtec_anomaly_detection\bottle\test\good\001.png,global_then_patch,global,1,29.93740001693368,3.3643033504486084
1,1,data\raw\mvtec_anomaly_detection\bottle\test\good\001.png,global_then_patch,patch_layer3,2,25.651599979028106,2.681241273880005
1,2,data\raw\mvtec_anomaly_detection\bottle\test\good\002.png,patch_then_global,patch_layer3,1,24.94160004425794,2.7068002223968506
1,2,data\raw\mvtec_anomaly_detection\bottle\test\good\002.png,patch_then_global,global,2,31.485899933613837,4.055006504058838
1,3,data\raw\mvtec_anomaly_detection\bottle\test\good\003.png,global_then_patch,global,1,34.273400087840855,4.034146308898926
1,3,data\raw\mvtec_anomaly_detection\bottle\test\good\003.png,global_then_patch,patch_layer3,2,27.33979991171509,2.7398006916046143
1,4,data\raw\mvtec_anomaly_detection\bottle\test\good\004.png,patch_then_global,patch_layer3,1,28.516800026409328,2.6961357593536377
1,4,data\raw\mvtec_anomaly_detection\bottle\test\good\004.png,patch_then_global,global,2,32.97579998616129,3.626999616622925
1,5,data\raw\mvtec_anomaly_detection\bottle\test\good\005.png,global_then_patch,global,1,32.92630007490516,3.4188554286956787
1,5,data\raw\mvtec_anomaly_detection\bottle\test\good\005.png,global_then_patch,patch_layer3,2,26.199499960057437,2.7214548587799072
1,6,data\raw\mvtec_anomaly_detection\bottle\test\good\006.png,patch_then_global,patch_layer3,1,29.53589998651296,2.781585693359375
1,6,data\raw\mvtec_anomaly_detection\bottle\test\good\006.png,patch_then_global,global,2,33.631599973887205,7.6024603843688965
1,7,data\raw\mvtec_anomaly_detection\bottle\test\good\007.png,global_then_patch,global,1,31.466700020246208,3.7244253158569336
1,7,data\raw\mvtec_anomaly_detection\bottle\test\good\007.png,global_then_patch,patch_layer3,2,24.660700000822544,2.7815933227539062
1,8,data\raw\mvtec_anomaly_detection\bottle\test\good\008.png,patch_then_global,patch_layer3,1,26.210000040009618,2.761549234390259
1,8,data\raw\mvtec_anomaly_detection\bottle\test\good\008.png,patch_then_global,global,2,31.368100084364414,4.842831134796143
1,9,data\raw\mvtec_anomaly_detection\bottle\test\good\009.png,global_then_patch,global,1,29.57140002399683,3.3345985412597656
1,9,data\raw\mvtec_anomaly_detection\bottle\test\good\009.png,global_then_patch,patch_layer3,2,25.653699995018542,2.7066855430603027
1,10,data\raw\mvtec_anomaly_detection\bottle\test\good\010.png,patch_then_global,patch_layer3,1,25.33499989658594,2.860560178756714
1,10,data\raw\mvtec_anomaly_detection\bottle\test\good\010.png,patch_then_global,global,2,32.10740000940859,4.065393924713135
1,11,data\raw\mvtec_anomaly_detection\bottle\test\good\011.png,global_then_patch,global,1,32.66619995702058,3.5150983333587646
1,11,data\raw\mvtec_anomaly_detection\bottle\test\good\011.png,global_then_patch,patch_layer3,2,24.969200021587312,2.6874184608459473
1,12,data\raw\mvtec_anomaly_detection\bottle\test\good\012.png,patch_then_global,patch_layer3,1,23.520900052972138,2.7570858001708984
1,12,data\raw\mvtec_anomaly_detection\bottle\test\good\012.png,patch_then_global,global,2,27.601800044067204,3.5498414039611816
1,13,data\raw\mvtec_anomaly_detection\bottle\test\good\013.png,global_then_patch,global,1,28.939299983903766,3.0069215297698975
1,13,data\raw\mvtec_anomaly_detection\bottle\test\good\013.png,global_then_patch,patch_layer3,2,23.53989996481687,2.7480809688568115
1,14,data\raw\mvtec_anomaly_detection\bottle\test\good\014.png,patch_then_global,patch_layer3,1,23.793700034730136,2.782339096069336
1,14,data\raw\mvtec_anomaly_detection\bottle\test\good\014.png,patch_then_global,global,2,27.642000000923872,3.568523645401001
1,15,data\raw\mvtec_anomaly_detection\bottle\test\good\015.png,global_then_patch,global,1,32.904200023040175,4.474905967712402
1,15,data\raw\mvtec_anomaly_detection\bottle\test\good\015.png,global_then_patch,patch_layer3,2,26.117100031115115,2.729416608810425
1,16,data\raw\mvtec_anomaly_detection\bottle\test\good\016.png,patch_then_global,patch_layer3,1,26.28670004196465,2.753270387649536
1,16,data\raw\mvtec_anomaly_detection\bottle\test\good\016.png,patch_then_global,global,2,29.492400004528463,3.8763203620910645
1,17,data\raw\mvtec_anomaly_detection\bottle\test\good\017.png,global_then_patch,global,1,31.942400033585727,3.6931324005126953
1,17,data\raw\mvtec_anomaly_detection\bottle\test\good\017.png,global_then_patch,patch_layer3,2,26.186899980530143,2.791172742843628
1,18,data\raw\mvtec_anomaly_detection\bottle\test\good\018.png,patch_then_global,patch_layer3,1,23.520100046880543,2.7120490074157715
1,18,data\raw\mvtec_anomaly_detection\bottle\test\good\018.png,patch_then_global,global,2,31.837399932555854,4.722544193267822
1,19,data\raw\mvtec_anomaly_detection\bottle\test\good\019.png,global_then_patch,global,1,29.82449997216463,4.360477447509766
1,19,data\raw\mvtec_anomaly_detection\bottle\test\good\019.png,global_then_patch,patch_layer3,2,26.488299947232008,2.826977014541626
1,20,data\raw\mvtec_anomaly_detection\bottle\test\broken_large\000.png,patch_then_global,patch_layer3,1,26.689400081522763,4.441296100616455
1,20,data\raw\mvtec_anomaly_detection\bottle\test\broken_large\000.png,patch_then_global,global,2,31.75680001731962,10.836048126220703
1,21,data\raw\mvtec_anomaly_detection\bottle\test\broken_large\001.png,global_then_patch,global,1,32.24269999191165,10.990410804748535
1,21,data\raw\mvtec_anomaly_detection\bottle\test\broken_large\001.png,global_then_patch,patch_layer3,2,25.648599956184626,4.98638391494751
1,22,data\raw\mvtec_anomaly_detection\bottle\test\broken_large\002.png,patch_then_global,patch_layer3,1,25.201399927027524,4.023044586181641
1,22,data\raw\mvtec_anomaly_detection\bottle\test\broken_large\002.png,patch_then_global,global,2,29.441899969242513,13.59360408782959
1,23,data\raw\mvtec_anomaly_detection\bottle\test\broken_large\003.png,global_then_patch,global,1,31.01719997357577,14.632072448730469
1,23,data\raw\mvtec_anomaly_detection\bottle\test\broken_large\003.png,global_then_patch,patch_layer3,2,30.00710008200258,4.895201683044434
1,24,data\raw\mvtec_anomaly_detection\bottle\test\broken_large\004.png,patch_then_global,patch_layer3,1,27.31299994047731,5.267384052276611
1,24,data\raw\mvtec_anomaly_detection\bottle\test\broken_large\004.png,patch_then_global,global,2,33.15189993008971,7.8201904296875
1,25,data\raw\mvtec_anomaly_detection\bottle\test\broken_large\005.png,global_then_patch,global,1,32.38360001705587,5.357264041900635
1,25,data\raw\mvtec_anomaly_detection\bottle\test\broken_large\005.png,global_then_patch,patch_layer3,2,25.51449998281896,4.60845422744751
1,26,data\raw\mvtec_anomaly_detection\bottle\test\broken_large\006.png,patch_then_global,patch_layer3,1,24.140900000929832,5.1306610107421875
1,26,data\raw\mvtec_anomaly_detection\bottle\test\broken_large\006.png,patch_then_global,global,2,31.680800020694733,11.094615936279297
1,27,data\raw\mvtec_anomaly_detection\bottle\test\broken_large\007.png,global_then_patch,global,1,30.044800019823015,12.122001647949219
1,27,data\raw\mvtec_anomaly_detection\bottle\test\broken_large\007.png,global_then_patch,patch_layer3,2,26.160100009292364,3.9215714931488037
1,28,data\raw\mvtec_anomaly_detection\bottle\test\broken_large\008.png,patch_then_global,patch_layer3,1,25.917400023899972,5.351531505584717
1,28,data\raw\mvtec_anomaly_detection\bottle\test\broken_large\008.png,patch_then_global,global,2,30.25559999514371,12.101668357849121
1,29,data\raw\mvtec_anomaly_detection\bottle\test\broken_large\009.png,global_then_patch,global,1,28.21910008788109,6.9920148849487305
1,29,data\raw\mvtec_anomaly_detection\bottle\test\broken_large\009.png,global_then_patch,patch_layer3,2,23.382100043818355,4.5694146156311035
1,30,data\raw\mvtec_anomaly_detection\bottle\test\broken_large\010.png,patch_then_global,patch_layer3,1,23.693100083619356,4.809571743011475
1,30,data\raw\mvtec_anomaly_detection\bottle\test\broken_large\010.png,patch_then_global,global,2,27.81430003233254,9.243770599365234
1,31,data\raw\mvtec_anomaly_detection\bottle\test\broken_large\011.png,global_then_patch,global,1,27.76820003055036,7.065303325653076
1,31,data\raw\mvtec_anomaly_detection\bottle\test\broken_large\011.png,global_then_patch,patch_layer3,2,23.868200019933283,4.734049320220947
1,32,data\raw\mvtec_anomaly_detection\bottle\test\broken_large\012.png,patch_then_global,patch_layer3,1,23.857200052589178,4.992427825927734
1,32,data\raw\mvtec_anomaly_detection\bottle\test\broken_large\012.png,patch_then_global,global,2,40.808700025081635,8.313075065612793
1,33,data\raw\mvtec_anomaly_detection\bottle\test\broken_large\013.png,global_then_patch,global,1,32.27500000502914,12.109010696411133
1,33,data\raw\mvtec_anomaly_detection\bottle\test\broken_large\013.png,global_then_patch,patch_layer3,2,26.75329998601228,4.03297233581543
1,34,data\raw\mvtec_anomaly_detection\bottle\test\broken_large\014.png,patch_then_global,patch_layer3,1,26.127199991606176,5.050408363342285
1,34,data\raw\mvtec_anomaly_detection\bottle\test\broken_large\014.png,patch_then_global,global,2,32.24229998886585,7.605070114135742
1,35,data\raw\mvtec_anomaly_detection\bottle\test\broken_large\015.png,global_then_patch,global,1,30.31960001681,8.56758975982666
1,35,data\raw\mvtec_anomaly_detection\bottle\test\broken_large\015.png,global_then_patch,patch_layer3,2,26.476999977603555,5.04150390625
1,36,data\raw\mvtec_anomaly_detection\bottle\test\broken_large\016.png,patch_then_global,patch_layer3,1,29.383000102825463,4.210008144378662
1,36,data\raw\mvtec_anomaly_detection\bottle\test\broken_large\016.png,patch_then_global,global,2,33.3325999090448,12.617391586303711
1,37,data\raw\mvtec_anomaly_detection\bottle\test\broken_large\017.png,global_then_patch,global,1,34.63839995674789,11.072623252868652
1,37,data\raw\mvtec_anomaly_detection\bottle\test\broken_large\017.png,global_then_patch,patch_layer3,2,27.223299955949187,4.592291355133057
1,38,data\raw\mvtec_anomaly_detection\bottle\test\broken_large\018.png,patch_then_global,patch_layer3,1,25.993899907916784,4.579996585845947
1,38,data\raw\mvtec_anomaly_detection\bottle\test\broken_large\018.png,patch_then_global,global,2,29.584300005808473,13.511702537536621
1,39,data\raw\mvtec_anomaly_detection\bottle\test\broken_large\019.png,global_then_patch,global,1,33.05620001628995,11.760765075683594
1,39,data\raw\mvtec_anomaly_detection\bottle\test\broken_large\019.png,global_then_patch,patch_layer3,2,27.869899990037084,4.464105606079102
1,40,data\raw\mvtec_anomaly_detection\bottle\test\broken_small\000.png,patch_then_global,patch_layer3,1,26.276699965819716,3.866772174835205
1,40,data\raw\mvtec_anomaly_detection\bottle\test\broken_small\000.png,patch_then_global,global,2,31.965500093065202,4.970335483551025
1,41,data\raw\mvtec_anomaly_detection\bottle\test\broken_small\001.png,global_then_patch,global,1,30.912599992007017,5.714139938354492
1,41,data\raw\mvtec_anomaly_detection\bottle\test\broken_small\001.png,global_then_patch,patch_layer3,2,28.30470004118979,5.003524303436279
1,42,data\raw\mvtec_anomaly_detection\bottle\test\broken_small\002.png,patch_then_global,patch_layer3,1,29.10769998561591,4.251943588256836
1,42,data\raw\mvtec_anomaly_detection\bottle\test\broken_small\002.png,patch_then_global,global,2,34.71649996936321,7.034466743469238
1,43,data\raw\mvtec_anomaly_detection\bottle\test\broken_small\003.png,global_then_patch,global,1,35.47120001167059,10.017216682434082
1,43,data\raw\mvtec_anomaly_detection\bottle\test\broken_small\003.png,global_then_patch,patch_layer3,2,29.349399963393807,4.884119510650635
1,44,data\raw\mvtec_anomaly_detection\bottle\test\broken_small\004.png,patch_then_global,patch_layer3,1,26.91640006378293,5.898159503936768
1,44,data\raw\mvtec_anomaly_detection\bottle\test\broken_small\004.png,patch_then_global,global,2,32.85979991778731,9.319269180297852
1,45,data\raw\mvtec_anomaly_detection\bottle\test\broken_small\005.png,global_then_patch,global,1,34.708800027146935,8.74705982208252
1,45,data\raw\mvtec_anomaly_detection\bottle\test\broken_small\005.png,global_then_patch,patch_layer3,2,25.506399921141565,4.653104305267334
1,46,data\raw\mvtec_anomaly_detection\bottle\test\broken_small\006.png,patch_then_global,patch_layer3,1,23.762700031511486,4.667858123779297
1,46,data\raw\mvtec_anomaly_detection\bottle\test\broken_small\006.png,patch_then_global,global,2,27.870100107975304,8.606796264648438
1,47,data\raw\mvtec_anomaly_detection\bottle\test\broken_small\007.png,global_then_patch,global,1,31.42780007328838,4.218528747558594
1,47,data\raw\mvtec_anomaly_detection\bottle\test\broken_small\007.png,global_then_patch,patch_layer3,2,25.39610001258552,3.787731170654297
1,48,data\raw\mvtec_anomaly_detection\bottle\test\broken_small\008.png,patch_then_global,patch_layer3,1,24.177500046789646,3.8025622367858887
1,48,data\raw\mvtec_anomaly_detection\bottle\test\broken_small\008.png,patch_then_global,global,2,27.971800067462027,8.423806190490723
1,49,data\raw\mvtec_anomaly_detection\bottle\test\broken_small\009.png,global_then_patch,global,1,30.973199987784028,5.443728446960449
1,49,data\raw\mvtec_anomaly_detection\bottle\test\broken_small\009.png,global_then_patch,patch_layer3,2,26.946399942971766,4.7039313316345215
1,50,data\raw\mvtec_anomaly_detection\bottle\test\broken_small\010.png,patch_then_global,patch_layer3,1,26.145600015297532,4.85495138168335
1,50,data\raw\mvtec_anomaly_detection\bottle\test\broken_small\010.png,patch_then_global,global,2,34.81129999272525,7.249805927276611
1,51,data\raw\mvtec_anomaly_detection\bottle\test\broken_small\011.png,global_then_patch,global,1,35.488400026224554,5.453526020050049
1,51,data\raw\mvtec_anomaly_detection\bottle\test\broken_small\011.png,global_then_patch,patch_layer3,2,29.320000088773668,4.319806098937988
1,52,data\raw\mvtec_anomaly_detection\bottle\test\broken_small\012.png,patch_then_global,patch_layer3,1,26.89269999973476,4.648650169372559
1,52,data\raw\mvtec_anomaly_detection\bottle\test\broken_small\012.png,patch_then_global,global,2,32.94960001949221,10.35854721069336
1,53,data\raw\mvtec_anomaly_detection\bottle\test\broken_small\013.png,global_then_patch,global,1,31.21439996175468,5.407527923583984
1,53,data\raw\mvtec_anomaly_detection\bottle\test\broken_small\013.png,global_then_patch,patch_layer3,2,24.888900108635426,4.230384349822998
1,54,data\raw\mvtec_anomaly_detection\bottle\test\broken_small\014.png,patch_then_global,patch_layer3,1,25.836000102572143,4.00904655456543
1,54,data\raw\mvtec_anomaly_detection\bottle\test\broken_small\014.png,patch_then_global,global,2,31.810299959033728,5.148087024688721
1,55,data\raw\mvtec_anomaly_detection\bottle\test\broken_small\015.png,global_then_patch,global,1,30.158999958075583,6.720308780670166
1,55,data\raw\mvtec_anomaly_detection\bottle\test\broken_small\015.png,global_then_patch,patch_layer3,2,26.1428999947384,3.8369622230529785
1,56,data\raw\mvtec_anomaly_detection\bottle\test\broken_small\016.png,patch_then_global,patch_layer3,1,27.90009998716414,5.2383341789245605
1,56,data\raw\mvtec_anomaly_detection\bottle\test\broken_small\016.png,patch_then_global,global,2,32.71370008587837,5.688437461853027
1,57,data\raw\mvtec_anomaly_detection\bottle\test\broken_small\017.png,global_then_patch,global,1,30.565000022761524,6.591011047363281
1,57,data\raw\mvtec_anomaly_detection\bottle\test\broken_small\017.png,global_then_patch,patch_layer3,2,26.90729999449104,5.041371822357178
1,58,data\raw\mvtec_anomaly_detection\bottle\test\broken_small\018.png,patch_then_global,patch_layer3,1,25.856100022792816,5.599959850311279
1,58,data\raw\mvtec_anomaly_detection\bottle\test\broken_small\018.png,patch_then_global,global,2,34.680599928833544,7.843886852264404
1,59,data\raw\mvtec_anomaly_detection\bottle\test\broken_small\019.png,global_then_patch,global,1,33.77600002568215,7.604405403137207
1,59,data\raw\mvtec_anomaly_detection\bottle\test\broken_small\019.png,global_then_patch,patch_layer3,2,28.77979993354529,5.2333831787109375
1,60,data\raw\mvtec_anomaly_detection\bottle\test\broken_small\020.png,patch_then_global,patch_layer3,1,27.020900044590235,4.951473236083984
1,60,data\raw\mvtec_anomaly_detection\bottle\test\broken_small\020.png,patch_then_global,global,2,33.13440002966672,5.945611000061035
1,61,data\raw\mvtec_anomaly_detection\bottle\test\broken_small\021.png,global_then_patch,global,1,34.5272000413388,5.120784759521484
1,61,data\raw\mvtec_anomaly_detection\bottle\test\broken_small\021.png,global_then_patch,patch_layer3,2,28.059500036761165,4.783029556274414
1,62,data\raw\mvtec_anomaly_detection\bottle\test\contamination\000.png,patch_then_global,patch_layer3,1,27.204200043343008,3.85286808013916
1,62,data\raw\mvtec_anomaly_detection\bottle\test\contamination\000.png,patch_then_global,global,2,29.632800025865436,11.471765518188477
1,63,data\raw\mvtec_anomaly_detection\bottle\test\contamination\001.png,global_then_patch,global,1,27.866599964909256,7.652298927307129
1,63,data\raw\mvtec_anomaly_detection\bottle\test\contamination\001.png,global_then_patch,patch_layer3,2,26.963999960571527,3.246551513671875
1,64,data\raw\mvtec_anomaly_detection\bottle\test\contamination\002.png,patch_then_global,patch_layer3,1,27.00090000871569,3.703580856323242
1,64,data\raw\mvtec_anomaly_detection\bottle\test\contamination\002.png,patch_then_global,global,2,29.56689998973161,7.044688701629639
1,65,data\raw\mvtec_anomaly_detection\bottle\test\contamination\003.png,global_then_patch,global,1,27.994300005957484,4.69280481338501
1,65,data\raw\mvtec_anomaly_detection\bottle\test\contamination\003.png,global_then_patch,patch_layer3,2,23.968999972566962,3.0024991035461426
1,66,data\raw\mvtec_anomaly_detection\bottle\test\contamination\004.png,patch_then_global,patch_layer3,1,26.430300087668,3.210782527923584
1,66,data\raw\mvtec_anomaly_detection\bottle\test\contamination\004.png,patch_then_global,global,2,32.969700056128204,5.177974224090576
1,67,data\raw\mvtec_anomaly_detection\bottle\test\contamination\005.png,global_then_patch,global,1,34.030399983748794,13.80826187133789
1,67,data\raw\mvtec_anomaly_detection\bottle\test\contamination\005.png,global_then_patch,patch_layer3,2,27.09740004502237,4.765796184539795
1,68,data\raw\mvtec_anomaly_detection\bottle\test\contamination\006.png,patch_then_global,patch_layer3,1,27.118699974380434,3.7494707107543945
1,68,data\raw\mvtec_anomaly_detection\bottle\test\contamination\006.png,patch_then_global,global,2,32.693900051526725,13.871113777160645
1,69,data\raw\mvtec_anomaly_detection\bottle\test\contamination\007.png,global_then_patch,global,1,33.59699994325638,12.646900177001953
1,69,data\raw\mvtec_anomaly_detection\bottle\test\contamination\007.png,global_then_patch,patch_layer3,2,30.293900053948164,5.8186140060424805
1,70,data\raw\mvtec_anomaly_detection\bottle\test\contamination\008.png,patch_then_global,patch_layer3,1,31.1020000372082,4.308222770690918
1,70,data\raw\mvtec_anomaly_detection\bottle\test\contamination\008.png,patch_then_global,global,2,36.933999974280596,13.780010223388672
1,71,data\raw\mvtec_anomaly_detection\bottle\test\contamination\009.png,global_then_patch,global,1,34.076500101946294,10.758851051330566
1,71,data\raw\mvtec_anomaly_detection\bottle\test\contamination\009.png,global_then_patch,patch_layer3,2,26.40670002438128,4.494120121002197
1,72,data\raw\mvtec_anomaly_detection\bottle\test\contamination\010.png,patch_then_global,patch_layer3,1,26.125900098122656,4.349096775054932
1,72,data\raw\mvtec_anomaly_detection\bottle\test\contamination\010.png,patch_then_global,global,2,32.46650006622076,14.978759765625
1,73,data\raw\mvtec_anomaly_detection\bottle\test\contamination\011.png,global_then_patch,global,1,31.45889996085316,11.607462882995605
1,73,data\raw\mvtec_anomaly_detection\bottle\test\contamination\011.png,global_then_patch,patch_layer3,2,27.510900050401688,4.035783290863037
1,74,data\raw\mvtec_anomaly_detection\bottle\test\contamination\012.png,patch_then_global,patch_layer3,1,27.397500001825392,3.4791982173919678
1,74,data\raw\mvtec_anomaly_detection\bottle\test\contamination\012.png,patch_then_global,global,2,33.01329992245883,14.590178489685059
1,75,data\raw\mvtec_anomaly_detection\bottle\test\contamination\013.png,global_then_patch,global,1,32.60719997342676,11.32228946685791
1,75,data\raw\mvtec_anomaly_detection\bottle\test\contamination\013.png,global_then_patch,patch_layer3,2,26.808899943716824,4.929323196411133
1,76,data\raw\mvtec_anomaly_detection\bottle\test\contamination\014.png,patch_then_global,patch_layer3,1,26.36979997623712,2.977785587310791
1,76,data\raw\mvtec_anomaly_detection\bottle\test\contamination\014.png,patch_then_global,global,2,30.752600054256618,6.655355453491211
1,77,data\raw\mvtec_anomaly_detection\bottle\test\contamination\015.png,global_then_patch,global,1,32.65080007258803,11.90401554107666
1,77,data\raw\mvtec_anomaly_detection\bottle\test\contamination\015.png,global_then_patch,patch_layer3,2,26.543600019067526,4.451267242431641
1,78,data\raw\mvtec_anomaly_detection\bottle\test\contamination\016.png,patch_then_global,patch_layer3,1,26.650100015103817,3.4147942066192627
1,78,data\raw\mvtec_anomaly_detection\bottle\test\contamination\016.png,patch_then_global,global,2,30.214500031434,9.378031730651855
1,79,data\raw\mvtec_anomaly_detection\bottle\test\contamination\017.png,global_then_patch,global,1,29.10190005786717,12.318655014038086
1,79,data\raw\mvtec_anomaly_detection\bottle\test\contamination\017.png,global_then_patch,patch_layer3,2,23.858800064772367,5.81524133682251
1,80,data\raw\mvtec_anomaly_detection\bottle\test\contamination\018.png,patch_then_global,patch_layer3,1,23.651900002732873,4.973021984100342
1,80,data\raw\mvtec_anomaly_detection\bottle\test\contamination\018.png,patch_then_global,global,2,27.9799000127241,6.627110958099365
1,81,data\raw\mvtec_anomaly_detection\bottle\test\contamination\019.png,global_then_patch,global,1,28.01300003193319,4.945805072784424
1,81,data\raw\mvtec_anomaly_detection\bottle\test\contamination\019.png,global_then_patch,patch_layer3,2,23.63469998817891,3.1189873218536377
1,82,data\raw\mvtec_anomaly_detection\bottle\test\contamination\020.png,patch_then_global,patch_layer3,1,23.912399890832603,3.1803042888641357
1,82,data\raw\mvtec_anomaly_detection\bottle\test\contamination\020.png,patch_then_global,global,2,29.026599950157106,12.403044700622559
2,0,data\raw\mvtec_anomaly_detection\bottle\test\good\000.png,global_then_patch,global,1,35.335499909706414,4.017111778259277
2,0,data\raw\mvtec_anomaly_detection\bottle\test\good\000.png,global_then_patch,patch_layer3,2,27.360999956727028,2.6770708560943604
2,1,data\raw\mvtec_anomaly_detection\bottle\test\good\001.png,patch_then_global,patch_layer3,1,26.130700018256903,2.681241273880005
2,1,data\raw\mvtec_anomaly_detection\bottle\test\good\001.png,patch_then_global,global,2,32.45060006156564,3.3643033504486084
2,2,data\raw\mvtec_anomaly_detection\bottle\test\good\002.png,global_then_patch,global,1,31.57930006273091,4.055006504058838
2,2,data\raw\mvtec_anomaly_detection\bottle\test\good\002.png,global_then_patch,patch_layer3,2,26.152599952183664,2.7068002223968506
2,3,data\raw\mvtec_anomaly_detection\bottle\test\good\003.png,patch_then_global,patch_layer3,1,27.40670007187873,2.7398006916046143
2,3,data\raw\mvtec_anomaly_detection\bottle\test\good\003.png,patch_then_global,global,2,32.74619998410344,4.034146308898926
2,4,data\raw\mvtec_anomaly_detection\bottle\test\good\004.png,global_then_patch,global,1,33.10180001426488,3.626999616622925
2,4,data\raw\mvtec_anomaly_detection\bottle\test\good\004.png,global_then_patch,patch_layer3,2,27.277300017885864,2.6961357593536377
2,5,data\raw\mvtec_anomaly_detection\bottle\test\good\005.png,patch_then_global,patch_layer3,1,29.896200052462518,2.7214548587799072
2,5,data\raw\mvtec_anomaly_detection\bottle\test\good\005.png,patch_then_global,global,2,32.918899902142584,3.4188554286956787
2,6,data\raw\mvtec_anomaly_detection\bottle\test\good\006.png,global_then_patch,global,1,32.3983000125736,7.6024603843688965
2,6,data\raw\mvtec_anomaly_detection\bottle\test\good\006.png,global_then_patch,patch_layer3,2,26.82719996664673,2.781585693359375
2,7,data\raw\mvtec_anomaly_detection\bottle\test\good\007.png,patch_then_global,patch_layer3,1,26.832700008526444,2.7815933227539062
2,7,data\raw\mvtec_anomaly_detection\bottle\test\good\007.png,patch_then_global,global,2,30.448200064711273,3.7244253158569336
2,8,data\raw\mvtec_anomaly_detection\bottle\test\good\008.png,global_then_patch,global,1,32.48689998872578,4.842831134796143
2,8,data\raw\mvtec_anomaly_detection\bottle\test\good\008.png,global_then_patch,patch_layer3,2,26.593800052069128,2.761549234390259
2,9,data\raw\mvtec_anomaly_detection\bottle\test\good\009.png,patch_then_global,patch_layer3,1,27.047300012782216,2.7066855430603027
2,9,data\raw\mvtec_anomaly_detection\bottle\test\good\009.png,patch_then_global,global,2,35.261199926026165,3.3345985412597656
2,10,data\raw\mvtec_anomaly_detection\bottle\test\good\010.png,global_then_patch,global,1,33.40299997944385,4.065393924713135
2,10,data\raw\mvtec_anomaly_detection\bottle\test\good\010.png,global_then_patch,patch_layer3,2,26.461099972948432,2.860560178756714
2,11,data\raw\mvtec_anomaly_detection\bottle\test\good\011.png,patch_then_global,patch_layer3,1,23.976300028152764,2.6874184608459473
2,11,data\raw\mvtec_anomaly_detection\bottle\test\good\011.png,patch_then_global,global,2,33.75970001798123,3.5150983333587646
2,12,data\raw\mvtec_anomaly_detection\bottle\test\good\012.png,global_then_patch,global,1,34.199299989268184,3.5498414039611816
2,12,data\raw\mvtec_anomaly_detection\bottle\test\good\012.png,global_then_patch,patch_layer3,2,27.27479999884963,2.7570858001708984
2,13,data\raw\mvtec_anomaly_detection\bottle\test\good\013.png,patch_then_global,patch_layer3,1,24.91429995279759,2.7480809688568115
2,13,data\raw\mvtec_anomaly_detection\bottle\test\good\013.png,patch_then_global,global,2,28.232800075784326,3.0069215297698975
2,14,data\raw\mvtec_anomaly_detection\bottle\test\good\014.png,global_then_patch,global,1,28.568000067025423,3.568523645401001
2,14,data\raw\mvtec_anomaly_detection\bottle\test\good\014.png,global_then_patch,patch_layer3,2,24.576099938713014,2.782339096069336
2,15,data\raw\mvtec_anomaly_detection\bottle\test\good\015.png,patch_then_global,patch_layer3,1,24.37680005095899,2.729416608810425
2,15,data\raw\mvtec_anomaly_detection\bottle\test\good\015.png,patch_then_global,global,2,28.607900021597743,4.474905967712402
2,16,data\raw\mvtec_anomaly_detection\bottle\test\good\016.png,global_then_patch,global,1,28.812200063839555,3.8763203620910645
2,16,data\raw\mvtec_anomaly_detection\bottle\test\good\016.png,global_then_patch,patch_layer3,2,26.709400000981987,2.753270387649536
2,17,data\raw\mvtec_anomaly_detection\bottle\test\good\017.png,patch_then_global,patch_layer3,1,28.765899944119155,2.791172742843628
2,17,data\raw\mvtec_anomaly_detection\bottle\test\good\017.png,patch_then_global,global,2,32.679200056008995,3.6931324005126953
2,18,data\raw\mvtec_anomaly_detection\bottle\test\good\018.png,global_then_patch,global,1,31.382399960421026,4.722544193267822
2,18,data\raw\mvtec_anomaly_detection\bottle\test\good\018.png,global_then_patch,patch_layer3,2,26.887199957855046,2.7120490074157715
2,19,data\raw\mvtec_anomaly_detection\bottle\test\good\019.png,patch_then_global,patch_layer3,1,25.527499965392053,2.826977014541626
2,19,data\raw\mvtec_anomaly_detection\bottle\test\good\019.png,patch_then_global,global,2,31.66039998177439,4.360477447509766
2,20,data\raw\mvtec_anomaly_detection\bottle\test\broken_large\000.png,global_then_patch,global,1,31.5654999576509,10.836048126220703
2,20,data\raw\mvtec_anomaly_detection\bottle\test\broken_large\000.png,global_then_patch,patch_layer3,2,27.947800001129508,4.441296100616455
2,21,data\raw\mvtec_anomaly_detection\bottle\test\broken_large\001.png,patch_then_global,patch_layer3,1,28.940799995325506,4.98638391494751
2,21,data\raw\mvtec_anomaly_detection\bottle\test\broken_large\001.png,patch_then_global,global,2,35.619799979031086,10.990410804748535
2,22,data\raw\mvtec_anomaly_detection\bottle\test\broken_large\002.png,global_then_patch,global,1,35.6991000007838,13.59360408782959
2,22,data\raw\mvtec_anomaly_detection\bottle\test\broken_large\002.png,global_then_patch,patch_layer3,2,29.469699948094785,4.023044586181641
2,23,data\raw\mvtec_anomaly_detection\bottle\test\broken_large\003.png,patch_then_global,patch_layer3,1,27.071600081399083,4.895201683044434
2,23,data\raw\mvtec_anomaly_detection\bottle\test\broken_large\003.png,patch_then_global,global,2,33.111800090409815,14.632072448730469
2,24,data\raw\mvtec_anomaly_detection\bottle\test\broken_large\004.png,global_then_patch,global,1,33.4341999841854,7.8201904296875
2,24,data\raw\mvtec_anomaly_detection\bottle\test\broken_large\004.png,global_then_patch,patch_layer3,2,28.604299994185567,5.267384052276611
2,25,data\raw\mvtec_anomaly_detection\bottle\test\broken_large\005.png,patch_then_global,patch_layer3,1,27.411599992774427,4.60845422744751
2,25,data\raw\mvtec_anomaly_detection\bottle\test\broken_large\005.png,patch_then_global,global,2,32.17759996186942,5.357264041900635
2,26,data\raw\mvtec_anomaly_detection\bottle\test\broken_large\006.png,global_then_patch,global,1,32.862599939107895,11.094615936279297
2,26,data\raw\mvtec_anomaly_detection\bottle\test\broken_large\006.png,global_then_patch,patch_layer3,2,26.290200068615377,5.1306610107421875
2,27,data\raw\mvtec_anomaly_detection\bottle\test\broken_large\007.png,patch_then_global,patch_layer3,1,24.257499957457185,3.9215714931488037
2,27,data\raw\mvtec_anomaly_detection\bottle\test\broken_large\007.png,patch_then_global,global,2,32.08969999104738,12.122001647949219
2,28,data\raw\mvtec_anomaly_detection\bottle\test\broken_large\008.png,global_then_patch,global,1,39.152099983766675,12.101668357849121
2,28,data\raw\mvtec_anomaly_detection\bottle\test\broken_large\008.png,global_then_patch,patch_layer3,2,30.041299993172288,5.351531505584717
2,29,data\raw\mvtec_anomaly_detection\bottle\test\broken_large\009.png,patch_then_global,patch_layer3,1,28.87670008931309,4.5694146156311035
2,29,data\raw\mvtec_anomaly_detection\bottle\test\broken_large\009.png,patch_then_global,global,2,31.32079995702952,6.9920148849487305
2,30,data\raw\mvtec_anomaly_detection\bottle\test\broken_large\010.png,global_then_patch,global,1,31.28260001540184,9.243770599365234
2,30,data\raw\mvtec_anomaly_detection\bottle\test\broken_large\010.png,global_then_patch,patch_layer3,2,26.891399989835918,4.809571743011475
2,31,data\raw\mvtec_anomaly_detection\bottle\test\broken_large\011.png,patch_then_global,patch_layer3,1,27.326100040227175,4.734049320220947
2,31,data\raw\mvtec_anomaly_detection\bottle\test\broken_large\011.png,patch_then_global,global,2,31.303100055083632,7.065303325653076
2,32,data\raw\mvtec_anomaly_detection\bottle\test\broken_large\012.png,global_then_patch,global,1,31.482200021855533,8.313075065612793
2,32,data\raw\mvtec_anomaly_detection\bottle\test\broken_large\012.png,global_then_patch,patch_layer3,2,27.670100098475814,4.992427825927734
2,33,data\raw\mvtec_anomaly_detection\bottle\test\broken_large\013.png,patch_then_global,patch_layer3,1,29.004700016230345,4.03297233581543
2,33,data\raw\mvtec_anomaly_detection\bottle\test\broken_large\013.png,patch_then_global,global,2,31.926400028169155,12.109010696411133
2,34,data\raw\mvtec_anomaly_detection\bottle\test\broken_large\014.png,global_then_patch,global,1,32.033300027251244,7.605070114135742
2,34,data\raw\mvtec_anomaly_detection\bottle\test\broken_large\014.png,global_then_patch,patch_layer3,2,27.62119995895773,5.050408363342285
2,35,data\raw\mvtec_anomaly_detection\bottle\test\broken_large\015.png,patch_then_global,patch_layer3,1,27.19499997328967,5.04150390625
2,35,data\raw\mvtec_anomaly_detection\bottle\test\broken_large\015.png,patch_then_global,global,2,32.11090003605932,8.56758975982666
2,36,data\raw\mvtec_anomaly_detection\bottle\test\broken_large\016.png,global_then_patch,global,1,35.74840002693236,12.617391586303711
2,36,data\raw\mvtec_anomaly_detection\bottle\test\broken_large\016.png,global_then_patch,patch_layer3,2,27.752599911764264,4.210008144378662
2,37,data\raw\mvtec_anomaly_detection\bottle\test\broken_large\017.png,patch_then_global,patch_layer3,1,26.544899912551045,4.592291355133057
2,37,data\raw\mvtec_anomaly_detection\bottle\test\broken_large\017.png,patch_then_global,global,2,33.74510002322495,11.072623252868652
2,38,data\raw\mvtec_anomaly_detection\bottle\test\broken_large\018.png,global_then_patch,global,1,35.06949997972697,13.511702537536621
2,38,data\raw\mvtec_anomaly_detection\bottle\test\broken_large\018.png,global_then_patch,patch_layer3,2,27.64059999026358,4.579996585845947
2,39,data\raw\mvtec_anomaly_detection\bottle\test\broken_large\019.png,patch_then_global,patch_layer3,1,26.97580005042255,4.464105606079102
2,39,data\raw\mvtec_anomaly_detection\bottle\test\broken_large\019.png,patch_then_global,global,2,33.302399911917746,11.760765075683594
2,40,data\raw\mvtec_anomaly_detection\bottle\test\broken_small\000.png,global_then_patch,global,1,34.27509998437017,4.970335483551025
2,40,data\raw\mvtec_anomaly_detection\bottle\test\broken_small\000.png,global_then_patch,patch_layer3,2,27.064599911682308,3.866772174835205
2,41,data\raw\mvtec_anomaly_detection\bottle\test\broken_small\001.png,patch_then_global,patch_layer3,1,27.52969996072352,5.003524303436279
2,41,data\raw\mvtec_anomaly_detection\bottle\test\broken_small\001.png,patch_then_global,global,2,33.56279991567135,5.714139938354492
2,42,data\raw\mvtec_anomaly_detection\bottle\test\broken_small\002.png,global_then_patch,global,1,34.856799989938736,7.034466743469238
2,42,data\raw\mvtec_anomaly_detection\bottle\test\broken_small\002.png,global_then_patch,patch_layer3,2,27.44239999447018,4.251943588256836
2,43,data\raw\mvtec_anomaly_detection\bottle\test\broken_small\003.png,patch_then_global,patch_layer3,1,26.52990003116429,4.884119510650635
2,43,data\raw\mvtec_anomaly_detection\bottle\test\broken_small\003.png,patch_then_global,global,2,34.40720005892217,10.017216682434082
2,44,data\raw\mvtec_anomaly_detection\bottle\test\broken_small\004.png,global_then_patch,global,1,32.63649996370077,9.319269180297852
2,44,data\raw\mvtec_anomaly_detection\bottle\test\broken_small\004.png,global_then_patch,patch_layer3,2,27.005399926565588,5.898159503936768
2,45,data\raw\mvtec_anomaly_detection\bottle\test\broken_small\005.png,patch_then_global,patch_layer3,1,26.698300032876432,4.653104305267334
2,45,data\raw\mvtec_anomaly_detection\bottle\test\broken_small\005.png,patch_then_global,global,2,30.207499978132546,8.74705982208252
2,46,data\raw\mvtec_anomaly_detection\bottle\test\broken_small\006.png,global_then_patch,global,1,28.791800024919212,8.606796264648438
2,46,data\raw\mvtec_anomaly_detection\bottle\test\broken_small\006.png,global_then_patch,patch_layer3,2,24.215100100263953,4.667858123779297
2,47,data\raw\mvtec_anomaly_detection\bottle\test\broken_small\007.png,patch_then_global,patch_layer3,1,24.163300055079162,3.787731170654297
2,47,data\raw\mvtec_anomaly_detection\bottle\test\broken_small\007.png,patch_then_global,global,2,30.665699974633753,4.218528747558594
2,48,data\raw\mvtec_anomaly_detection\bottle\test\broken_small\008.png,global_then_patch,global,1,30.067899962887168,8.423806190490723
2,48,data\raw\mvtec_anomaly_detection\bottle\test\broken_small\008.png,global_then_patch,patch_layer3,2,24.466199916787446,3.8025622367858887
2,49,data\raw\mvtec_anomaly_detection\bottle\test\broken_small\009.png,patch_then_global,patch_layer3,1,24.306199979037046,4.7039313316345215
2,49,data\raw\mvtec_anomaly_detection\bottle\test\broken_small\009.png,patch_then_global,global,2,32.294000033289194,5.443728446960449
2,50,data\raw\mvtec_anomaly_detection\bottle\test\broken_small\010.png,global_then_patch,global,1,33.747400040738285,7.249805927276611
2,50,data\raw\mvtec_anomaly_detection\bottle\test\broken_small\010.png,global_then_patch,patch_layer3,2,27.353100012987852,4.85495138168335
2,51,data\raw\mvtec_anomaly_detection\bottle\test\broken_small\011.png,patch_then_global,patch_layer3,1,28.04839995224029,4.319806098937988
2,51,data\raw\mvtec_anomaly_detection\bottle\test\broken_small\011.png,patch_then_global,global,2,33.06379995774478,5.453526020050049
2,52,data\raw\mvtec_anomaly_detection\bottle\test\broken_small\012.png,global_then_patch,global,1,32.71990001667291,10.35854721069336
2,52,data\raw\mvtec_anomaly_detection\bottle\test\broken_small\012.png,global_then_patch,patch_layer3,2,27.151499991305172,4.648650169372559
2,53,data\raw\mvtec_anomaly_detection\bottle\test\broken_small\013.png,patch_then_global,patch_layer3,1,26.574500021524727,4.230384349822998
2,53,data\raw\mvtec_anomaly_detection\bottle\test\broken_small\013.png,patch_then_global,global,2,35.010999999940395,5.407527923583984
2,54,data\raw\mvtec_anomaly_detection\bottle\test\broken_small\014.png,global_then_patch,global,1,36.0962999984622,5.148087024688721
2,54,data\raw\mvtec_anomaly_detection\bottle\test\broken_small\014.png,global_then_patch,patch_layer3,2,28.200200060382485,4.00904655456543
2,55,data\raw\mvtec_anomaly_detection\bottle\test\broken_small\015.png,patch_then_global,patch_layer3,1,26.709600002504885,3.8369622230529785
2,55,data\raw\mvtec_anomaly_detection\bottle\test\broken_small\015.png,patch_then_global,global,2,33.60540000721812,6.720308780670166
2,56,data\raw\mvtec_anomaly_detection\bottle\test\broken_small\016.png,global_then_patch,global,1,34.23860005568713,5.688437461853027
2,56,data\raw\mvtec_anomaly_detection\bottle\test\broken_small\016.png,global_then_patch,patch_layer3,2,27.508600032888353,5.2383341789245605
2,57,data\raw\mvtec_anomaly_detection\bottle\test\broken_small\017.png,patch_then_global,patch_layer3,1,27.364599984139204,5.041371822357178
2,57,data\raw\mvtec_anomaly_detection\bottle\test\broken_small\017.png,patch_then_global,global,2,37.406699964776635,6.591011047363281
2,58,data\raw\mvtec_anomaly_detection\bottle\test\broken_small\018.png,global_then_patch,global,1,32.61160000693053,7.843886852264404
2,58,data\raw\mvtec_anomaly_detection\bottle\test\broken_small\018.png,global_then_patch,patch_layer3,2,30.084500089287758,5.599959850311279
2,59,data\raw\mvtec_anomaly_detection\bottle\test\broken_small\019.png,patch_then_global,patch_layer3,1,32.953000045381486,5.2333831787109375
2,59,data\raw\mvtec_anomaly_detection\bottle\test\broken_small\019.png,patch_then_global,global,2,35.6753000523895,7.604405403137207
2,60,data\raw\mvtec_anomaly_detection\bottle\test\broken_small\020.png,global_then_patch,global,1,36.22210002504289,5.945611000061035
2,60,data\raw\mvtec_anomaly_detection\bottle\test\broken_small\020.png,global_then_patch,patch_layer3,2,26.97400003671646,4.951473236083984
2,61,data\raw\mvtec_anomaly_detection\bottle\test\broken_small\021.png,patch_then_global,patch_layer3,1,27.758699958212674,4.783029556274414
2,61,data\raw\mvtec_anomaly_detection\bottle\test\broken_small\021.png,patch_then_global,global,2,33.53010001592338,5.120784759521484
2,62,data\raw\mvtec_anomaly_detection\bottle\test\contamination\000.png,global_then_patch,global,1,28.825700050219893,11.471765518188477
2,62,data\raw\mvtec_anomaly_detection\bottle\test\contamination\000.png,global_then_patch,patch_layer3,2,24.041800061240792,3.85286808013916
2,63,data\raw\mvtec_anomaly_detection\bottle\test\contamination\001.png,patch_then_global,patch_layer3,1,24.16649996303022,3.246551513671875
2,63,data\raw\mvtec_anomaly_detection\bottle\test\contamination\001.png,patch_then_global,global,2,28.275699936784804,7.652298927307129
2,64,data\raw\mvtec_anomaly_detection\bottle\test\contamination\002.png,global_then_patch,global,1,28.220599982887506,7.044688701629639
2,64,data\raw\mvtec_anomaly_detection\bottle\test\contamination\002.png,global_then_patch,patch_layer3,2,23.688800050877035,3.703580856323242
2,65,data\raw\mvtec_anomaly_detection\bottle\test\contamination\003.png,patch_then_global,patch_layer3,1,24.097400018945336,3.0024991035461426
2,65,data\raw\mvtec_anomaly_detection\bottle\test\contamination\003.png,patch_then_global,global,2,33.006600104272366,4.69280481338501
2,66,data\raw\mvtec_anomaly_detection\bottle\test\contamination\004.png,global_then_patch,global,1,37.77149994857609,5.177974224090576
2,66,data\raw\mvtec_anomaly_detection\bottle\test\contamination\004.png,global_then_patch,patch_layer3,2,28.788499999791384,3.210782527923584
2,67,data\raw\mvtec_anomaly_detection\bottle\test\contamination\005.png,patch_then_global,patch_layer3,1,41.7874000268057,4.765796184539795
2,67,data\raw\mvtec_anomaly_detection\bottle\test\contamination\005.png,patch_then_global,global,2,44.312700047157705,13.80826187133789
2,68,data\raw\mvtec_anomaly_detection\bottle\test\contamination\006.png,global_then_patch,global,1,35.35649995319545,13.871113777160645
2,68,data\raw\mvtec_anomaly_detection\bottle\test\contamination\006.png,global_then_patch,patch_layer3,2,27.371900039725006,3.7494707107543945
2,69,data\raw\mvtec_anomaly_detection\bottle\test\contamination\007.png,patch_then_global,patch_layer3,1,27.353900019079447,5.8186140060424805
2,69,data\raw\mvtec_anomaly_detection\bottle\test\contamination\007.png,patch_then_global,global,2,33.453100011684,12.646900177001953
2,70,data\raw\mvtec_anomaly_detection\bottle\test\contamination\008.png,global_then_patch,global,1,33.378500025719404,13.780010223388672
2,70,data\raw\mvtec_anomaly_detection\bottle\test\contamination\008.png,global_then_patch,patch_layer3,2,26.315600029192865,4.308222770690918
2,71,data\raw\mvtec_anomaly_detection\bottle\test\contamination\009.png,patch_then_global,patch_layer3,1,26.92990005016327,4.494120121002197
2,71,data\raw\mvtec_anomaly_detection\bottle\test\contamination\009.png,patch_then_global,global,2,30.115399975329638,10.758851051330566
2,72,data\raw\mvtec_anomaly_detection\bottle\test\contamination\010.png,global_then_patch,global,1,32.73189999163151,14.978759765625
2,72,data\raw\mvtec_anomaly_detection\bottle\test\contamination\010.png,global_then_patch,patch_layer3,2,26.81440010201186,4.349096775054932
2,73,data\raw\mvtec_anomaly_detection\bottle\test\contamination\011.png,patch_then_global,patch_layer3,1,26.312300004065037,4.035783290863037
2,73,data\raw\mvtec_anomaly_detection\bottle\test\contamination\011.png,patch_then_global,global,2,31.885300064459443,11.607462882995605
2,74,data\raw\mvtec_anomaly_detection\bottle\test\contamination\012.png,global_then_patch,global,1,31.340899993665516,14.590178489685059
2,74,data\raw\mvtec_anomaly_detection\bottle\test\contamination\012.png,global_then_patch,patch_layer3,2,26.555099990218878,3.4791982173919678
2,75,data\raw\mvtec_anomaly_detection\bottle\test\contamination\013.png,patch_then_global,patch_layer3,1,26.660199975594878,4.929323196411133
2,75,data\raw\mvtec_anomaly_detection\bottle\test\contamination\013.png,patch_then_global,global,2,32.14939997997135,11.32228946685791
2,76,data\raw\mvtec_anomaly_detection\bottle\test\contamination\014.png,global_then_patch,global,1,37.79099998064339,6.655355453491211
2,76,data\raw\mvtec_anomaly_detection\bottle\test\contamination\014.png,global_then_patch,patch_layer3,2,28.13709992915392,2.977785587310791
2,77,data\raw\mvtec_anomaly_detection\bottle\test\contamination\015.png,patch_then_global,patch_layer3,1,27.026499970816076,4.451267242431641
2,77,data\raw\mvtec_anomaly_detection\bottle\test\contamination\015.png,patch_then_global,global,2,33.160399994812906,11.90401554107666
2,78,data\raw\mvtec_anomaly_detection\bottle\test\contamination\016.png,global_then_patch,global,1,34.46899994742125,9.378031730651855
2,78,data\raw\mvtec_anomaly_detection\bottle\test\contamination\016.png,global_then_patch,patch_layer3,2,27.407200075685978,3.4147942066192627
2,79,data\raw\mvtec_anomaly_detection\bottle\test\contamination\017.png,patch_then_global,patch_layer3,1,26.162799913436174,5.81524133682251
2,79,data\raw\mvtec_anomaly_detection\bottle\test\contamination\017.png,patch_then_global,global,2,28.707999968901277,12.318655014038086
2,80,data\raw\mvtec_anomaly_detection\bottle\test\contamination\018.png,global_then_patch,global,1,29.127400019206107,6.627110958099365
2,80,data\raw\mvtec_anomaly_detection\bottle\test\contamination\018.png,global_then_patch,patch_layer3,2,24.18259996920824,4.973021984100342
2,81,data\raw\mvtec_anomaly_detection\bottle\test\contamination\019.png,patch_then_global,patch_layer3,1,24.461799999698997,3.1189873218536377
2,81,data\raw\mvtec_anomaly_detection\bottle\test\contamination\019.png,patch_then_global,global,2,29.32249999139458,4.945805072784424
2,82,data\raw\mvtec_anomaly_detection\bottle\test\contamination\020.png,global_then_patch,global,1,32.25769998971373,12.403044700622559
2,82,data\raw\mvtec_anomaly_detection\bottle\test\contamination\020.png,global_then_patch,patch_layer3,2,25.33799991942942,3.1803042888641357
3,0,data\raw\mvtec_anomaly_detection\bottle\test\good\000.png,patch_then_global,patch_layer3,1,27.874700026586652,2.6770708560943604
3,0,data\raw\mvtec_anomaly_detection\bottle\test\good\000.png,patch_then_global,global,2,31.80420002900064,4.017111778259277
3,1,data\raw\mvtec_anomaly_detection\bottle\test\good\001.png,global_then_patch,global,1,33.477800083346665,3.3643033504486084
3,1,data\raw\mvtec_anomaly_detection\bottle\test\good\001.png,global_then_patch,patch_layer3,2,30.12400004081428,2.681241273880005
3,2,data\raw\mvtec_anomaly_detection\bottle\test\good\002.png,patch_then_global,patch_layer3,1,30.868800007738173,2.7068002223968506
3,2,data\raw\mvtec_anomaly_detection\bottle\test\good\002.png,patch_then_global,global,2,38.9964000787586,4.055006504058838
3,3,data\raw\mvtec_anomaly_detection\bottle\test\good\003.png,global_then_patch,global,1,35.60790000483394,4.034146308898926
3,3,data\raw\mvtec_anomaly_detection\bottle\test\good\003.png,global_then_patch,patch_layer3,2,31.38339996803552,2.7398006916046143
3,4,data\raw\mvtec_anomaly_detection\bottle\test\good\004.png,patch_then_global,patch_layer3,1,26.165399933233857,2.6961357593536377
3,4,data\raw\mvtec_anomaly_detection\bottle\test\good\004.png,patch_then_global,global,2,32.93770004529506,3.626999616622925
3,5,data\raw\mvtec_anomaly_detection\bottle\test\good\005.png,global_then_patch,global,1,33.67729997262359,3.4188554286956787
3,5,data\raw\mvtec_anomaly_detection\bottle\test\good\005.png,global_then_patch,patch_layer3,2,36.934099975042045,2.7214548587799072
3,6,data\raw\mvtec_anomaly_detection\bottle\test\good\006.png,patch_then_global,patch_layer3,1,25.474799913354218,2.781585693359375
3,6,data\raw\mvtec_anomaly_detection\bottle\test\good\006.png,patch_then_global,global,2,33.16089999862015,7.6024603843688965
3,7,data\raw\mvtec_anomaly_detection\bottle\test\good\007.png,global_then_patch,global,1,34.06770003493875,3.7244253158569336
3,7,data\raw\mvtec_anomaly_detection\bottle\test\good\007.png,global_then_patch,patch_layer3,2,28.40230008587241,2.7815933227539062
3,8,data\raw\mvtec_anomaly_detection\bottle\test\good\008.png,patch_then_global,patch_layer3,1,27.36800001002848,2.761549234390259
3,8,data\raw\mvtec_anomaly_detection\bottle\test\good\008.png,patch_then_global,global,2,36.29630000796169,4.842831134796143
3,9,data\raw\mvtec_anomaly_detection\bottle\test\good\009.png,global_then_patch,global,1,30.984199955128133,3.3345985412597656
3,9,data\raw\mvtec_anomaly_detection\bottle\test\good\009.png,global_then_patch,patch_layer3,2,27.69859996624291,2.7066855430603027
3,10,data\raw\mvtec_anomaly_detection\bottle\test\good\010.png,patch_then_global,patch_layer3,1,27.534399996511638,2.860560178756714
3,10,data\raw\mvtec_anomaly_detection\bottle\test\good\010.png,patch_then_global,global,2,33.88150001410395,4.065393924713135
3,11,data\raw\mvtec_anomaly_detection\bottle\test\good\011.png,global_then_patch,global,1,34.160499926656485,3.5150983333587646
3,11,data\raw\mvtec_anomaly_detection\bottle\test\good\011.png,global_then_patch,patch_layer3,2,25.982199935242534,2.6874184608459473
3,12,data\raw\mvtec_anomaly_detection\bottle\test\good\012.png,patch_then_global,patch_layer3,1,24.770300020463765,2.7570858001708984
3,12,data\raw\mvtec_anomaly_detection\bottle\test\good\012.png,patch_then_global,global,2,28.808800037950277,3.5498414039611816
3,13,data\raw\mvtec_anomaly_detection\bottle\test\good\013.png,global_then_patch,global,1,29.08509992994368,3.0069215297698975
3,13,data\raw\mvtec_anomaly_detection\bottle\test\good\013.png,global_then_patch,patch_layer3,2,24.205099907703698,2.7480809688568115
3,14,data\raw\mvtec_anomaly_detection\bottle\test\good\014.png,patch_then_global,patch_layer3,1,24.653000058606267,2.782339096069336
3,14,data\raw\mvtec_anomaly_detection\bottle\test\good\014.png,patch_then_global,global,2,29.87790002953261,3.568523645401001
3,15,data\raw\mvtec_anomaly_detection\bottle\test\good\015.png,global_then_patch,global,1,36.366599961183965,4.474905967712402
3,15,data\raw\mvtec_anomaly_detection\bottle\test\good\015.png,global_then_patch,patch_layer3,2,29.101500054821372,2.729416608810425
3,16,data\raw\mvtec_anomaly_detection\bottle\test\good\016.png,patch_then_global,patch_layer3,1,30.873500043526292,2.753270387649536
3,16,data\raw\mvtec_anomaly_detection\bottle\test\good\016.png,patch_then_global,global,2,35.958200111053884,3.8763203620910645
3,17,data\raw\mvtec_anomaly_detection\bottle\test\good\017.png,global_then_patch,global,1,33.49449997767806,3.6931324005126953
3,17,data\raw\mvtec_anomaly_detection\bottle\test\good\017.png,global_then_patch,patch_layer3,2,27.034100028686225,2.791172742843628
3,18,data\raw\mvtec_anomaly_detection\bottle\test\good\018.png,patch_then_global,patch_layer3,1,27.066700044088066,2.7120490074157715
3,18,data\raw\mvtec_anomaly_detection\bottle\test\good\018.png,patch_then_global,global,2,33.34449999965727,4.722544193267822
3,19,data\raw\mvtec_anomaly_detection\bottle\test\good\019.png,global_then_patch,global,1,32.9739999724552,4.360477447509766
3,19,data\raw\mvtec_anomaly_detection\bottle\test\good\019.png,global_then_patch,patch_layer3,2,27.914599981158972,2.826977014541626
3,20,data\raw\mvtec_anomaly_detection\bottle\test\broken_large\000.png,patch_then_global,patch_layer3,1,25.882399990223348,4.441296100616455
3,20,data\raw\mvtec_anomaly_detection\bottle\test\broken_large\000.png,patch_then_global,global,2,32.51069993712008,10.836048126220703
3,21,data\raw\mvtec_anomaly_detection\bottle\test\broken_large\001.png,global_then_patch,global,1,34.000599989667535,10.990410804748535
3,21,data\raw\mvtec_anomaly_detection\bottle\test\broken_large\001.png,global_then_patch,patch_layer3,2,27.8323000529781,4.98638391494751
3,22,data\raw\mvtec_anomaly_detection\bottle\test\broken_large\002.png,patch_then_global,patch_layer3,1,26.988199912011623,4.023044586181641
3,22,data\raw\mvtec_anomaly_detection\bottle\test\broken_large\002.png,patch_then_global,global,2,33.72839989606291,13.59360408782959
3,23,data\raw\mvtec_anomaly_detection\bottle\test\broken_large\003.png,global_then_patch,global,1,34.286800073459744,14.632072448730469
3,23,data\raw\mvtec_anomaly_detection\bottle\test\broken_large\003.png,global_then_patch,patch_layer3,2,26.550699956715107,4.895201683044434
3,24,data\raw\mvtec_anomaly_detection\bottle\test\broken_large\004.png,patch_then_global,patch_layer3,1,28.12080003786832,5.267384052276611
3,24,data\raw\mvtec_anomaly_detection\bottle\test\broken_large\004.png,patch_then_global,global,2,33.145900000818074,7.8201904296875
3,25,data\raw\mvtec_anomaly_detection\bottle\test\broken_large\005.png,global_then_patch,global,1,34.51370005495846,5.357264041900635
3,25,data\raw\mvtec_anomaly_detection\bottle\test\broken_large\005.png,global_then_patch,patch_layer3,2,26.807099930010736,4.60845422744751
3,26,data\raw\mvtec_anomaly_detection\bottle\test\broken_large\006.png,patch_then_global,patch_layer3,1,26.346300030127168,5.1306610107421875
3,26,data\raw\mvtec_anomaly_detection\bottle\test\broken_large\006.png,patch_then_global,global,2,33.354699960909784,11.094615936279297
3,27,data\raw\mvtec_anomaly_detection\bottle\test\broken_large\007.png,global_then_patch,global,1,33.06940000038594,12.122001647949219
3,27,data\raw\mvtec_anomaly_detection\bottle\test\broken_large\007.png,global_then_patch,patch_layer3,2,28.08939991518855,3.9215714931488037
3,28,data\raw\mvtec_anomaly_detection\bottle\test\broken_large\008.png,patch_then_global,patch_layer3,1,27.174600050784647,5.351531505584717
3,28,data\raw\mvtec_anomaly_detection\bottle\test\broken_large\008.png,patch_then_global,global,2,28.309799963608384,12.101668357849121
3,29,data\raw\mvtec_anomaly_detection\bottle\test\broken_large\009.png,global_then_patch,global,1,28.746699914336205,6.9920148849487305
3,29,data\raw\mvtec_anomaly_detection\bottle\test\broken_large\009.png,global_then_patch,patch_layer3,2,24.346700054593384,4.5694146156311035
3,30,data\raw\mvtec_anomaly_detection\bottle\test\broken_large\010.png,patch_then_global,patch_layer3,1,24.018800002522767,4.809571743011475
3,30,data\raw\mvtec_anomaly_detection\bottle\test\broken_large\010.png,patch_then_global,global,2,28.296799981035292,9.243770599365234
3,31,data\raw\mvtec_anomaly_detection\bottle\test\broken_large\011.png,global_then_patch,global,1,28.896300005726516,7.065303325653076
3,31,data\raw\mvtec_anomaly_detection\bottle\test\broken_large\011.png,global_then_patch,patch_layer3,2,24.85679998062551,4.734049320220947
3,32,data\raw\mvtec_anomaly_detection\bottle\test\broken_large\012.png,patch_then_global,patch_layer3,1,28.836200013756752,4.992427825927734
3,32,data\raw\mvtec_anomaly_detection\bottle\test\broken_large\012.png,patch_then_global,global,2,31.665200018323958,8.313075065612793
3,33,data\raw\mvtec_anomaly_detection\bottle\test\broken_large\013.png,global_then_patch,global,1,32.750300015322864,12.109010696411133
3,33,data\raw\mvtec_anomaly_detection\bottle\test\broken_large\013.png,global_then_patch,patch_layer3,2,27.899499982595444,4.03297233581543
3,34,data\raw\mvtec_anomaly_detection\bottle\test\broken_large\014.png,patch_then_global,patch_layer3,1,28.236099984496832,5.050408363342285
3,34,data\raw\mvtec_anomaly_detection\bottle\test\broken_large\014.png,patch_then_global,global,2,34.282699925825,7.605070114135742
3,35,data\raw\mvtec_anomaly_detection\bottle\test\broken_large\015.png,global_then_patch,global,1,34.16719997767359,8.56758975982666
3,35,data\raw\mvtec_anomaly_detection\bottle\test\broken_large\015.png,global_then_patch,patch_layer3,2,26.987200020812452,5.04150390625
3,36,data\raw\mvtec_anomaly_detection\bottle\test\broken_large\016.png,patch_then_global,patch_layer3,1,26.33280004374683,4.210008144378662
3,36,data\raw\mvtec_anomaly_detection\bottle\test\broken_large\016.png,patch_then_global,global,2,32.10459998808801,12.617391586303711
3,37,data\raw\mvtec_anomaly_detection\bottle\test\broken_large\017.png,global_then_patch,global,1,31.89859993290156,11.072623252868652
3,37,data\raw\mvtec_anomaly_detection\bottle\test\broken_large\017.png,global_then_patch,patch_layer3,2,25.869700009934604,4.592291355133057
3,38,data\raw\mvtec_anomaly_detection\bottle\test\broken_large\018.png,patch_then_global,patch_layer3,1,26.158399996347725,4.579996585845947
3,38,data\raw\mvtec_anomaly_detection\bottle\test\broken_large\018.png,patch_then_global,global,2,32.27809991221875,13.511702537536621
3,39,data\raw\mvtec_anomaly_detection\bottle\test\broken_large\019.png,global_then_patch,global,1,30.89150006417185,11.760765075683594
3,39,data\raw\mvtec_anomaly_detection\bottle\test\broken_large\019.png,global_then_patch,patch_layer3,2,26.909400010481477,4.464105606079102
3,40,data\raw\mvtec_anomaly_detection\bottle\test\broken_small\000.png,patch_then_global,patch_layer3,1,31.17169998586178,3.866772174835205
3,40,data\raw\mvtec_anomaly_detection\bottle\test\broken_small\000.png,patch_then_global,global,2,38.69929991196841,4.970335483551025
3,41,data\raw\mvtec_anomaly_detection\bottle\test\broken_small\001.png,global_then_patch,global,1,32.12859993800521,5.714139938354492
3,41,data\raw\mvtec_anomaly_detection\bottle\test\broken_small\001.png,global_then_patch,patch_layer3,2,27.554500033147633,5.003524303436279
3,42,data\raw\mvtec_anomaly_detection\bottle\test\broken_small\002.png,patch_then_global,patch_layer3,1,27.521500014699996,4.251943588256836
3,42,data\raw\mvtec_anomaly_detection\bottle\test\broken_small\002.png,patch_then_global,global,2,33.203599974513054,7.034466743469238
3,43,data\raw\mvtec_anomaly_detection\bottle\test\broken_small\003.png,global_then_patch,global,1,33.18500006571412,10.017216682434082
3,43,data\raw\mvtec_anomaly_detection\bottle\test\broken_small\003.png,global_then_patch,patch_layer3,2,27.08230004645884,4.884119510650635
3,44,data\raw\mvtec_anomaly_detection\bottle\test\broken_small\004.png,patch_then_global,patch_layer3,1,26.51739993598312,5.898159503936768
3,44,data\raw\mvtec_anomaly_detection\bottle\test\broken_small\004.png,patch_then_global,global,2,28.761900030076504,9.319269180297852
3,45,data\raw\mvtec_anomaly_detection\bottle\test\broken_small\005.png,global_then_patch,global,1,28.875600080937147,8.74705982208252
3,45,data\raw\mvtec_anomaly_detection\bottle\test\broken_small\005.png,global_then_patch,patch_layer3,2,25.73240001220256,4.653104305267334
3,46,data\raw\mvtec_anomaly_detection\bottle\test\broken_small\006.png,patch_then_global,patch_layer3,1,27.34600007534027,4.667858123779297
3,46,data\raw\mvtec_anomaly_detection\bottle\test\broken_small\006.png,patch_then_global,global,2,28.211000026203692,8.606796264648438
3,47,data\raw\mvtec_anomaly_detection\bottle\test\broken_small\007.png,global_then_patch,global,1,28.6734999390319,4.218528747558594
3,47,data\raw\mvtec_anomaly_detection\bottle\test\broken_small\007.png,global_then_patch,patch_layer3,2,24.226200068369508,3.787731170654297
3,48,data\raw\mvtec_anomaly_detection\bottle\test\broken_small\008.png,patch_then_global,patch_layer3,1,26.22580004390329,3.8025622367858887
3,48,data\raw\mvtec_anomaly_detection\bottle\test\broken_small\008.png,patch_then_global,global,2,33.310400089249015,8.423806190490723
3,49,data\raw\mvtec_anomaly_detection\bottle\test\broken_small\009.png,global_then_patch,global,1,35.14169994741678,5.443728446960449
3,49,data\raw\mvtec_anomaly_detection\bottle\test\broken_small\009.png,global_then_patch,patch_layer3,2,25.89100005570799,4.7039313316345215
3,50,data\raw\mvtec_anomaly_detection\bottle\test\broken_small\010.png,patch_then_global,patch_layer3,1,24.83190002385527,4.85495138168335
3,50,data\raw\mvtec_anomaly_detection\bottle\test\broken_small\010.png,patch_then_global,global,2,33.59379991889,7.249805927276611
3,51,data\raw\mvtec_anomaly_detection\bottle\test\broken_small\011.png,global_then_patch,global,1,33.661600085906684,5.453526020050049
3,51,data\raw\mvtec_anomaly_detection\bottle\test\broken_small\011.png,global_then_patch,patch_layer3,2,28.635499998927116,4.319806098937988
3,52,data\raw\mvtec_anomaly_detection\bottle\test\broken_small\012.png,patch_then_global,patch_layer3,1,26.34879993274808,4.648650169372559
3,52,data\raw\mvtec_anomaly_detection\bottle\test\broken_small\012.png,patch_then_global,global,2,32.38520002923906,10.35854721069336
3,53,data\raw\mvtec_anomaly_detection\bottle\test\broken_small\013.png,global_then_patch,global,1,33.1727999728173,5.407527923583984
3,53,data\raw\mvtec_anomaly_detection\bottle\test\broken_small\013.png,global_then_patch,patch_layer3,2,27.383900014683604,4.230384349822998
3,54,data\raw\mvtec_anomaly_detection\bottle\test\broken_small\014.png,patch_then_global,patch_layer3,1,26.47050004452467,4.00904655456543
3,54,data\raw\mvtec_anomaly_detection\bottle\test\broken_small\014.png,patch_then_global,global,2,30.881399987265468,5.148087024688721
3,55,data\raw\mvtec_anomaly_detection\bottle\test\broken_small\015.png,global_then_patch,global,1,32.27029996924102,6.720308780670166
3,55,data\raw\mvtec_anomaly_detection\bottle\test\broken_small\015.png,global_then_patch,patch_layer3,2,26.318600052036345,3.8369622230529785
3,56,data\raw\mvtec_anomaly_detection\bottle\test\broken_small\016.png,patch_then_global,patch_layer3,1,24.155199993401766,5.2383341789245605
3,56,data\raw\mvtec_anomaly_detection\bottle\test\broken_small\016.png,patch_then_global,global,2,31.963099958375096,5.688437461853027
3,57,data\raw\mvtec_anomaly_detection\bottle\test\broken_small\017.png,global_then_patch,global,1,32.532099983654916,6.591011047363281
3,57,data\raw\mvtec_anomaly_detection\bottle\test\broken_small\017.png,global_then_patch,patch_layer3,2,24.440300068818033,5.041371822357178
3,58,data\raw\mvtec_anomaly_detection\bottle\test\broken_small\018.png,patch_then_global,patch_layer3,1,26.907099992968142,5.599959850311279
3,58,data\raw\mvtec_anomaly_detection\bottle\test\broken_small\018.png,patch_then_global,global,2,31.881800037808716,7.843886852264404
3,59,data\raw\mvtec_anomaly_detection\bottle\test\broken_small\019.png,global_then_patch,global,1,30.820699990727007,7.604405403137207
3,59,data\raw\mvtec_anomaly_detection\bottle\test\broken_small\019.png,global_then_patch,patch_layer3,2,26.251800009049475,5.2333831787109375
3,60,data\raw\mvtec_anomaly_detection\bottle\test\broken_small\020.png,patch_then_global,patch_layer3,1,26.704300078563392,4.951473236083984
3,60,data\raw\mvtec_anomaly_detection\bottle\test\broken_small\020.png,patch_then_global,global,2,32.0944000268355,5.945611000061035
3,61,data\raw\mvtec_anomaly_detection\bottle\test\broken_small\021.png,global_then_patch,global,1,32.42970001883805,5.120784759521484
3,61,data\raw\mvtec_anomaly_detection\bottle\test\broken_small\021.png,global_then_patch,patch_layer3,2,24.315199931152165,4.783029556274414
3,62,data\raw\mvtec_anomaly_detection\bottle\test\contamination\000.png,patch_then_global,patch_layer3,1,23.9904000191018,3.85286808013916
3,62,data\raw\mvtec_anomaly_detection\bottle\test\contamination\000.png,patch_then_global,global,2,28.046299936249852,11.471765518188477
3,63,data\raw\mvtec_anomaly_detection\bottle\test\contamination\001.png,global_then_patch,global,1,28.107699938118458,7.652298927307129
3,63,data\raw\mvtec_anomaly_detection\bottle\test\contamination\001.png,global_then_patch,patch_layer3,2,27.00949995778501,3.246551513671875
3,64,data\raw\mvtec_anomaly_detection\bottle\test\contamination\002.png,patch_then_global,patch_layer3,1,27.424099971540272,3.703580856323242
3,64,data\raw\mvtec_anomaly_detection\bottle\test\contamination\002.png,patch_then_global,global,2,28.34020007867366,7.044688701629639
3,65,data\raw\mvtec_anomaly_detection\bottle\test\contamination\003.png,global_then_patch,global,1,32.610800000838935,4.69280481338501
3,65,data\raw\mvtec_anomaly_detection\bottle\test\contamination\003.png,global_then_patch,patch_layer3,2,27.087699971161783,3.0024991035461426
3,66,data\raw\mvtec_anomaly_detection\bottle\test\contamination\004.png,patch_then_global,patch_layer3,1,25.768800056539476,3.210782527923584
3,66,data\raw\mvtec_anomaly_detection\bottle\test\contamination\004.png,patch_then_global,global,2,31.378300045616925,5.177974224090576
3,67,data\raw\mvtec_anomaly_detection\bottle\test\contamination\005.png,global_then_patch,global,1,33.250799984671175,13.80826187133789
3,67,data\raw\mvtec_anomaly_detection\bottle\test\contamination\005.png,global_then_patch,patch_layer3,2,27.976599987596273,4.765796184539795
3,68,data\raw\mvtec_anomaly_detection\bottle\test\contamination\006.png,patch_then_global,patch_layer3,1,26.245700079016387,3.7494707107543945
3,68,data\raw\mvtec_anomaly_detection\bottle\test\contamination\006.png,patch_then_global,global,2,32.57650008890778,13.871113777160645
3,69,data\raw\mvtec_anomaly_detection\bottle\test\contamination\007.png,global_then_patch,global,1,34.468900063075125,12.646900177001953
3,69,data\raw\mvtec_anomaly_detection\bottle\test\contamination\007.png,global_then_patch,patch_layer3,2,28.233799966983497,5.8186140060424805
3,70,data\raw\mvtec_anomaly_detection\bottle\test\contamination\008.png,patch_then_global,patch_layer3,1,26.592300040647388,4.308222770690918
3,70,data\raw\mvtec_anomaly_detection\bottle\test\contamination\008.png,patch_then_global,global,2,30.29549994971603,13.780010223388672
3,71,data\raw\mvtec_anomaly_detection\bottle\test\contamination\009.png,global_then_patch,global,1,33.29179994761944,10.758851051330566
3,71,data\raw\mvtec_anomaly_detection\bottle\test\contamination\009.png,global_then_patch,patch_layer3,2,26.25809994060546,4.494120121002197
3,72,data\raw\mvtec_anomaly_detection\bottle\test\contamination\010.png,patch_then_global,patch_layer3,1,26.95950004272163,4.349096775054932
3,72,data\raw\mvtec_anomaly_detection\bottle\test\contamination\010.png,patch_then_global,global,2,35.22159997373819,14.978759765625
3,73,data\raw\mvtec_anomaly_detection\bottle\test\contamination\011.png,global_then_patch,global,1,34.77739996742457,11.607462882995605
3,73,data\raw\mvtec_anomaly_detection\bottle\test\contamination\011.png,global_then_patch,patch_layer3,2,27.254599961452186,4.035783290863037
3,74,data\raw\mvtec_anomaly_detection\bottle\test\contamination\012.png,patch_then_global,patch_layer3,1,29.173400020226836,3.4791982173919678
3,74,data\raw\mvtec_anomaly_detection\bottle\test\contamination\012.png,patch_then_global,global,2,30.99350002594292,14.590178489685059
3,75,data\raw\mvtec_anomaly_detection\bottle\test\contamination\013.png,global_then_patch,global,1,32.46449993457645,11.32228946685791
3,75,data\raw\mvtec_anomaly_detection\bottle\test\contamination\013.png,global_then_patch,patch_layer3,2,27.27510000113398,4.929323196411133
3,76,data\raw\mvtec_anomaly_detection\bottle\test\contamination\014.png,patch_then_global,patch_layer3,1,26.816300000064075,2.977785587310791
3,76,data\raw\mvtec_anomaly_detection\bottle\test\contamination\014.png,patch_then_global,global,2,30.399200040847063,6.655355453491211
3,77,data\raw\mvtec_anomaly_detection\bottle\test\contamination\015.png,global_then_patch,global,1,33.15070003736764,11.90401554107666
3,77,data\raw\mvtec_anomaly_detection\bottle\test\contamination\015.png,global_then_patch,patch_layer3,2,26.35770000051707,4.451267242431641
3,78,data\raw\mvtec_anomaly_detection\bottle\test\contamination\016.png,patch_then_global,patch_layer3,1,28.104999917559326,3.4147942066192627
3,78,data\raw\mvtec_anomaly_detection\bottle\test\contamination\016.png,patch_then_global,global,2,28.358699986711144,9.378031730651855
3,79,data\raw\mvtec_anomaly_detection\bottle\test\contamination\017.png,global_then_patch,global,1,28.392500011250377,12.318655014038086
3,79,data\raw\mvtec_anomaly_detection\bottle\test\contamination\017.png,global_then_patch,patch_layer3,2,24.393900064751506,5.81524133682251
3,80,data\raw\mvtec_anomaly_detection\bottle\test\contamination\018.png,patch_then_global,patch_layer3,1,24.48040002491325,4.973021984100342
3,80,data\raw\mvtec_anomaly_detection\bottle\test\contamination\018.png,patch_then_global,global,2,28.002799954265356,6.627110958099365
3,81,data\raw\mvtec_anomaly_detection\bottle\test\contamination\019.png,global_then_patch,global,1,28.195600025355816,4.945805072784424
3,81,data\raw\mvtec_anomaly_detection\bottle\test\contamination\019.png,global_then_patch,patch_layer3,2,24.004300008527935,3.1189873218536377
3,82,data\raw\mvtec_anomaly_detection\bottle\test\contamination\020.png,patch_then_global,patch_layer3,1,27.70289999898523,3.1803042888641357
3,82,data\raw\mvtec_anomaly_detection\bottle\test\contamination\020.png,patch_then_global,global,2,33.31849991809577,12.403044700622559
4,0,data\raw\mvtec_anomaly_detection\bottle\test\good\000.png,global_then_patch,global,1,32.550200005061924,4.017111778259277
4,0,data\raw\mvtec_anomaly_detection\bottle\test\good\000.png,global_then_patch,patch_layer3,2,26.081300107762218,2.6770708560943604
4,1,data\raw\mvtec_anomaly_detection\bottle\test\good\001.png,patch_then_global,patch_layer3,1,26.527000009082258,2.681241273880005
4,1,data\raw\mvtec_anomaly_detection\bottle\test\good\001.png,patch_then_global,global,2,32.26830007042736,3.3643033504486084
4,2,data\raw\mvtec_anomaly_detection\bottle\test\good\002.png,global_then_patch,global,1,32.643700018525124,4.055006504058838
4,2,data\raw\mvtec_anomaly_detection\bottle\test\good\002.png,global_then_patch,patch_layer3,2,28.97879993543029,2.7068002223968506
4,3,data\raw\mvtec_anomaly_detection\bottle\test\good\003.png,patch_then_global,patch_layer3,1,30.038800090551376,2.7398006916046143
4,3,data\raw\mvtec_anomaly_detection\bottle\test\good\003.png,patch_then_global,global,2,35.09279992431402,4.034146308898926
4,4,data\raw\mvtec_anomaly_detection\bottle\test\good\004.png,global_then_patch,global,1,33.952999976463616,3.626999616622925
4,4,data\raw\mvtec_anomaly_detection\bottle\test\good\004.png,global_then_patch,patch_layer3,2,28.778399922885,2.6961357593536377
4,5,data\raw\mvtec_anomaly_detection\bottle\test\good\005.png,patch_then_global,patch_layer3,1,26.457699947059155,2.7214548587799072
4,5,data\raw\mvtec_anomaly_detection\bottle\test\good\005.png,patch_then_global,global,2,33.52310007903725,3.4188554286956787
4,6,data\raw\mvtec_anomaly_detection\bottle\test\good\006.png,global_then_patch,global,1,32.53880003467202,7.6024603843688965
4,6,data\raw\mvtec_anomaly_detection\bottle\test\good\006.png,global_then_patch,patch_layer3,2,27.124600019305944,2.781585693359375
4,7,data\raw\mvtec_anomaly_detection\bottle\test\good\007.png,patch_then_global,patch_layer3,1,26.64840000215918,2.7815933227539062
4,7,data\raw\mvtec_anomaly_detection\bottle\test\good\007.png,patch_then_global,global,2,30.400700052268803,3.7244253158569336
4,8,data\raw\mvtec_anomaly_detection\bottle\test\good\008.png,global_then_patch,global,1,33.7643000530079,4.842831134796143
4,8,data\raw\mvtec_anomaly_detection\bottle\test\good\008.png,global_then_patch,patch_layer3,2,26.64830000139773,2.761549234390259
4,9,data\raw\mvtec_anomaly_detection\bottle\test\good\009.png,patch_then_global,patch_layer3,1,26.398600079119205,2.7066855430603027
4,9,data\raw\mvtec_anomaly_detection\bottle\test\good\009.png,patch_then_global,global,2,32.4720999924466,3.3345985412597656
4,10,data\raw\mvtec_anomaly_detection\bottle\test\good\010.png,global_then_patch,global,1,30.667399987578392,4.065393924713135
4,10,data\raw\mvtec_anomaly_detection\bottle\test\good\010.png,global_then_patch,patch_layer3,2,27.14160003233701,2.860560178756714
4,11,data\raw\mvtec_anomaly_detection\bottle\test\good\011.png,patch_then_global,patch_layer3,1,26.43749990966171,2.6874184608459473
4,11,data\raw\mvtec_anomaly_detection\bottle\test\good\011.png,patch_then_global,global,2,32.93709992431104,3.5150983333587646
4,12,data\raw\mvtec_anomaly_detection\bottle\test\good\012.png,global_then_patch,global,1,32.30489999987185,3.5498414039611816
4,12,data\raw\mvtec_anomaly_detection\bottle\test\good\012.png,global_then_patch,patch_layer3,2,23.82999996189028,2.7570858001708984
4,13,data\raw\mvtec_anomaly_detection\bottle\test\good\013.png,patch_then_global,patch_layer3,1,24.44500010460615,2.7480809688568115
4,13,data\raw\mvtec_anomaly_detection\bottle\test\good\013.png,patch_then_global,global,2,28.587099979631603,3.0069215297698975
4,14,data\raw\mvtec_anomaly_detection\bottle\test\good\014.png,global_then_patch,global,1,32.21470001153648,3.568523645401001
4,14,data\raw\mvtec_anomaly_detection\bottle\test\good\014.png,global_then_patch,patch_layer3,2,24.204200017265975,2.782339096069336
4,15,data\raw\mvtec_anomaly_detection\bottle\test\good\015.png,patch_then_global,patch_layer3,1,24.232199997641146,2.729416608810425
4,15,data\raw\mvtec_anomaly_detection\bottle\test\good\015.png,patch_then_global,global,2,32.966399914585054,4.474905967712402
4,16,data\raw\mvtec_anomaly_detection\bottle\test\good\016.png,global_then_patch,global,1,32.53890003543347,3.8763203620910645
4,16,data\raw\mvtec_anomaly_detection\bottle\test\good\016.png,global_then_patch,patch_layer3,2,28.464300092309713,2.753270387649536
4,17,data\raw\mvtec_anomaly_detection\bottle\test\good\017.png,patch_then_global,patch_layer3,1,28.084799996577203,2.791172742843628
4,17,data\raw\mvtec_anomaly_detection\bottle\test\good\017.png,patch_then_global,global,2,32.14749996550381,3.6931324005126953
4,18,data\raw\mvtec_anomaly_detection\bottle\test\good\018.png,global_then_patch,global,1,33.19109999574721,4.722544193267822
4,18,data\raw\mvtec_anomaly_detection\bottle\test\good\018.png,global_then_patch,patch_layer3,2,30.950400047004223,2.7120490074157715
4,19,data\raw\mvtec_anomaly_detection\bottle\test\good\019.png,patch_then_global,patch_layer3,1,27.004800038412213,2.826977014541626
4,19,data\raw\mvtec_anomaly_detection\bottle\test\good\019.png,patch_then_global,global,2,34.48170004412532,4.360477447509766
4,20,data\raw\mvtec_anomaly_detection\bottle\test\broken_large\000.png,global_then_patch,global,1,37.317999987863004,10.836048126220703
4,20,data\raw\mvtec_anomaly_detection\bottle\test\broken_large\000.png,global_then_patch,patch_layer3,2,27.308200020343065,4.441296100616455
4,21,data\raw\mvtec_anomaly_detection\bottle\test\broken_large\001.png,patch_then_global,patch_layer3,1,29.347400064580142,4.98638391494751
4,21,data\raw\mvtec_anomaly_detection\bottle\test\broken_large\001.png,patch_then_global,global,2,31.475899973884225,10.990410804748535
4,22,data\raw\mvtec_anomaly_detection\bottle\test\broken_large\002.png,global_then_patch,global,1,32.871600007638335,13.59360408782959
4,22,data\raw\mvtec_anomaly_detection\bottle\test\broken_large\002.png,global_then_patch,patch_layer3,2,26.79179992992431,4.023044586181641
4,23,data\raw\mvtec_anomaly_detection\bottle\test\broken_large\003.png,patch_then_global,patch_layer3,1,26.39200002886355,4.895201683044434
4,23,data\raw\mvtec_anomaly_detection\bottle\test\broken_large\003.png,patch_then_global,global,2,42.67660004552454,14.632072448730469
4,24,data\raw\mvtec_anomaly_detection\bottle\test\broken_large\004.png,global_then_patch,global,1,37.781900027766824,7.8201904296875
4,24,data\raw\mvtec_anomaly_detection\bottle\test\broken_large\004.png,global_then_patch,patch_layer3,2,29.14910006802529,5.267384052276611
4,25,data\raw\mvtec_anomaly_detection\bottle\test\broken_large\005.png,patch_then_global,patch_layer3,1,29.33719998691231,4.60845422744751
4,25,data\raw\mvtec_anomaly_detection\bottle\test\broken_large\005.png,patch_then_global,global,2,35.17439996358007,5.357264041900635
4,26,data\raw\mvtec_anomaly_detection\bottle\test\broken_large\006.png,global_then_patch,global,1,34.15730001870543,11.094615936279297
4,26,data\raw\mvtec_anomaly_detection\bottle\test\broken_large\006.png,global_then_patch,patch_layer3,2,30.343799968250096,5.1306610107421875
4,27,data\raw\mvtec_anomaly_detection\bottle\test\broken_large\007.png,patch_then_global,patch_layer3,1,26.02150000166148,3.9215714931488037
4,27,data\raw\mvtec_anomaly_detection\bottle\test\broken_large\007.png,patch_then_global,global,2,32.49360003974289,12.122001647949219
4,28,data\raw\mvtec_anomaly_detection\bottle\test\broken_large\008.png,global_then_patch,global,1,29.420000035315752,12.101668357849121
4,28,data\raw\mvtec_anomaly_detection\bottle\test\broken_large\008.png,global_then_patch,patch_layer3,2,24.19190004002303,5.351531505584717
4,29,data\raw\mvtec_anomaly_detection\bottle\test\broken_large\009.png,patch_then_global,patch_layer3,1,24.09850002732128,4.5694146156311035
4,29,data\raw\mvtec_anomaly_detection\bottle\test\broken_large\009.png,patch_then_global,global,2,29.03029997833073,6.9920148849487305
4,30,data\raw\mvtec_anomaly_detection\bottle\test\broken_large\010.png,global_then_patch,global,1,28.33890006877482,9.243770599365234
4,30,data\raw\mvtec_anomaly_detection\bottle\test\broken_large\010.png,global_then_patch,patch_layer3,2,24.022199911996722,4.809571743011475
4,31,data\raw\mvtec_anomaly_detection\bottle\test\broken_large\011.png,patch_then_global,patch_layer3,1,24.257199955172837,4.734049320220947
4,31,data\raw\mvtec_anomaly_detection\bottle\test\broken_large\011.png,patch_then_global,global,2,30.38780007045716,7.065303325653076
4,32,data\raw\mvtec_anomaly_detection\bottle\test\broken_large\012.png,global_then_patch,global,1,32.34649996738881,8.313075065612793
4,32,data\raw\mvtec_anomaly_detection\bottle\test\broken_large\012.png,global_then_patch,patch_layer3,2,27.225299971178174,4.992427825927734
4,33,data\raw\mvtec_anomaly_detection\bottle\test\broken_large\013.png,patch_then_global,patch_layer3,1,27.33579999767244,4.03297233581543
4,33,data\raw\mvtec_anomaly_detection\bottle\test\broken_large\013.png,patch_then_global,global,2,33.27859996352345,12.109010696411133
4,34,data\raw\mvtec_anomaly_detection\bottle\test\broken_large\014.png,global_then_patch,global,1,33.51659991312772,7.605070114135742
4,34,data\raw\mvtec_anomaly_detection\bottle\test\broken_large\014.png,global_then_patch,patch_layer3,2,27.00250002089888,5.050408363342285
4,35,data\raw\mvtec_anomaly_detection\bottle\test\broken_large\015.png,patch_then_global,patch_layer3,1,26.75790002103895,5.04150390625
4,35,data\raw\mvtec_anomaly_detection\bottle\test\broken_large\015.png,patch_then_global,global,2,30.854800017550588,8.56758975982666
4,36,data\raw\mvtec_anomaly_detection\bottle\test\broken_large\016.png,global_then_patch,global,1,31.73030004836619,12.617391586303711
4,36,data\raw\mvtec_anomaly_detection\bottle\test\broken_large\016.png,global_then_patch,patch_layer3,2,26.690599974244833,4.210008144378662
4,37,data\raw\mvtec_anomaly_detection\bottle\test\broken_large\017.png,patch_then_global,patch_layer3,1,26.242700056172907,4.592291355133057
4,37,data\raw\mvtec_anomaly_detection\bottle\test\broken_large\017.png,patch_then_global,global,2,35.65500001423061,11.072623252868652
4,38,data\raw\mvtec_anomaly_detection\bottle\test\broken_large\018.png,global_then_patch,global,1,35.19129997584969,13.511702537536621
4,38,data\raw\mvtec_anomaly_detection\bottle\test\broken_large\018.png,global_then_patch,patch_layer3,2,26.87039994634688,4.579996585845947
4,39,data\raw\mvtec_anomaly_detection\bottle\test\broken_large\019.png,patch_then_global,patch_layer3,1,28.034299961291254,4.464105606079102
4,39,data\raw\mvtec_anomaly_detection\bottle\test\broken_large\019.png,patch_then_global,global,2,32.770599937066436,11.760765075683594
4,40,data\raw\mvtec_anomaly_detection\bottle\test\broken_small\000.png,global_then_patch,global,1,33.388699986971915,4.970335483551025
4,40,data\raw\mvtec_anomaly_detection\bottle\test\broken_small\000.png,global_then_patch,patch_layer3,2,26.533299940638244,3.866772174835205
4,41,data\raw\mvtec_anomaly_detection\bottle\test\broken_small\001.png,patch_then_global,patch_layer3,1,27.256499975919724,5.003524303436279
4,41,data\raw\mvtec_anomaly_detection\bottle\test\broken_small\001.png,patch_then_global,global,2,30.90770007111132,5.714139938354492
4,42,data\raw\mvtec_anomaly_detection\bottle\test\broken_small\002.png,global_then_patch,global,1,32.58340002503246,7.034466743469238
4,42,data\raw\mvtec_anomaly_detection\bottle\test\broken_small\002.png,global_then_patch,patch_layer3,2,26.60079998895526,4.251943588256836
4,43,data\raw\mvtec_anomaly_detection\bottle\test\broken_small\003.png,patch_then_global,patch_layer3,1,26.17690002080053,4.884119510650635
4,43,data\raw\mvtec_anomaly_detection\bottle\test\broken_small\003.png,patch_then_global,global,2,30.278800055384636,10.017216682434082
4,44,data\raw\mvtec_anomaly_detection\bottle\test\broken_small\004.png,global_then_patch,global,1,33.40140008367598,9.319269180297852
4,44,data\raw\mvtec_anomaly_detection\bottle\test\broken_small\004.png,global_then_patch,patch_layer3,2,26.883100043050945,5.898159503936768
4,45,data\raw\mvtec_anomaly_detection\bottle\test\broken_small\005.png,patch_then_global,patch_layer3,1,27.12949994020164,4.653104305267334
4,45,data\raw\mvtec_anomaly_detection\bottle\test\broken_small\005.png,patch_then_global,global,2,28.16220000386238,8.74705982208252
4,46,data\raw\mvtec_anomaly_detection\bottle\test\broken_small\006.png,global_then_patch,global,1,28.57880003284663,8.606796264648438
4,46,data\raw\mvtec_anomaly_detection\bottle\test\broken_small\006.png,global_then_patch,patch_layer3,2,24.032199988141656,4.667858123779297
4,47,data\raw\mvtec_anomaly_detection\bottle\test\broken_small\007.png,patch_then_global,patch_layer3,1,24.31739994790405,3.787731170654297
4,47,data\raw\mvtec_anomaly_detection\bottle\test\broken_small\007.png,patch_then_global,global,2,28.38009991683066,4.218528747558594
4,48,data\raw\mvtec_anomaly_detection\bottle\test\broken_small\008.png,global_then_patch,global,1,28.449500096030533,8.423806190490723
4,48,data\raw\mvtec_anomaly_detection\bottle\test\broken_small\008.png,global_then_patch,patch_layer3,2,28.303700033575296,3.8025622367858887
4,49,data\raw\mvtec_anomaly_detection\bottle\test\broken_small\009.png,patch_then_global,patch_layer3,1,27.220499934628606,4.7039313316345215
4,49,data\raw\mvtec_anomaly_detection\bottle\test\broken_small\009.png,patch_then_global,global,2,31.6547000547871,5.443728446960449
4,50,data\raw\mvtec_anomaly_detection\bottle\test\broken_small\010.png,global_then_patch,global,1,31.70799999497831,7.249805927276611
4,50,data\raw\mvtec_anomaly_detection\bottle\test\broken_small\010.png,global_then_patch,patch_layer3,2,29.173100017942488,4.85495138168335
4,51,data\raw\mvtec_anomaly_detection\bottle\test\broken_small\011.png,patch_then_global,patch_layer3,1,24.942999938502908,4.319806098937988
4,51,data\raw\mvtec_anomaly_detection\bottle\test\broken_small\011.png,patch_then_global,global,2,32.223999965935946,5.453526020050049
4,52,data\raw\mvtec_anomaly_detection\bottle\test\broken_small\012.png,global_then_patch,global,1,35.187099943868816,10.35854721069336
4,52,data\raw\mvtec_anomaly_detection\bottle\test\broken_small\012.png,global_then_patch,patch_layer3,2,29.0466999867931,4.648650169372559
4,53,data\raw\mvtec_anomaly_detection\bottle\test\broken_small\013.png,patch_then_global,patch_layer3,1,27.12350001093,4.230384349822998
4,53,data\raw\mvtec_anomaly_detection\bottle\test\broken_small\013.png,patch_then_global,global,2,33.38739997707307,5.407527923583984
4,54,data\raw\mvtec_anomaly_detection\bottle\test\broken_small\014.png,global_then_patch,global,1,33.674900070764124,5.148087024688721
4,54,data\raw\mvtec_anomaly_detection\bottle\test\broken_small\014.png,global_then_patch,patch_layer3,2,27.909799944609404,4.00904655456543
4,55,data\raw\mvtec_anomaly_detection\bottle\test\broken_small\015.png,patch_then_global,patch_layer3,1,27.591000078245997,3.8369622230529785
4,55,data\raw\mvtec_anomaly_detection\bottle\test\broken_small\015.png,patch_then_global,global,2,33.44909998122603,6.720308780670166
4,56,data\raw\mvtec_anomaly_detection\bottle\test\broken_small\016.png,global_then_patch,global,1,33.80550001747906,5.688437461853027
4,56,data\raw\mvtec_anomaly_detection\bottle\test\broken_small\016.png,global_then_patch,patch_layer3,2,26.222300017252564,5.2383341789245605
4,57,data\raw\mvtec_anomaly_detection\bottle\test\broken_small\017.png,patch_then_global,patch_layer3,1,26.793699944391847,5.041371822357178
4,57,data\raw\mvtec_anomaly_detection\bottle\test\broken_small\017.png,patch_then_global,global,2,31.49449999909848,6.591011047363281
4,58,data\raw\mvtec_anomaly_detection\bottle\test\broken_small\018.png,global_then_patch,global,1,31.38609998859465,7.843886852264404
4,58,data\raw\mvtec_anomaly_detection\bottle\test\broken_small\018.png,global_then_patch,patch_layer3,2,25.903700035996735,5.599959850311279
4,59,data\raw\mvtec_anomaly_detection\bottle\test\broken_small\019.png,patch_then_global,patch_layer3,1,26.215100078843534,5.2333831787109375
4,59,data\raw\mvtec_anomaly_detection\bottle\test\broken_small\019.png,patch_then_global,global,2,30.120300012640655,7.604405403137207
4,60,data\raw\mvtec_anomaly_detection\bottle\test\broken_small\020.png,global_then_patch,global,1,33.20579999126494,5.945611000061035
4,60,data\raw\mvtec_anomaly_detection\bottle\test\broken_small\020.png,global_then_patch,patch_layer3,2,28.92369998153299,4.951473236083984
4,61,data\raw\mvtec_anomaly_detection\bottle\test\broken_small\021.png,patch_then_global,patch_layer3,1,27.195699978619814,4.783029556274414
4,61,data\raw\mvtec_anomaly_detection\bottle\test\broken_small\021.png,patch_then_global,global,2,31.74170001875609,5.120784759521484
4,62,data\raw\mvtec_anomaly_detection\bottle\test\contamination\000.png,global_then_patch,global,1,31.381500069983304,11.471765518188477
4,62,data\raw\mvtec_anomaly_detection\bottle\test\contamination\000.png,global_then_patch,patch_layer3,2,26.234399992972612,3.85286808013916
4,63,data\raw\mvtec_anomaly_detection\bottle\test\contamination\001.png,patch_then_global,patch_layer3,1,24.237300036475062,3.246551513671875
4,63,data\raw\mvtec_anomaly_detection\bottle\test\contamination\001.png,patch_then_global,global,2,28.171699959784746,7.652298927307129
4,64,data\raw\mvtec_anomaly_detection\bottle\test\contamination\002.png,global_then_patch,global,1,28.23659998830408,7.044688701629639
4,64,data\raw\mvtec_anomaly_detection\bottle\test\contamination\002.png,global_then_patch,patch_layer3,2,24.265300016850233,3.703580856323242
4,65,data\raw\mvtec_anomaly_detection\bottle\test\contamination\003.png,patch_then_global,patch_layer3,1,24.10720009356737,3.0024991035461426
4,65,data\raw\mvtec_anomaly_detection\bottle\test\contamination\003.png,patch_then_global,global,2,32.652099966071546,4.69280481338501
4,66,data\raw\mvtec_anomaly_detection\bottle\test\contamination\004.png,global_then_patch,global,1,34.446800011210144,5.177974224090576
4,66,data\raw\mvtec_anomaly_detection\bottle\test\contamination\004.png,global_then_patch,patch_layer3,2,28.005999978631735,3.210782527923584
4,67,data\raw\mvtec_anomaly_detection\bottle\test\contamination\005.png,patch_then_global,patch_layer3,1,27.91319997049868,4.765796184539795
4,67,data\raw\mvtec_anomaly_detection\bottle\test\contamination\005.png,patch_then_global,global,2,33.547100028954446,13.80826187133789
4,68,data\raw\mvtec_anomaly_detection\bottle\test\contamination\006.png,global_then_patch,global,1,33.773800008930266,13.871113777160645
4,68,data\raw\mvtec_anomaly_detection\bottle\test\contamination\006.png,global_then_patch,patch_layer3,2,28.591500013135374,3.7494707107543945
4,69,data\raw\mvtec_anomaly_detection\bottle\test\contamination\007.png,patch_then_global,patch_layer3,1,26.960100047290325,5.8186140060424805
4,69,data\raw\mvtec_anomaly_detection\bottle\test\contamination\007.png,patch_then_global,global,2,33.634499995969236,12.646900177001953
4,70,data\raw\mvtec_anomaly_detection\bottle\test\contamination\008.png,global_then_patch,global,1,33.0443000420928,13.780010223388672
4,70,data\raw\mvtec_anomaly_detection\bottle\test\contamination\008.png,global_then_patch,patch_layer3,2,26.485699927434325,4.308222770690918
4,71,data\raw\mvtec_anomaly_detection\bottle\test\contamination\009.png,patch_then_global,patch_layer3,1,27.72220002952963,4.494120121002197
4,71,data\raw\mvtec_anomaly_detection\bottle\test\contamination\009.png,patch_then_global,global,2,34.82770000118762,10.758851051330566
4,72,data\raw\mvtec_anomaly_detection\bottle\test\contamination\010.png,global_then_patch,global,1,34.68859998974949,14.978759765625
4,72,data\raw\mvtec_anomaly_detection\bottle\test\contamination\010.png,global_then_patch,patch_layer3,2,25.981899932958186,4.349096775054932
4,73,data\raw\mvtec_anomaly_detection\bottle\test\contamination\011.png,patch_then_global,patch_layer3,1,26.161800022237003,4.035783290863037
4,73,data\raw\mvtec_anomaly_detection\bottle\test\contamination\011.png,patch_then_global,global,2,29.940900043584406,11.607462882995605
4,74,data\raw\mvtec_anomaly_detection\bottle\test\contamination\012.png,global_then_patch,global,1,31.502699945122004,14.590178489685059
4,74,data\raw\mvtec_anomaly_detection\bottle\test\contamination\012.png,global_then_patch,patch_layer3,2,25.700199999846518,3.4791982173919678
4,75,data\raw\mvtec_anomaly_detection\bottle\test\contamination\013.png,patch_then_global,patch_layer3,1,24.468400049954653,4.929323196411133
4,75,data\raw\mvtec_anomaly_detection\bottle\test\contamination\013.png,patch_then_global,global,2,31.905799987725914,11.32228946685791
4,76,data\raw\mvtec_anomaly_detection\bottle\test\contamination\014.png,global_then_patch,global,1,30.178199987858534,6.655355453491211
4,76,data\raw\mvtec_anomaly_detection\bottle\test\contamination\014.png,global_then_patch,patch_layer3,2,27.035700040869415,2.977785587310791
4,77,data\raw\mvtec_anomaly_detection\bottle\test\contamination\015.png,patch_then_global,patch_layer3,1,26.658699964173138,4.451267242431641
4,77,data\raw\mvtec_anomaly_detection\bottle\test\contamination\015.png,patch_then_global,global,2,31.814300105907023,11.90401554107666
4,78,data\raw\mvtec_anomaly_detection\bottle\test\contamination\016.png,global_then_patch,global,1,30.15329991467297,9.378031730651855
4,78,data\raw\mvtec_anomaly_detection\bottle\test\contamination\016.png,global_then_patch,patch_layer3,2,24.341000011190772,3.4147942066192627
4,79,data\raw\mvtec_anomaly_detection\bottle\test\contamination\017.png,patch_then_global,patch_layer3,1,23.97240011487156,5.81524133682251
4,79,data\raw\mvtec_anomaly_detection\bottle\test\contamination\017.png,patch_then_global,global,2,28.13270001206547,12.318655014038086
4,80,data\raw\mvtec_anomaly_detection\bottle\test\contamination\018.png,global_then_patch,global,1,28.226700029335916,6.627110958099365
4,80,data\raw\mvtec_anomaly_detection\bottle\test\contamination\018.png,global_then_patch,patch_layer3,2,23.579400032758713,4.973021984100342
4,81,data\raw\mvtec_anomaly_detection\bottle\test\contamination\019.png,patch_then_global,patch_layer3,1,23.998399963602424,3.1189873218536377
4,81,data\raw\mvtec_anomaly_detection\bottle\test\contamination\019.png,patch_then_global,global,2,27.797600021585822,4.945805072784424
4,82,data\raw\mvtec_anomaly_detection\bottle\test\contamination\020.png,global_then_patch,global,1,31.251800013706088,12.403044700622559
4,82,data\raw\mvtec_anomaly_detection\bottle\test\contamination\020.png,global_then_patch,patch_layer3,2,27.887900010682642,3.1803042888641357
