method,measurement_scope,repeat,image_index,path,latency_ms,score
global,model_only,0,0,data\raw\mvtec_anomaly_detection\bottle\test\good\000.png,9.668000042438507,4.017113208770752
global,model_only,0,1,data\raw\mvtec_anomaly_detection\bottle\test\good\001.png,8.003999944776297,3.3643040657043457
global,model_only,0,2,data\raw\mvtec_anomaly_detection\bottle\test\good\002.png,7.791999960318208,4.0550055503845215
global,model_only,0,3,data\raw\mvtec_anomaly_detection\bottle\test\good\003.png,8.262299932539463,4.034144878387451
global,model_only,0,4,data\raw\mvtec_anomaly_detection\bottle\test\good\004.png,8.406999986618757,3.6270015239715576
global,model_only,0,5,data\raw\mvtec_anomaly_detection\bottle\test\good\005.png,7.966200006194413,3.4188554286956787
global,model_only,0,6,data\raw\mvtec_anomaly_detection\bottle\test\good\006.png,7.872599991969764,7.60245943069458
global,model_only,0,7,data\raw\mvtec_anomaly_detection\bottle\test\good\007.png,7.77410005684942,3.72442626953125
global,model_only,0,8,data\raw\mvtec_anomaly_detection\bottle\test\good\008.png,8.203999954275787,4.842831134796143
global,model_only,0,9,data\raw\mvtec_anomaly_detection\bottle\test\good\009.png,7.711799931712449,3.334599494934082
global,model_only,0,10,data\raw\mvtec_anomaly_detection\bottle\test\good\010.png,7.87770003080368,4.065394401550293
global,model_only,0,11,data\raw\mvtec_anomaly_detection\bottle\test\good\011.png,8.045500027947128,3.5150976181030273
global,model_only,0,12,data\raw\mvtec_anomaly_detection\bottle\test\good\012.png,7.91459996253252,3.549840211868286
global,model_only,0,13,data\raw\mvtec_anomaly_detection\bottle\test\good\013.png,8.000200032256544,3.0069220066070557
global,model_only,0,14,data\raw\mvtec_anomaly_detection\bottle\test\good\014.png,7.905999897047877,3.568521738052368
global,model_only,0,15,data\raw\mvtec_anomaly_detection\bottle\test\good\015.png,7.827399997040629,4.474905967712402
global,model_only,0,16,data\raw\mvtec_anomaly_detection\bottle\test\good\016.png,8.16100009251386,3.876321792602539
global,model_only,0,17,data\raw\mvtec_anomaly_detection\bottle\test\good\017.png,7.837299956008792,3.6931345462799072
global,model_only,0,18,data\raw\mvtec_anomaly_detection\bottle\test\good\018.png,7.823400082997978,4.722544193267822
global,model_only,0,19,data\raw\mvtec_anomaly_detection\bottle\test\good\019.png,7.844699895940721,4.36047887802124
global,model_only,0,20,data\raw\mvtec_anomaly_detection\bottle\test\broken_large\000.png,7.9931000946089625,10.836047172546387
global,model_only,0,21,data\raw\mvtec_anomaly_detection\bottle\test\broken_large\001.png,7.9246999230235815,10.990410804748535
global,model_only,0,22,data\raw\mvtec_anomaly_detection\bottle\test\broken_large\002.png,8.06729996111244,13.593603134155273
global,model_only,0,23,data\raw\mvtec_anomaly_detection\bottle\test\broken_large\003.png,7.800800027325749,14.632071495056152
global,model_only,0,24,data\raw\mvtec_anomaly_detection\bottle\test\broken_large\004.png,8.395500015467405,7.820190906524658
global,model_only,0,25,data\raw\mvtec_anomaly_detection\bottle\test\broken_large\005.png,7.880600052885711,5.357264518737793
global,model_only,0,26,data\raw\mvtec_anomaly_detection\bottle\test\broken_large\006.png,7.812900003045797,11.094616889953613
global,model_only,0,27,data\raw\mvtec_anomaly_detection\bottle\test\broken_large\007.png,7.742799934931099,12.122002601623535
global,model_only,0,28,data\raw\mvtec_anomaly_detection\bottle\test\broken_large\008.png,7.908899919129908,12.101669311523438
global,model_only,0,29,data\raw\mvtec_anomaly_detection\bottle\test\broken_large\009.png,7.677900022827089,6.992016315460205
global,model_only,0,30,data\raw\mvtec_anomaly_detection\bottle\test\broken_large\010.png,7.540100021287799,9.243768692016602
global,model_only,0,31,data\raw\mvtec_anomaly_detection\bottle\test\broken_large\011.png,7.5564999133348465,7.065302848815918
global,model_only,0,32,data\raw\mvtec_anomaly_detection\bottle\test\broken_large\012.png,7.882800069637597,8.313076972961426
global,model_only,0,33,data\raw\mvtec_anomaly_detection\bottle\test\broken_large\013.png,7.830799906514585,12.1090087890625
global,model_only,0,34,data\raw\mvtec_anomaly_detection\bottle\test\broken_large\014.png,8.043800015002489,7.605071067810059
global,model_only,0,35,data\raw\mvtec_anomaly_detection\bottle\test\broken_large\015.png,7.795399986207485,8.56758975982666
global,model_only,0,36,data\raw\mvtec_anomaly_detection\bottle\test\broken_large\016.png,7.919800002127886,12.617391586303711
global,model_only,0,37,data\raw\mvtec_anomaly_detection\bottle\test\broken_large\017.png,7.962399977259338,11.072625160217285
global,model_only,0,38,data\raw\mvtec_anomaly_detection\bottle\test\broken_large\018.png,7.909600040875375,13.511702537536621
global,model_only,0,39,data\raw\mvtec_anomaly_detection\bottle\test\broken_large\019.png,8.00690008327365,11.760763168334961
global,model_only,0,40,data\raw\mvtec_anomaly_detection\bottle\test\broken_small\000.png,7.892100024037063,4.970334529876709
global,model_only,0,41,data\raw\mvtec_anomaly_detection\bottle\test\broken_small\001.png,7.861499907448888,5.714140892028809
global,model_only,0,42,data\raw\mvtec_anomaly_detection\bottle\test\broken_small\002.png,7.772100041620433,7.03446626663208
global,model_only,0,43,data\raw\mvtec_anomaly_detection\bottle\test\broken_small\003.png,7.87770003080368,10.017215728759766
global,model_only,0,44,data\raw\mvtec_anomaly_detection\bottle\test\broken_small\004.png,7.8629000345245,9.319269180297852
global,model_only,0,45,data\raw\mvtec_anomaly_detection\bottle\test\broken_small\005.png,7.853399962186813,8.747062683105469
global,model_only,0,46,data\raw\mvtec_anomaly_detection\bottle\test\broken_small\006.png,7.804499939084053,8.606796264648438
global,model_only,0,47,data\raw\mvtec_anomaly_detection\bottle\test\broken_small\007.png,7.986800046637654,4.218527793884277
global,model_only,0,48,data\raw\mvtec_anomaly_detection\bottle\test\broken_small\008.png,7.878800039179623,8.423806190490723
global,model_only,0,49,data\raw\mvtec_anomaly_detection\bottle\test\broken_small\009.png,7.977300090715289,5.443728446960449
global,model_only,0,50,data\raw\mvtec_anomaly_detection\bottle\test\broken_small\010.png,7.879900047555566,7.249806880950928
global,model_only,0,51,data\raw\mvtec_anomaly_detection\bottle\test\broken_small\011.png,8.349700015969574,5.453526020050049
global,model_only,0,52,data\raw\mvtec_anomaly_detection\bottle\test\broken_small\012.png,7.7460999600589275,10.358548164367676
global,model_only,0,53,data\raw\mvtec_anomaly_detection\bottle\test\broken_small\013.png,7.735699997283518,5.407528877258301
global,model_only,0,54,data\raw\mvtec_anomaly_detection\bottle\test\broken_small\014.png,7.802500040270388,5.148087501525879
global,model_only,0,55,data\raw\mvtec_anomaly_detection\bottle\test\broken_small\015.png,7.549899979494512,6.720308780670166
global,model_only,0,56,data\raw\mvtec_anomaly_detection\bottle\test\broken_small\016.png,7.782400003634393,5.688438415527344
global,model_only,0,57,data\raw\mvtec_anomaly_detection\bottle\test\broken_small\017.png,7.956499932333827,6.591012001037598
global,model_only,0,58,data\raw\mvtec_anomaly_detection\bottle\test\broken_small\018.png,7.943499949760735,7.843886852264404
global,model_only,0,59,data\raw\mvtec_anomaly_detection\bottle\test\broken_small\019.png,8.019800065085292,7.604406356811523
global,model_only,0,60,data\raw\mvtec_anomaly_detection\bottle\test\broken_small\020.png,7.848800043575466,5.945611000061035
global,model_only,0,61,data\raw\mvtec_anomaly_detection\bottle\test\broken_small\021.png,7.870399975217879,5.120784282684326
global,model_only,0,62,data\raw\mvtec_anomaly_detection\bottle\test\contamination\000.png,7.726100040599704,11.47176456451416
global,model_only,0,63,data\raw\mvtec_anomaly_detection\bottle\test\contamination\001.png,7.948599988594651,7.652297496795654
global,model_only,0,64,data\raw\mvtec_anomaly_detection\bottle\test\contamination\002.png,7.913599954918027,7.044689178466797
global,model_only,0,65,data\raw\mvtec_anomaly_detection\bottle\test\contamination\003.png,7.939000031910837,4.692803382873535
global,model_only,0,66,data\raw\mvtec_anomaly_detection\bottle\test\contamination\004.png,8.042599889449775,5.177973747253418
global,model_only,0,67,data\raw\mvtec_anomaly_detection\bottle\test\contamination\005.png,7.880399934947491,13.808260917663574
global,model_only,0,68,data\raw\mvtec_anomaly_detection\bottle\test\contamination\006.png,7.7954999869689345,13.871113777160645
global,model_only,0,69,data\raw\mvtec_anomaly_detection\bottle\test\contamination\007.png,8.23050003964454,12.646900177001953
global,model_only,0,70,data\raw\mvtec_anomaly_detection\bottle\test\contamination\008.png,7.866499945521355,13.780007362365723
global,model_only,0,71,data\raw\mvtec_anomaly_detection\bottle\test\contamination\009.png,8.002499933354557,10.758851051330566
global,model_only,0,72,data\raw\mvtec_anomaly_detection\bottle\test\contamination\010.png,7.807000074535608,14.978758811950684
global,model_only,0,73,data\raw\mvtec_anomaly_detection\bottle\test\contamination\011.png,7.8786000376567245,11.607461929321289
global,model_only,0,74,data\raw\mvtec_anomaly_detection\bottle\test\contamination\012.png,7.862999918870628,14.590177536010742
global,model_only,0,75,data\raw\mvtec_anomaly_detection\bottle\test\contamination\013.png,7.923999917693436,11.32228946685791
global,model_only,0,76,data\raw\mvtec_anomaly_detection\bottle\test\contamination\014.png,7.915599970147014,6.655354976654053
global,model_only,0,77,data\raw\mvtec_anomaly_detection\bottle\test\contamination\015.png,7.862099912017584,11.904013633728027
global,model_only,0,78,data\raw\mvtec_anomaly_detection\bottle\test\contamination\016.png,7.610200089402497,9.378034591674805
global,model_only,0,79,data\raw\mvtec_anomaly_detection\bottle\test\contamination\017.png,7.922700024209917,12.31865406036377
global,model_only,0,80,data\raw\mvtec_anomaly_detection\bottle\test\contamination\018.png,7.673599990084767,6.62711238861084
global,model_only,0,81,data\raw\mvtec_anomaly_detection\bottle\test\contamination\019.png,7.97420006711036,4.945804595947266
global,model_only,0,82,data\raw\mvtec_anomaly_detection\bottle\test\contamination\020.png,7.9193999990820885,12.403044700622559
global,model_only,1,0,data\raw\mvtec_anomaly_detection\bottle\test\good\000.png,8.851699996739626,4.017113208770752
global,model_only,1,1,data\raw\mvtec_anomaly_detection\bottle\test\good\001.png,7.929899962618947,3.3643040657043457
global,model_only,1,2,data\raw\mvtec_anomaly_detection\bottle\test\good\002.png,7.943300064653158,4.0550055503845215
global,model_only,1,3,data\raw\mvtec_anomaly_detection\bottle\test\good\003.png,8.02300008945167,4.034144878387451
global,model_only,1,4,data\raw\mvtec_anomaly_detection\bottle\test\good\004.png,7.890800014138222,3.6270015239715576
global,model_only,1,5,data\raw\mvtec_anomaly_detection\bottle\test\good\005.png,7.987100048922002,3.4188554286956787
global,model_only,1,6,data\raw\mvtec_anomaly_detection\bottle\test\good\006.png,7.8693999676033854,7.60245943069458
global,model_only,1,7,data\raw\mvtec_anomaly_detection\bottle\test\good\007.png,7.576099946163595,3.72442626953125
global,model_only,1,8,data\raw\mvtec_anomaly_detection\bottle\test\good\008.png,7.870999979786575,4.842831134796143
global,model_only,1,9,data\raw\mvtec_anomaly_detection\bottle\test\good\009.png,7.784700021147728,3.334599494934082
global,model_only,1,10,data\raw\mvtec_anomaly_detection\bottle\test\good\010.png,7.946200086735189,4.065394401550293
global,model_only,1,11,data\raw\mvtec_anomaly_detection\bottle\test\good\011.png,8.414999931119382,3.5150976181030273
global,model_only,1,12,data\raw\mvtec_anomaly_detection\bottle\test\good\012.png,7.753600017167628,3.549840211868286
global,model_only,1,13,data\raw\mvtec_anomaly_detection\bottle\test\good\013.png,7.973700063303113,3.0069220066070557
global,model_only,1,14,data\raw\mvtec_anomaly_detection\bottle\test\good\014.png,7.839799975045025,3.568521738052368
global,model_only,1,15,data\raw\mvtec_anomaly_detection\bottle\test\good\015.png,7.980099995620549,4.474905967712402
global,model_only,1,16,data\raw\mvtec_anomaly_detection\bottle\test\good\016.png,7.89560005068779,3.876321792602539
global,model_only,1,17,data\raw\mvtec_anomaly_detection\bottle\test\good\017.png,7.5873000314459205,3.6931345462799072
global,model_only,1,18,data\raw\mvtec_anomaly_detection\bottle\test\good\018.png,7.950500003062189,4.722544193267822
global,model_only,1,19,data\raw\mvtec_anomaly_detection\bottle\test\good\019.png,7.784500019624829,4.36047887802124
global,model_only,1,20,data\raw\mvtec_anomaly_detection\bottle\test\broken_large\000.png,7.890400011092424,10.836047172546387
global,model_only,1,21,data\raw\mvtec_anomaly_detection\bottle\test\broken_large\001.png,8.163799997419119,10.990410804748535
global,model_only,1,22,data\raw\mvtec_anomaly_detection\bottle\test\broken_large\002.png,7.577500073239207,13.593603134155273
global,model_only,1,23,data\raw\mvtec_anomaly_detection\bottle\test\broken_large\003.png,8.138999924995005,14.632071495056152
global,model_only,1,24,data\raw\mvtec_anomaly_detection\bottle\test\broken_large\004.png,8.06419993750751,7.820190906524658
global,model_only,1,25,data\raw\mvtec_anomaly_detection\bottle\test\broken_large\005.png,7.919600000604987,5.357264518737793
global,model_only,1,26,data\raw\mvtec_anomaly_detection\bottle\test\broken_large\006.png,7.904800004325807,11.094616889953613
global,model_only,1,27,data\raw\mvtec_anomaly_detection\bottle\test\broken_large\007.png,7.479100022464991,12.122002601623535
global,model_only,1,28,data\raw\mvtec_anomaly_detection\bottle\test\broken_large\008.png,7.8631999203935266,12.101669311523438
global,model_only,1,29,data\raw\mvtec_anomaly_detection\bottle\test\broken_large\009.png,7.798700011335313,6.992016315460205
global,model_only,1,30,data\raw\mvtec_anomaly_detection\bottle\test\broken_large\010.png,7.994999992661178,9.243768692016602
global,model_only,1,31,data\raw\mvtec_anomaly_detection\bottle\test\broken_large\011.png,7.8310000244528055,7.065302848815918
global,model_only,1,32,data\raw\mvtec_anomaly_detection\bottle\test\broken_large\012.png,7.895200047641993,8.313076972961426
global,model_only,1,33,data\raw\mvtec_anomaly_detection\bottle\test\broken_large\013.png,7.831200025975704,12.1090087890625
global,model_only,1,34,data\raw\mvtec_anomaly_detection\bottle\test\broken_large\014.png,7.821399951353669,7.605071067810059
global,model_only,1,35,data\raw\mvtec_anomaly_detection\bottle\test\broken_large\015.png,7.821400067768991,8.56758975982666
global,model_only,1,36,data\raw\mvtec_anomaly_detection\bottle\test\broken_large\016.png,8.02439998369664,12.617391586303711
global,model_only,1,37,data\raw\mvtec_anomaly_detection\bottle\test\broken_large\017.png,7.934900000691414,11.072625160217285
global,model_only,1,38,data\raw\mvtec_anomaly_detection\bottle\test\broken_large\018.png,7.911100052297115,13.511702537536621
global,model_only,1,39,data\raw\mvtec_anomaly_detection\bottle\test\broken_large\019.png,7.740299915894866,11.760763168334961
global,model_only,1,40,data\raw\mvtec_anomaly_detection\bottle\test\broken_small\000.png,8.209199993871152,4.970334529876709
global,model_only,1,41,data\raw\mvtec_anomaly_detection\bottle\test\broken_small\001.png,8.910200092941523,5.714140892028809
global,model_only,1,42,data\raw\mvtec_anomaly_detection\bottle\test\broken_small\002.png,7.9595999559387565,7.03446626663208
global,model_only,1,43,data\raw\mvtec_anomaly_detection\bottle\test\broken_small\003.png,7.902399986051023,10.017215728759766
global,model_only,1,44,data\raw\mvtec_anomaly_detection\bottle\test\broken_small\004.png,7.868600077927113,9.319269180297852
global,model_only,1,45,data\raw\mvtec_anomaly_detection\bottle\test\broken_small\005.png,7.984599913470447,8.747062683105469
global,model_only,1,46,data\raw\mvtec_anomaly_detection\bottle\test\broken_small\006.png,7.859700010158122,8.606796264648438
global,model_only,1,47,data\raw\mvtec_anomaly_detection\bottle\test\broken_small\007.png,7.5706999050453305,4.218527793884277
global,model_only,1,48,data\raw\mvtec_anomaly_detection\bottle\test\broken_small\008.png,7.886299979873002,8.423806190490723
global,model_only,1,49,data\raw\mvtec_anomaly_detection\bottle\test\broken_small\009.png,7.895400049164891,5.443728446960449
global,model_only,1,50,data\raw\mvtec_anomaly_detection\bottle\test\broken_small\010.png,7.944899960421026,7.249806880950928
global,model_only,1,51,data\raw\mvtec_anomaly_detection\bottle\test\broken_small\011.png,7.879199925810099,5.453526020050049
global,model_only,1,52,data\raw\mvtec_anomaly_detection\bottle\test\broken_small\012.png,7.954500033520162,10.358548164367676
global,model_only,1,53,data\raw\mvtec_anomaly_detection\bottle\test\broken_small\013.png,8.23909998871386,5.407528877258301
global,model_only,1,54,data\raw\mvtec_anomaly_detection\bottle\test\broken_small\014.png,7.86000001244247,5.148087501525879
global,model_only,1,55,data\raw\mvtec_anomaly_detection\bottle\test\broken_small\015.png,7.76349997613579,6.720308780670166
global,model_only,1,56,data\raw\mvtec_anomaly_detection\bottle\test\broken_small\016.png,7.994799991138279,5.688438415527344
global,model_only,1,57,data\raw\mvtec_anomaly_detection\bottle\test\broken_small\017.png,7.831400027498603,6.591012001037598
global,model_only,1,58,data\raw\mvtec_anomaly_detection\bottle\test\broken_small\018.png,7.8801000490784645,7.843886852264404
global,model_only,1,59,data\raw\mvtec_anomaly_detection\bottle\test\broken_small\019.png,7.702100090682507,7.604406356811523
global,model_only,1,60,data\raw\mvtec_anomaly_detection\bottle\test\broken_small\020.png,7.872499991208315,5.945611000061035
global,model_only,1,61,data\raw\mvtec_anomaly_detection\bottle\test\broken_small\021.png,7.823599968105555,5.120784282684326
global,model_only,1,62,data\raw\mvtec_anomaly_detection\bottle\test\contamination\000.png,7.851500064134598,11.47176456451416
global,model_only,1,63,data\raw\mvtec_anomaly_detection\bottle\test\contamination\001.png,7.834000047296286,7.652297496795654
global,model_only,1,64,data\raw\mvtec_anomaly_detection\bottle\test\contamination\002.png,7.808400085195899,7.044689178466797
global,model_only,1,65,data\raw\mvtec_anomaly_detection\bottle\test\contamination\003.png,7.856100099161267,4.692803382873535
global,model_only,1,66,data\raw\mvtec_anomaly_detection\bottle\test\contamination\004.png,7.611999986693263,5.177973747253418
global,model_only,1,67,data\raw\mvtec_anomaly_detection\bottle\test\contamination\005.png,7.962000090628862,13.808260917663574
global,model_only,1,68,data\raw\mvtec_anomaly_detection\bottle\test\contamination\006.png,7.936600013636053,13.871113777160645
global,model_only,1,69,data\raw\mvtec_anomaly_detection\bottle\test\contamination\007.png,7.8699999721720815,12.646900177001953
global,model_only,1,70,data\raw\mvtec_anomaly_detection\bottle\test\contamination\008.png,7.957399939186871,13.780007362365723
global,model_only,1,71,data\raw\mvtec_anomaly_detection\bottle\test\contamination\009.png,7.909699925221503,10.758851051330566
global,model_only,1,72,data\raw\mvtec_anomaly_detection\bottle\test\contamination\010.png,8.03030002862215,14.978758811950684
global,model_only,1,73,data\raw\mvtec_anomaly_detection\bottle\test\contamination\011.png,7.888599997386336,11.607461929321289
global,model_only,1,74,data\raw\mvtec_anomaly_detection\bottle\test\contamination\012.png,7.792799966409802,14.590177536010742
global,model_only,1,75,data\raw\mvtec_anomaly_detection\bottle\test\contamination\013.png,7.9307000851258636,11.32228946685791
global,model_only,1,76,data\raw\mvtec_anomaly_detection\bottle\test\contamination\014.png,8.020999957807362,6.655354976654053
global,model_only,1,77,data\raw\mvtec_anomaly_detection\bottle\test\contamination\015.png,8.244300028309226,11.904013633728027
global,model_only,1,78,data\raw\mvtec_anomaly_detection\bottle\test\contamination\016.png,9.498000028543174,9.378034591674805
global,model_only,1,79,data\raw\mvtec_anomaly_detection\bottle\test\contamination\017.png,7.9462999710813165,12.31865406036377
global,model_only,1,80,data\raw\mvtec_anomaly_detection\bottle\test\contamination\018.png,7.88799999281764,6.62711238861084
global,model_only,1,81,data\raw\mvtec_anomaly_detection\bottle\test\contamination\019.png,7.967400015331805,4.945804595947266
global,model_only,1,82,data\raw\mvtec_anomaly_detection\bottle\test\contamination\020.png,8.3769999910146,12.403044700622559
global,model_only,2,0,data\raw\mvtec_anomaly_detection\bottle\test\good\000.png,8.795600035227835,4.017113208770752
global,model_only,2,1,data\raw\mvtec_anomaly_detection\bottle\test\good\001.png,8.543599979020655,3.3643040657043457
global,model_only,2,2,data\raw\mvtec_anomaly_detection\bottle\test\good\002.png,7.959800073876977,4.0550055503845215
global,model_only,2,3,data\raw\mvtec_anomaly_detection\bottle\test\good\003.png,7.827900000847876,4.034144878387451
global,model_only,2,4,data\raw\mvtec_anomaly_detection\bottle\test\good\004.png,7.7905000653117895,3.6270015239715576
global,model_only,2,5,data\raw\mvtec_anomaly_detection\bottle\test\good\005.png,7.970700040459633,3.4188554286956787
global,model_only,2,6,data\raw\mvtec_anomaly_detection\bottle\test\good\006.png,7.932799984700978,7.60245943069458
global,model_only,2,7,data\raw\mvtec_anomaly_detection\bottle\test\good\007.png,7.890000008046627,3.72442626953125
global,model_only,2,8,data\raw\mvtec_anomaly_detection\bottle\test\good\008.png,7.844700012356043,4.842831134796143
global,model_only,2,9,data\raw\mvtec_anomaly_detection\bottle\test\good\009.png,7.951600011438131,3.334599494934082
global,model_only,2,10,data\raw\mvtec_anomaly_detection\bottle\test\good\010.png,7.8529000747948885,4.065394401550293
global,model_only,2,11,data\raw\mvtec_anomaly_detection\bottle\test\good\011.png,7.86750006955117,3.5150976181030273
global,model_only,2,12,data\raw\mvtec_anomaly_detection\bottle\test\good\012.png,7.883200072683394,3.549840211868286
global,model_only,2,13,data\raw\mvtec_anomaly_detection\bottle\test\good\013.png,7.874200004152954,3.0069220066070557
global,model_only,2,14,data\raw\mvtec_anomaly_detection\bottle\test\good\014.png,7.9246999230235815,3.568521738052368
global,model_only,2,15,data\raw\mvtec_anomaly_detection\bottle\test\good\015.png,7.985700038261712,4.474905967712402
global,model_only,2,16,data\raw\mvtec_anomaly_detection\bottle\test\good\016.png,7.773800054565072,3.876321792602539
global,model_only,2,17,data\raw\mvtec_anomaly_detection\bottle\test\good\017.png,7.840199978090823,3.6931345462799072
global,model_only,2,18,data\raw\mvtec_anomaly_detection\bottle\test\good\018.png,8.116999990306795,4.722544193267822
global,model_only,2,19,data\raw\mvtec_anomaly_detection\bottle\test\good\019.png,7.896300056017935,4.36047887802124
global,model_only,2,20,data\raw\mvtec_anomaly_detection\bottle\test\broken_large\000.png,7.84939993172884,10.836047172546387
global,model_only,2,21,data\raw\mvtec_anomaly_detection\bottle\test\broken_large\001.png,7.639700081199408,10.990410804748535
global,model_only,2,22,data\raw\mvtec_anomaly_detection\bottle\test\broken_large\002.png,7.764600100927055,13.593603134155273
global,model_only,2,23,data\raw\mvtec_anomaly_detection\bottle\test\broken_large\003.png,7.758899941109121,14.632071495056152
global,model_only,2,24,data\raw\mvtec_anomaly_detection\bottle\test\broken_large\004.png,7.814400014467537,7.820190906524658
global,model_only,2,25,data\raw\mvtec_anomaly_detection\bottle\test\broken_large\005.png,7.982500013895333,5.357264518737793
global,model_only,2,26,data\raw\mvtec_anomaly_detection\bottle\test\broken_large\006.png,7.8937000362202525,11.094616889953613
global,model_only,2,27,data\raw\mvtec_anomaly_detection\bottle\test\broken_large\007.png,7.928399951197207,12.122002601623535
global,model_only,2,28,data\raw\mvtec_anomaly_detection\bottle\test\broken_large\008.png,7.616700022481382,12.101669311523438
global,model_only,2,29,data\raw\mvtec_anomaly_detection\bottle\test\broken_large\009.png,7.893800036981702,6.992016315460205
global,model_only,2,30,data\raw\mvtec_anomaly_detection\bottle\test\broken_large\010.png,7.807399961166084,9.243768692016602
global,model_only,2,31,data\raw\mvtec_anomaly_detection\bottle\test\broken_large\011.png,8.07320000603795,7.065302848815918
global,model_only,2,32,data\raw\mvtec_anomaly_detection\bottle\test\broken_large\012.png,8.336200029589236,8.313076972961426
global,model_only,2,33,data\raw\mvtec_anomaly_detection\bottle\test\broken_large\013.png,7.9818000085651875,12.1090087890625
global,model_only,2,34,data\raw\mvtec_anomaly_detection\bottle\test\broken_large\014.png,7.515499950386584,7.605071067810059
global,model_only,2,35,data\raw\mvtec_anomaly_detection\bottle\test\broken_large\015.png,7.899399963207543,8.56758975982666
global,model_only,2,36,data\raw\mvtec_anomaly_detection\bottle\test\broken_large\016.png,7.846100023016334,12.617391586303711
global,model_only,2,37,data\raw\mvtec_anomaly_detection\bottle\test\broken_large\017.png,7.864800048992038,11.072625160217285
global,model_only,2,38,data\raw\mvtec_anomaly_detection\bottle\test\broken_large\018.png,7.745099952444434,13.511702537536621
global,model_only,2,39,data\raw\mvtec_anomaly_detection\bottle\test\broken_large\019.png,8.05249996483326,11.760763168334961
global,model_only,2,40,data\raw\mvtec_anomaly_detection\bottle\test\broken_small\000.png,8.001400041393936,4.970334529876709
global,model_only,2,41,data\raw\mvtec_anomaly_detection\bottle\test\broken_small\001.png,7.903499994426966,5.714140892028809
global,model_only,2,42,data\raw\mvtec_anomaly_detection\bottle\test\broken_small\002.png,7.8443000093102455,7.03446626663208
global,model_only,2,43,data\raw\mvtec_anomaly_detection\bottle\test\broken_small\003.png,7.84660002682358,10.017215728759766
global,model_only,2,44,data\raw\mvtec_anomaly_detection\bottle\test\broken_small\004.png,7.945199962705374,9.319269180297852
global,model_only,2,45,data\raw\mvtec_anomaly_detection\bottle\test\broken_small\005.png,8.33860004786402,8.747062683105469
global,model_only,2,46,data\raw\mvtec_anomaly_detection\bottle\test\broken_small\006.png,7.686899974942207,8.606796264648438
global,model_only,2,47,data\raw\mvtec_anomaly_detection\bottle\test\broken_small\007.png,7.943699951283634,4.218527793884277
global,model_only,2,48,data\raw\mvtec_anomaly_detection\bottle\test\broken_small\008.png,7.812600000761449,8.423806190490723
global,model_only,2,49,data\raw\mvtec_anomaly_detection\bottle\test\broken_small\009.png,7.956399931572378,5.443728446960449
global,model_only,2,50,data\raw\mvtec_anomaly_detection\bottle\test\broken_small\010.png,7.873900001868606,7.249806880950928
global,model_only,2,51,data\raw\mvtec_anomaly_detection\bottle\test\broken_small\011.png,7.950800005346537,5.453526020050049
global,model_only,2,52,data\raw\mvtec_anomaly_detection\bottle\test\broken_small\012.png,7.946800091303885,10.358548164367676
global,model_only,2,53,data\raw\mvtec_anomaly_detection\bottle\test\broken_small\013.png,7.87329999729991,5.407528877258301
global,model_only,2,54,data\raw\mvtec_anomaly_detection\bottle\test\broken_small\014.png,7.855799980461597,5.148087501525879
global,model_only,2,55,data\raw\mvtec_anomaly_detection\bottle\test\broken_small\015.png,8.023800095543265,6.720308780670166
global,model_only,2,56,data\raw\mvtec_anomaly_detection\bottle\test\broken_small\016.png,8.18440003786236,5.688438415527344
global,model_only,2,57,data\raw\mvtec_anomaly_detection\bottle\test\broken_small\017.png,8.201700053177774,6.591012001037598
global,model_only,2,58,data\raw\mvtec_anomaly_detection\bottle\test\broken_small\018.png,7.939099916256964,7.843886852264404
global,model_only,2,59,data\raw\mvtec_anomaly_detection\bottle\test\broken_small\019.png,7.86869996227324,7.604406356811523
global,model_only,2,60,data\raw\mvtec_anomaly_detection\bottle\test\broken_small\020.png,7.905400008894503,5.945611000061035
global,model_only,2,61,data\raw\mvtec_anomaly_detection\bottle\test\broken_small\021.png,7.889700005762279,5.120784282684326
global,model_only,2,62,data\raw\mvtec_anomaly_detection\bottle\test\contamination\000.png,8.103700005449355,11.47176456451416
global,model_only,2,63,data\raw\mvtec_anomaly_detection\bottle\test\contamination\001.png,7.815100019797683,7.652297496795654
global,model_only,2,64,data\raw\mvtec_anomaly_detection\bottle\test\contamination\002.png,7.794499979354441,7.044689178466797
global,model_only,2,65,data\raw\mvtec_anomaly_detection\bottle\test\contamination\003.png,7.876800023950636,4.692803382873535
global,model_only,2,66,data\raw\mvtec_anomaly_detection\bottle\test\contamination\004.png,7.906200014986098,5.177973747253418
global,model_only,2,67,data\raw\mvtec_anomaly_detection\bottle\test\contamination\005.png,7.943599950522184,13.808260917663574
global,model_only,2,68,data\raw\mvtec_anomaly_detection\bottle\test\contamination\006.png,7.906800019554794,13.871113777160645
global,model_only,2,69,data\raw\mvtec_anomaly_detection\bottle\test\contamination\007.png,7.99040007404983,12.646900177001953
global,model_only,2,70,data\raw\mvtec_anomaly_detection\bottle\test\contamination\008.png,7.9110999358817935,13.780007362365723
global,model_only,2,71,data\raw\mvtec_anomaly_detection\bottle\test\contamination\009.png,7.816700031980872,10.758851051330566
global,model_only,2,72,data\raw\mvtec_anomaly_detection\bottle\test\contamination\010.png,7.901999983005226,14.978758811950684
global,model_only,2,73,data\raw\mvtec_anomaly_detection\bottle\test\contamination\011.png,7.930399966426194,11.607461929321289
global,model_only,2,74,data\raw\mvtec_anomaly_detection\bottle\test\contamination\012.png,8.238099981099367,14.590177536010742
global,model_only,2,75,data\raw\mvtec_anomaly_detection\bottle\test\contamination\013.png,8.032700046896935,11.32228946685791
global,model_only,2,76,data\raw\mvtec_anomaly_detection\bottle\test\contamination\014.png,7.884399965405464,6.655354976654053
global,model_only,2,77,data\raw\mvtec_anomaly_detection\bottle\test\contamination\015.png,7.96059996355325,11.904013633728027
global,model_only,2,78,data\raw\mvtec_anomaly_detection\bottle\test\contamination\016.png,7.883400074206293,9.378034591674805
global,model_only,2,79,data\raw\mvtec_anomaly_detection\bottle\test\contamination\017.png,9.033400099724531,12.31865406036377
global,model_only,2,80,data\raw\mvtec_anomaly_detection\bottle\test\contamination\018.png,8.121100021526217,6.62711238861084
global,model_only,2,81,data\raw\mvtec_anomaly_detection\bottle\test\contamination\019.png,8.025999995879829,4.945804595947266
global,model_only,2,82,data\raw\mvtec_anomaly_detection\bottle\test\contamination\020.png,7.899500080384314,12.403044700622559
global,model_only,3,0,data\raw\mvtec_anomaly_detection\bottle\test\good\000.png,8.86279996484518,4.017113208770752
global,model_only,3,1,data\raw\mvtec_anomaly_detection\bottle\test\good\001.png,8.814799948595464,3.3643040657043457
global,model_only,3,2,data\raw\mvtec_anomaly_detection\bottle\test\good\002.png,7.865400053560734,4.0550055503845215
global,model_only,3,3,data\raw\mvtec_anomaly_detection\bottle\test\good\003.png,7.871299982070923,4.034144878387451
global,model_only,3,4,data\raw\mvtec_anomaly_detection\bottle\test\good\004.png,7.899399963207543,3.6270015239715576
global,model_only,3,5,data\raw\mvtec_anomaly_detection\bottle\test\good\005.png,7.896499941125512,3.4188554286956787
global,model_only,3,6,data\raw\mvtec_anomaly_detection\bottle\test\good\006.png,7.838699966669083,7.60245943069458
global,model_only,3,7,data\raw\mvtec_anomaly_detection\bottle\test\good\007.png,7.937900023534894,3.72442626953125
global,model_only,3,8,data\raw\mvtec_anomaly_detection\bottle\test\good\008.png,7.8980999533087015,4.842831134796143
global,model_only,3,9,data\raw\mvtec_anomaly_detection\bottle\test\good\009.png,7.782300002872944,3.334599494934082
global,model_only,3,10,data\raw\mvtec_anomaly_detection\bottle\test\good\010.png,7.870699977502227,4.065394401550293
global,model_only,3,11,data\raw\mvtec_anomaly_detection\bottle\test\good\011.png,7.886999985203147,3.5150976181030273
global,model_only,3,12,data\raw\mvtec_anomaly_detection\bottle\test\good\012.png,7.8226999612525105,3.549840211868286
global,model_only,3,13,data\raw\mvtec_anomaly_detection\bottle\test\good\013.png,8.014900027774274,3.0069220066070557
global,model_only,3,14,data\raw\mvtec_anomaly_detection\bottle\test\good\014.png,7.558399927802384,3.568521738052368
global,model_only,3,15,data\raw\mvtec_anomaly_detection\bottle\test\good\015.png,7.9190999967977405,4.474905967712402
global,model_only,3,16,data\raw\mvtec_anomaly_detection\bottle\test\good\016.png,7.871999987401068,3.876321792602539
global,model_only,3,17,data\raw\mvtec_anomaly_detection\bottle\test\good\017.png,7.807000074535608,3.6931345462799072
global,model_only,3,18,data\raw\mvtec_anomaly_detection\bottle\test\good\018.png,7.788400049321353,4.722544193267822
global,model_only,3,19,data\raw\mvtec_anomaly_detection\bottle\test\good\019.png,7.863500039093196,4.36047887802124
global,model_only,3,20,data\raw\mvtec_anomaly_detection\bottle\test\broken_large\000.png,7.935700006783009,10.836047172546387
global,model_only,3,21,data\raw\mvtec_anomaly_detection\bottle\test\broken_large\001.png,7.829600013792515,10.990410804748535
global,model_only,3,22,data\raw\mvtec_anomaly_detection\bottle\test\broken_large\002.png,7.931199972517788,13.593603134155273
global,model_only,3,23,data\raw\mvtec_anomaly_detection\bottle\test\broken_large\003.png,7.926000049337745,14.632071495056152
global,model_only,3,24,data\raw\mvtec_anomaly_detection\bottle\test\broken_large\004.png,7.884699967689812,7.820190906524658
global,model_only,3,25,data\raw\mvtec_anomaly_detection\bottle\test\broken_large\005.png,7.948899990878999,5.357264518737793
global,model_only,3,26,data\raw\mvtec_anomaly_detection\bottle\test\broken_large\006.png,7.959199952892959,11.094616889953613
global,model_only,3,27,data\raw\mvtec_anomaly_detection\bottle\test\broken_large\007.png,7.8313000267371535,12.122002601623535
global,model_only,3,28,data\raw\mvtec_anomaly_detection\bottle\test\broken_large\008.png,7.9335999907925725,12.101669311523438
global,model_only,3,29,data\raw\mvtec_anomaly_detection\bottle\test\broken_large\009.png,7.966900011524558,6.992016315460205
global,model_only,3,30,data\raw\mvtec_anomaly_detection\bottle\test\broken_large\010.png,7.8671999508515,9.243768692016602
global,model_only,3,31,data\raw\mvtec_anomaly_detection\bottle\test\broken_large\011.png,8.003299939446151,7.065302848815918
global,model_only,3,32,data\raw\mvtec_anomaly_detection\bottle\test\broken_large\012.png,7.908799918368459,8.313076972961426
global,model_only,3,33,data\raw\mvtec_anomaly_detection\bottle\test\broken_large\013.png,7.8578999964520335,12.1090087890625
global,model_only,3,34,data\raw\mvtec_anomaly_detection\bottle\test\broken_large\014.png,8.070000098086894,7.605071067810059
global,model_only,3,35,data\raw\mvtec_anomaly_detection\bottle\test\broken_large\015.png,7.54569994751364,8.56758975982666
global,model_only,3,36,data\raw\mvtec_anomaly_detection\bottle\test\broken_large\016.png,8.14139994326979,12.617391586303711
global,model_only,3,37,data\raw\mvtec_anomaly_detection\bottle\test\broken_large\017.png,7.850299938581884,11.072625160217285
global,model_only,3,38,data\raw\mvtec_anomaly_detection\bottle\test\broken_large\018.png,7.841899991035461,13.511702537536621
global,model_only,3,39,data\raw\mvtec_anomaly_detection\bottle\test\broken_large\019.png,7.992999977432191,11.760763168334961
global,model_only,3,40,data\raw\mvtec_anomaly_detection\bottle\test\broken_small\000.png,7.912699948064983,4.970334529876709
global,model_only,3,41,data\raw\mvtec_anomaly_detection\bottle\test\broken_small\001.png,7.914099958725274,5.714140892028809
global,model_only,3,42,data\raw\mvtec_anomaly_detection\bottle\test\broken_small\002.png,8.22600000537932,7.03446626663208
global,model_only,3,43,data\raw\mvtec_anomaly_detection\bottle\test\broken_small\003.png,7.96209997497499,10.017215728759766
global,model_only,3,44,data\raw\mvtec_anomaly_detection\bottle\test\broken_small\004.png,7.830599904991686,9.319269180297852
global,model_only,3,45,data\raw\mvtec_anomaly_detection\bottle\test\broken_small\005.png,7.716499967500567,8.747062683105469
global,model_only,3,46,data\raw\mvtec_anomaly_detection\bottle\test\broken_small\006.png,8.264300064183772,8.606796264648438
global,model_only,3,47,data\raw\mvtec_anomaly_detection\bottle\test\broken_small\007.png,7.725599920377135,4.218527793884277
global,model_only,3,48,data\raw\mvtec_anomaly_detection\bottle\test\broken_small\008.png,7.943500066176057,8.423806190490723
global,model_only,3,49,data\raw\mvtec_anomaly_detection\bottle\test\broken_small\009.png,7.852899958379567,5.443728446960449
global,model_only,3,50,data\raw\mvtec_anomaly_detection\bottle\test\broken_small\010.png,8.069199975579977,7.249806880950928
global,model_only,3,51,data\raw\mvtec_anomaly_detection\bottle\test\broken_small\011.png,7.854599971324205,5.453526020050049
global,model_only,3,52,data\raw\mvtec_anomaly_detection\bottle\test\broken_small\012.png,8.11050005722791,10.358548164367676
global,model_only,3,53,data\raw\mvtec_anomaly_detection\bottle\test\broken_small\013.png,7.875200011767447,5.407528877258301
global,model_only,3,54,data\raw\mvtec_anomaly_detection\bottle\test\broken_small\014.png,7.946799974888563,5.148087501525879
global,model_only,3,55,data\raw\mvtec_anomaly_detection\bottle\test\broken_small\015.png,7.747200084850192,6.720308780670166
global,model_only,3,56,data\raw\mvtec_anomaly_detection\bottle\test\broken_small\016.png,7.843999890610576,5.688438415527344
global,model_only,3,57,data\raw\mvtec_anomaly_detection\bottle\test\broken_small\017.png,7.875300012528896,6.591012001037598
global,model_only,3,58,data\raw\mvtec_anomaly_detection\bottle\test\broken_small\018.png,7.986500044353306,7.843886852264404
global,model_only,3,59,data\raw\mvtec_anomaly_detection\bottle\test\broken_small\019.png,7.902499986812472,7.604406356811523
global,model_only,3,60,data\raw\mvtec_anomaly_detection\bottle\test\broken_small\020.png,7.870499975979328,5.945611000061035
global,model_only,3,61,data\raw\mvtec_anomaly_detection\bottle\test\broken_small\021.png,7.827599998563528,5.120784282684326
global,model_only,3,62,data\raw\mvtec_anomaly_detection\bottle\test\contamination\000.png,7.822800078429282,11.47176456451416
global,model_only,3,63,data\raw\mvtec_anomaly_detection\bottle\test\contamination\001.png,7.88230006583035,7.652297496795654
global,model_only,3,64,data\raw\mvtec_anomaly_detection\bottle\test\contamination\002.png,7.914399961009622,7.044689178466797
global,model_only,3,65,data\raw\mvtec_anomaly_detection\bottle\test\contamination\003.png,7.964300108142197,4.692803382873535
global,model_only,3,66,data\raw\mvtec_anomaly_detection\bottle\test\contamination\004.png,7.942999945953488,5.177973747253418
global,model_only,3,67,data\raw\mvtec_anomaly_detection\bottle\test\contamination\005.png,7.8653000527992845,13.808260917663574
global,model_only,3,68,data\raw\mvtec_anomaly_detection\bottle\test\contamination\006.png,7.937400019727647,13.871113777160645
global,model_only,3,69,data\raw\mvtec_anomaly_detection\bottle\test\contamination\007.png,7.875400013290346,12.646900177001953
global,model_only,3,70,data\raw\mvtec_anomaly_detection\bottle\test\contamination\008.png,7.884899969212711,13.780007362365723
global,model_only,3,71,data\raw\mvtec_anomaly_detection\bottle\test\contamination\009.png,7.864299928769469,10.758851051330566
global,model_only,3,72,data\raw\mvtec_anomaly_detection\bottle\test\contamination\010.png,7.75930006057024,14.978758811950684
global,model_only,3,73,data\raw\mvtec_anomaly_detection\bottle\test\contamination\011.png,8.033800055272877,11.607461929321289
global,model_only,3,74,data\raw\mvtec_anomaly_detection\bottle\test\contamination\012.png,7.876500021666288,14.590177536010742
global,model_only,3,75,data\raw\mvtec_anomaly_detection\bottle\test\contamination\013.png,7.596699986606836,11.32228946685791
global,model_only,3,76,data\raw\mvtec_anomaly_detection\bottle\test\contamination\014.png,7.893300033174455,6.655354976654053
global,model_only,3,77,data\raw\mvtec_anomaly_detection\bottle\test\contamination\015.png,7.893000030890107,11.904013633728027
global,model_only,3,78,data\raw\mvtec_anomaly_detection\bottle\test\contamination\016.png,7.964899996295571,9.378034591674805
global,model_only,3,79,data\raw\mvtec_anomaly_detection\bottle\test\contamination\017.png,8.086399990133941,12.31865406036377
global,model_only,3,80,data\raw\mvtec_anomaly_detection\bottle\test\contamination\018.png,7.536099990829825,6.62711238861084
global,model_only,3,81,data\raw\mvtec_anomaly_detection\bottle\test\contamination\019.png,7.893500034697354,4.945804595947266
global,model_only,3,82,data\raw\mvtec_anomaly_detection\bottle\test\contamination\020.png,7.734299986623228,12.403044700622559
global,model_only,4,0,data\raw\mvtec_anomaly_detection\bottle\test\good\000.png,8.57399997767061,4.017113208770752
global,model_only,4,1,data\raw\mvtec_anomaly_detection\bottle\test\good\001.png,9.088600054383278,3.3643040657043457
global,model_only,4,2,data\raw\mvtec_anomaly_detection\bottle\test\good\002.png,7.868199958465993,4.0550055503845215
global,model_only,4,3,data\raw\mvtec_anomaly_detection\bottle\test\good\003.png,7.956199930049479,4.034144878387451
global,model_only,4,4,data\raw\mvtec_anomaly_detection\bottle\test\good\004.png,7.958500063978136,3.6270015239715576
global,model_only,4,5,data\raw\mvtec_anomaly_detection\bottle\test\good\005.png,8.094399934634566,3.4188554286956787
global,model_only,4,6,data\raw\mvtec_anomaly_detection\bottle\test\good\006.png,8.075400022789836,7.60245943069458
global,model_only,4,7,data\raw\mvtec_anomaly_detection\bottle\test\good\007.png,7.959200069308281,3.72442626953125
global,model_only,4,8,data\raw\mvtec_anomaly_detection\bottle\test\good\008.png,7.9064000165089965,4.842831134796143
global,model_only,4,9,data\raw\mvtec_anomaly_detection\bottle\test\good\009.png,7.8983999555930495,3.334599494934082
global,model_only,4,10,data\raw\mvtec_anomaly_detection\bottle\test\good\010.png,7.940300041809678,4.065394401550293
global,model_only,4,11,data\raw\mvtec_anomaly_detection\bottle\test\good\011.png,7.912100059911609,3.5150976181030273
global,model_only,4,12,data\raw\mvtec_anomaly_detection\bottle\test\good\012.png,7.886299979873002,3.549840211868286
global,model_only,4,13,data\raw\mvtec_anomaly_detection\bottle\test\good\013.png,7.902499986812472,3.0069220066070557
global,model_only,4,14,data\raw\mvtec_anomaly_detection\bottle\test\good\014.png,8.012800011783838,3.568521738052368
global,model_only,4,15,data\raw\mvtec_anomaly_detection\bottle\test\good\015.png,7.9153000842779875,4.474905967712402
global,model_only,4,16,data\raw\mvtec_anomaly_detection\bottle\test\good\016.png,7.967400015331805,3.876321792602539
global,model_only,4,17,data\raw\mvtec_anomaly_detection\bottle\test\good\017.png,7.843300001695752,3.6931345462799072
global,model_only,4,18,data\raw\mvtec_anomaly_detection\bottle\test\good\018.png,7.962200092151761,4.722544193267822
global,model_only,4,19,data\raw\mvtec_anomaly_detection\bottle\test\good\019.png,7.716800086200237,4.36047887802124
global,model_only,4,20,data\raw\mvtec_anomaly_detection\bottle\test\broken_large\000.png,7.931199972517788,10.836047172546387
global,model_only,4,21,data\raw\mvtec_anomaly_detection\bottle\test\broken_large\001.png,7.952000014483929,10.990410804748535
global,model_only,4,22,data\raw\mvtec_anomaly_detection\bottle\test\broken_large\002.png,7.616600021719933,13.593603134155273
global,model_only,4,23,data\raw\mvtec_anomaly_detection\bottle\test\broken_large\003.png,7.88230006583035,14.632071495056152
global,model_only,4,24,data\raw\mvtec_anomaly_detection\bottle\test\broken_large\004.png,8.046200033277273,7.820190906524658
global,model_only,4,25,data\raw\mvtec_anomaly_detection\bottle\test\broken_large\005.png,7.879399927332997,5.357264518737793
global,model_only,4,26,data\raw\mvtec_anomaly_detection\bottle\test\broken_large\006.png,7.89989996701479,11.094616889953613
global,model_only,4,27,data\raw\mvtec_anomaly_detection\bottle\test\broken_large\007.png,7.862300029955804,12.122002601623535
global,model_only,4,28,data\raw\mvtec_anomaly_detection\bottle\test\broken_large\008.png,7.943899952806532,12.101669311523438
global,model_only,4,29,data\raw\mvtec_anomaly_detection\bottle\test\broken_large\009.png,7.750999997369945,6.992016315460205
global,model_only,4,30,data\raw\mvtec_anomaly_detection\bottle\test\broken_large\010.png,7.979299989528954,9.243768692016602
global,model_only,4,31,data\raw\mvtec_anomaly_detection\bottle\test\broken_large\011.png,7.888899999670684,7.065302848815918
global,model_only,4,32,data\raw\mvtec_anomaly_detection\bottle\test\broken_large\012.png,7.899199961684644,8.313076972961426
global,model_only,4,33,data\raw\mvtec_anomaly_detection\bottle\test\broken_large\013.png,7.827399997040629,12.1090087890625
global,model_only,4,34,data\raw\mvtec_anomaly_detection\bottle\test\broken_large\014.png,8.002299931831658,7.605071067810059
global,model_only,4,35,data\raw\mvtec_anomaly_detection\bottle\test\broken_large\015.png,8.201299933716655,8.56758975982666
global,model_only,4,36,data\raw\mvtec_anomaly_detection\bottle\test\broken_large\016.png,9.914500056765974,12.617391586303711
global,model_only,4,37,data\raw\mvtec_anomaly_detection\bottle\test\broken_large\017.png,7.8856999753043056,11.072625160217285
global,model_only,4,38,data\raw\mvtec_anomaly_detection\bottle\test\broken_large\018.png,7.81400001142174,13.511702537536621
global,model_only,4,39,data\raw\mvtec_anomaly_detection\bottle\test\broken_large\019.png,8.093300042673945,11.760763168334961
global,model_only,4,40,data\raw\mvtec_anomaly_detection\bottle\test\broken_small\000.png,7.84970005042851,4.970334529876709
global,model_only,4,41,data\raw\mvtec_anomaly_detection\bottle\test\broken_small\001.png,8.031700039282441,5.714140892028809
global,model_only,4,42,data\raw\mvtec_anomaly_detection\bottle\test\broken_small\002.png,7.852599956095219,7.03446626663208
global,model_only,4,43,data\raw\mvtec_anomaly_detection\bottle\test\broken_small\003.png,8.139200042933226,10.017215728759766
global,model_only,4,44,data\raw\mvtec_anomaly_detection\bottle\test\broken_small\004.png,7.8310000244528055,9.319269180297852
global,model_only,4,45,data\raw\mvtec_anomaly_detection\bottle\test\broken_small\005.png,7.85840000025928,8.747062683105469
global,model_only,4,46,data\raw\mvtec_anomaly_detection\bottle\test\broken_small\006.png,7.911100052297115,8.606796264648438
global,model_only,4,47,data\raw\mvtec_anomaly_detection\bottle\test\broken_small\007.png,7.9070000210776925,4.218527793884277
global,model_only,4,48,data\raw\mvtec_anomaly_detection\bottle\test\broken_small\008.png,7.889899890869856,8.423806190490723
global,model_only,4,49,data\raw\mvtec_anomaly_detection\bottle\test\broken_small\009.png,7.936900015920401,5.443728446960449
global,model_only,4,50,data\raw\mvtec_anomaly_detection\bottle\test\broken_small\010.png,8.186799939721823,7.249806880950928
global,model_only,4,51,data\raw\mvtec_anomaly_detection\bottle\test\broken_small\011.png,7.847600034438074,5.453526020050049
global,model_only,4,52,data\raw\mvtec_anomaly_detection\bottle\test\broken_small\012.png,7.81099998857826,10.358548164367676
global,model_only,4,53,data\raw\mvtec_anomaly_detection\bottle\test\broken_small\013.png,7.925199926830828,5.407528877258301
global,model_only,4,54,data\raw\mvtec_anomaly_detection\bottle\test\broken_small\014.png,7.878700038418174,5.148087501525879
global,model_only,4,55,data\raw\mvtec_anomaly_detection\bottle\test\broken_small\015.png,7.944700075313449,6.720308780670166
global,model_only,4,56,data\raw\mvtec_anomaly_detection\bottle\test\broken_small\016.png,7.7942999778315425,5.688438415527344
global,model_only,4,57,data\raw\mvtec_anomaly_detection\bottle\test\broken_small\017.png,7.913899957202375,6.591012001037598
global,model_only,4,58,data\raw\mvtec_anomaly_detection\bottle\test\broken_small\018.png,7.959999958984554,7.843886852264404
global,model_only,4,59,data\raw\mvtec_anomaly_detection\bottle\test\broken_small\019.png,8.071199990808964,7.604406356811523
global,model_only,4,60,data\raw\mvtec_anomaly_detection\bottle\test\broken_small\020.png,7.845799904316664,5.945611000061035
global,model_only,4,61,data\raw\mvtec_anomaly_detection\bottle\test\broken_small\021.png,7.764699985273182,5.120784282684326
global,model_only,4,62,data\raw\mvtec_anomaly_detection\bottle\test\contamination\000.png,7.934599998407066,11.47176456451416
global,model_only,4,63,data\raw\mvtec_anomaly_detection\bottle\test\contamination\001.png,7.917199982330203,7.652297496795654
global,model_only,4,64,data\raw\mvtec_anomaly_detection\bottle\test\contamination\002.png,7.630400010384619,7.044689178466797
global,model_only,4,65,data\raw\mvtec_anomaly_detection\bottle\test\contamination\003.png,7.912600063718855,4.692803382873535
global,model_only,4,66,data\raw\mvtec_anomaly_detection\bottle\test\contamination\004.png,7.798300008289516,5.177973747253418
global,model_only,4,67,data\raw\mvtec_anomaly_detection\bottle\test\contamination\005.png,7.959499955177307,13.808260917663574
global,model_only,4,68,data\raw\mvtec_anomaly_detection\bottle\test\contamination\006.png,7.89860007353127,13.871113777160645
global,model_only,4,69,data\raw\mvtec_anomaly_detection\bottle\test\contamination\007.png,8.33710003644228,12.646900177001953
global,model_only,4,70,data\raw\mvtec_anomaly_detection\bottle\test\contamination\008.png,7.625899976119399,13.780007362365723
global,model_only,4,71,data\raw\mvtec_anomaly_detection\bottle\test\contamination\009.png,9.065599995665252,10.758851051330566
global,model_only,4,72,data\raw\mvtec_anomaly_detection\bottle\test\contamination\010.png,8.214300032705069,14.978758811950684
global,model_only,4,73,data\raw\mvtec_anomaly_detection\bottle\test\contamination\011.png,7.9595999559387565,11.607461929321289
global,model_only,4,74,data\raw\mvtec_anomaly_detection\bottle\test\contamination\012.png,7.829400012269616,14.590177536010742
global,model_only,4,75,data\raw\mvtec_anomaly_detection\bottle\test\contamination\013.png,7.606300059705973,11.32228946685791
global,model_only,4,76,data\raw\mvtec_anomaly_detection\bottle\test\contamination\014.png,7.827499997802079,6.655354976654053
global,model_only,4,77,data\raw\mvtec_anomaly_detection\bottle\test\contamination\015.png,7.91309995111078,11.904013633728027
global,model_only,4,78,data\raw\mvtec_anomaly_detection\bottle\test\contamination\016.png,7.874200004152954,9.378034591674805
global,model_only,4,79,data\raw\mvtec_anomaly_detection\bottle\test\contamination\017.png,7.89229990914464,12.31865406036377
global,model_only,4,80,data\raw\mvtec_anomaly_detection\bottle\test\contamination\018.png,8.10719991568476,6.62711238861084
global,model_only,4,81,data\raw\mvtec_anomaly_detection\bottle\test\contamination\019.png,7.825299981050193,4.945804595947266
global,model_only,4,82,data\raw\mvtec_anomaly_detection\bottle\test\contamination\020.png,7.84209999255836,12.403044700622559
global,end_to_end,0,0,data\raw\mvtec_anomaly_detection\bottle\test\good\000.png,29.841699986718595,4.017113208770752
global,end_to_end,0,1,data\raw\mvtec_anomaly_detection\bottle\test\good\001.png,29.028199962340295,3.3643040657043457
global,end_to_end,0,2,data\raw\mvtec_anomaly_detection\bottle\test\good\002.png,26.062499964609742,4.0550055503845215
global,end_to_end,0,3,data\raw\mvtec_anomaly_detection\bottle\test\good\003.png,26.35469997767359,4.034144878387451
global,end_to_end,0,4,data\raw\mvtec_anomaly_detection\bottle\test\good\004.png,25.918600033037364,3.6270015239715576
global,end_to_end,0,5,data\raw\mvtec_anomaly_detection\bottle\test\good\005.png,26.908600004389882,3.4188554286956787
global,end_to_end,0,6,data\raw\mvtec_anomaly_detection\bottle\test\good\006.png,26.69720002450049,7.60245943069458
global,end_to_end,0,7,data\raw\mvtec_anomaly_detection\bottle\test\good\007.png,25.808500009588897,3.72442626953125
global,end_to_end,0,8,data\raw\mvtec_anomaly_detection\bottle\test\good\008.png,28.833999997004867,4.842831134796143
global,end_to_end,0,9,data\raw\mvtec_anomaly_detection\bottle\test\good\009.png,26.406100019812584,3.334599494934082
global,end_to_end,0,10,data\raw\mvtec_anomaly_detection\bottle\test\good\010.png,26.422000024467707,4.065394401550293
global,end_to_end,0,11,data\raw\mvtec_anomaly_detection\bottle\test\good\011.png,27.17280003707856,3.5150976181030273
global,end_to_end,0,12,data\raw\mvtec_anomaly_detection\bottle\test\good\012.png,26.397199952043593,3.549840211868286
global,end_to_end,0,13,data\raw\mvtec_anomaly_detection\bottle\test\good\013.png,26.21979999821633,3.0069220066070557
global,end_to_end,0,14,data\raw\mvtec_anomaly_detection\bottle\test\good\014.png,26.711100013926625,3.568521738052368
global,end_to_end,0,15,data\raw\mvtec_anomaly_detection\bottle\test\good\015.png,26.171499979682267,4.474905967712402
global,end_to_end,0,16,data\raw\mvtec_anomaly_detection\bottle\test\good\016.png,26.656900066882372,3.876321792602539
global,end_to_end,0,17,data\raw\mvtec_anomaly_detection\bottle\test\good\017.png,26.952799991704524,3.6931345462799072
global,end_to_end,0,18,data\raw\mvtec_anomaly_detection\bottle\test\good\018.png,26.149800047278404,4.722544193267822
global,end_to_end,0,19,data\raw\mvtec_anomaly_detection\bottle\test\good\019.png,26.263599982485175,4.36047887802124
global,end_to_end,0,20,data\raw\mvtec_anomaly_detection\bottle\test\broken_large\000.png,26.186099974438548,10.836047172546387
global,end_to_end,0,21,data\raw\mvtec_anomaly_detection\bottle\test\broken_large\001.png,28.00819999538362,10.990410804748535
global,end_to_end,0,22,data\raw\mvtec_anomaly_detection\bottle\test\broken_large\002.png,28.53389992378652,13.593603134155273
global,end_to_end,0,23,data\raw\mvtec_anomaly_detection\bottle\test\broken_large\003.png,29.871699982322752,14.632071495056152
global,end_to_end,0,24,data\raw\mvtec_anomaly_detection\bottle\test\broken_large\004.png,28.241800027899444,7.820190906524658
global,end_to_end,0,25,data\raw\mvtec_anomaly_detection\bottle\test\broken_large\005.png,30.489000026136637,5.357264518737793
global,end_to_end,0,26,data\raw\mvtec_anomaly_detection\bottle\test\broken_large\006.png,27.93409989681095,11.094616889953613
global,end_to_end,0,27,data\raw\mvtec_anomaly_detection\bottle\test\broken_large\007.png,26.698300032876432,12.122002601623535
global,end_to_end,0,28,data\raw\mvtec_anomaly_detection\bottle\test\broken_large\008.png,26.469400036148727,12.101669311523438
global,end_to_end,0,29,data\raw\mvtec_anomaly_detection\bottle\test\broken_large\009.png,26.749799959361553,6.992016315460205
global,end_to_end,0,30,data\raw\mvtec_anomaly_detection\bottle\test\broken_large\010.png,26.731399935670197,9.243768692016602
global,end_to_end,0,31,data\raw\mvtec_anomaly_detection\bottle\test\broken_large\011.png,29.305800097063184,7.065302848815918
global,end_to_end,0,32,data\raw\mvtec_anomaly_detection\bottle\test\broken_large\012.png,28.458099928684533,8.313076972961426
global,end_to_end,0,33,data\raw\mvtec_anomaly_detection\bottle\test\broken_large\013.png,26.34270000271499,12.1090087890625
global,end_to_end,0,34,data\raw\mvtec_anomaly_detection\bottle\test\broken_large\014.png,29.402000014670193,7.605071067810059
global,end_to_end,0,35,data\raw\mvtec_anomaly_detection\bottle\test\broken_large\015.png,29.520199983380735,8.56758975982666
global,end_to_end,0,36,data\raw\mvtec_anomaly_detection\bottle\test\broken_large\016.png,27.138000004924834,12.617391586303711
global,end_to_end,0,37,data\raw\mvtec_anomaly_detection\bottle\test\broken_large\017.png,26.568799978122115,11.072625160217285
global,end_to_end,0,38,data\raw\mvtec_anomaly_detection\bottle\test\broken_large\018.png,25.847600074484944,13.511702537536621
global,end_to_end,0,39,data\raw\mvtec_anomaly_detection\bottle\test\broken_large\019.png,26.77839994430542,11.760763168334961
global,end_to_end,0,40,data\raw\mvtec_anomaly_detection\bottle\test\broken_small\000.png,26.60799992736429,4.970334529876709
global,end_to_end,0,41,data\raw\mvtec_anomaly_detection\bottle\test\broken_small\001.png,26.136300060898066,5.714140892028809
global,end_to_end,0,42,data\raw\mvtec_anomaly_detection\bottle\test\broken_small\002.png,27.46450004633516,7.03446626663208
global,end_to_end,0,43,data\raw\mvtec_anomaly_detection\bottle\test\broken_small\003.png,29.491599998436868,10.017215728759766
global,end_to_end,0,44,data\raw\mvtec_anomaly_detection\bottle\test\broken_small\004.png,26.254700031131506,9.319269180297852
global,end_to_end,0,45,data\raw\mvtec_anomaly_detection\bottle\test\broken_small\005.png,26.86849993187934,8.747062683105469
global,end_to_end,0,46,data\raw\mvtec_anomaly_detection\bottle\test\broken_small\006.png,26.260800077579916,8.606796264648438
global,end_to_end,0,47,data\raw\mvtec_anomaly_detection\bottle\test\broken_small\007.png,26.044699945487082,4.218527793884277
global,end_to_end,0,48,data\raw\mvtec_anomaly_detection\bottle\test\broken_small\008.png,26.861999998800457,8.423806190490723
global,end_to_end,0,49,data\raw\mvtec_anomaly_detection\bottle\test\broken_small\009.png,26.28380001988262,5.443728446960449
global,end_to_end,0,50,data\raw\mvtec_anomaly_detection\bottle\test\broken_small\010.png,29.511300032027066,7.249806880950928
global,end_to_end,0,51,data\raw\mvtec_anomaly_detection\bottle\test\broken_small\011.png,26.93699998781085,5.453526020050049
global,end_to_end,0,52,data\raw\mvtec_anomaly_detection\bottle\test\broken_small\012.png,26.631399989128113,10.358548164367676
global,end_to_end,0,53,data\raw\mvtec_anomaly_detection\bottle\test\broken_small\013.png,27.044299989938736,5.407528877258301
global,end_to_end,0,54,data\raw\mvtec_anomaly_detection\bottle\test\broken_small\014.png,27.00240002013743,5.148087501525879
global,end_to_end,0,55,data\raw\mvtec_anomaly_detection\bottle\test\broken_small\015.png,26.976000051945448,6.720308780670166
global,end_to_end,0,56,data\raw\mvtec_anomaly_detection\bottle\test\broken_small\016.png,29.08969996497035,5.688438415527344
global,end_to_end,0,57,data\raw\mvtec_anomaly_detection\bottle\test\broken_small\017.png,27.55050000268966,6.591012001037598
global,end_to_end,0,58,data\raw\mvtec_anomaly_detection\bottle\test\broken_small\018.png,27.310699922963977,7.843886852264404
global,end_to_end,0,59,data\raw\mvtec_anomaly_detection\bottle\test\broken_small\019.png,27.53429999575019,7.604406356811523
global,end_to_end,0,60,data\raw\mvtec_anomaly_detection\bottle\test\broken_small\020.png,27.502499986439943,5.945611000061035
global,end_to_end,0,61,data\raw\mvtec_anomaly_detection\bottle\test\broken_small\021.png,27.276900014840066,5.120784282684326
global,end_to_end,0,62,data\raw\mvtec_anomaly_detection\bottle\test\contamination\000.png,27.71080005913973,11.47176456451416
global,end_to_end,0,63,data\raw\mvtec_anomaly_detection\bottle\test\contamination\001.png,30.07360000628978,7.652297496795654
global,end_to_end,0,64,data\raw\mvtec_anomaly_detection\bottle\test\contamination\002.png,30.434100073762238,7.044689178466797
global,end_to_end,0,65,data\raw\mvtec_anomaly_detection\bottle\test\contamination\003.png,30.319300014525652,4.692803382873535
global,end_to_end,0,66,data\raw\mvtec_anomaly_detection\bottle\test\contamination\004.png,27.73560001514852,5.177973747253418
global,end_to_end,0,67,data\raw\mvtec_anomaly_detection\bottle\test\contamination\005.png,27.43060002103448,13.808260917663574
global,end_to_end,0,68,data\raw\mvtec_anomaly_detection\bottle\test\contamination\006.png,29.664200032129884,13.871113777160645
global,end_to_end,0,69,data\raw\mvtec_anomaly_detection\bottle\test\contamination\007.png,30.81599995493889,12.646900177001953
global,end_to_end,0,70,data\raw\mvtec_anomaly_detection\bottle\test\contamination\008.png,30.58170003350824,13.780007362365723
global,end_to_end,0,71,data\raw\mvtec_anomaly_detection\bottle\test\contamination\009.png,30.313099967315793,10.758851051330566
global,end_to_end,0,72,data\raw\mvtec_anomaly_detection\bottle\test\contamination\010.png,28.303600032813847,14.978758811950684
global,end_to_end,0,73,data\raw\mvtec_anomaly_detection\bottle\test\contamination\011.png,30.17730009742081,11.607461929321289
global,end_to_end,0,74,data\raw\mvtec_anomaly_detection\bottle\test\contamination\012.png,30.587999965064228,14.590177536010742
global,end_to_end,0,75,data\raw\mvtec_anomaly_detection\bottle\test\contamination\013.png,27.757100062444806,11.32228946685791
global,end_to_end,0,76,data\raw\mvtec_anomaly_detection\bottle\test\contamination\014.png,27.654999983496964,6.655354976654053
global,end_to_end,0,77,data\raw\mvtec_anomaly_detection\bottle\test\contamination\015.png,29.352000099606812,11.904013633728027
global,end_to_end,0,78,data\raw\mvtec_anomaly_detection\bottle\test\contamination\016.png,27.736600022763014,9.378034591674805
global,end_to_end,0,79,data\raw\mvtec_anomaly_detection\bottle\test\contamination\017.png,27.72209991235286,12.31865406036377
global,end_to_end,0,80,data\raw\mvtec_anomaly_detection\bottle\test\contamination\018.png,28.342099976725876,6.62711238861084
global,end_to_end,0,81,data\raw\mvtec_anomaly_detection\bottle\test\contamination\019.png,27.72090001963079,4.945804595947266
global,end_to_end,0,82,data\raw\mvtec_anomaly_detection\bottle\test\contamination\020.png,27.21829991787672,12.403044700622559
global,end_to_end,1,0,data\raw\mvtec_anomaly_detection\bottle\test\good\000.png,28.50340004079044,4.017113208770752
global,end_to_end,1,1,data\raw\mvtec_anomaly_detection\bottle\test\good\001.png,27.654999983496964,3.3643040657043457
global,end_to_end,1,2,data\raw\mvtec_anomaly_detection\bottle\test\good\002.png,27.42010005749762,4.0550055503845215
global,end_to_end,1,3,data\raw\mvtec_anomaly_detection\bottle\test\good\003.png,27.674300014041364,4.034144878387451
global,end_to_end,1,4,data\raw\mvtec_anomaly_detection\bottle\test\good\004.png,27.422800078056753,3.6270015239715576
global,end_to_end,1,5,data\raw\mvtec_anomaly_detection\bottle\test\good\005.png,27.534499997273088,3.4188554286956787
global,end_to_end,1,6,data\raw\mvtec_anomaly_detection\bottle\test\good\006.png,27.68529998138547,7.60245943069458
global,end_to_end,1,7,data\raw\mvtec_anomaly_detection\bottle\test\good\007.png,27.7001999784261,3.72442626953125
global,end_to_end,1,8,data\raw\mvtec_anomaly_detection\bottle\test\good\008.png,27.58750005159527,4.842831134796143
global,end_to_end,1,9,data\raw\mvtec_anomaly_detection\bottle\test\good\009.png,27.97099994495511,3.334599494934082
global,end_to_end,1,10,data\raw\mvtec_anomaly_detection\bottle\test\good\010.png,27.159900055266917,4.065394401550293
global,end_to_end,1,11,data\raw\mvtec_anomaly_detection\bottle\test\good\011.png,27.493000030517578,3.5150976181030273
global,end_to_end,1,12,data\raw\mvtec_anomaly_detection\bottle\test\good\012.png,27.540699928067625,3.549840211868286
global,end_to_end,1,13,data\raw\mvtec_anomaly_detection\bottle\test\good\013.png,27.697599958628416,3.0069220066070557
global,end_to_end,1,14,data\raw\mvtec_anomaly_detection\bottle\test\good\014.png,30.237199971452355,3.568521738052368
global,end_to_end,1,15,data\raw\mvtec_anomaly_detection\bottle\test\good\015.png,30.893700080923736,4.474905967712402
global,end_to_end,1,16,data\raw\mvtec_anomaly_detection\bottle\test\good\016.png,28.629500069655478,3.876321792602539
global,end_to_end,1,17,data\raw\mvtec_anomaly_detection\bottle\test\good\017.png,27.982400031760335,3.6931345462799072
global,end_to_end,1,18,data\raw\mvtec_anomaly_detection\bottle\test\good\018.png,27.352700009942055,4.722544193267822
global,end_to_end,1,19,data\raw\mvtec_anomaly_detection\bottle\test\good\019.png,27.66429993789643,4.36047887802124
global,end_to_end,1,20,data\raw\mvtec_anomaly_detection\bottle\test\broken_large\000.png,27.5560999289155,10.836047172546387
global,end_to_end,1,21,data\raw\mvtec_anomaly_detection\bottle\test\broken_large\001.png,27.610599994659424,10.990410804748535
global,end_to_end,1,22,data\raw\mvtec_anomaly_detection\bottle\test\broken_large\002.png,27.562899980694056,13.593603134155273
global,end_to_end,1,23,data\raw\mvtec_anomaly_detection\bottle\test\broken_large\003.png,27.356599923223257,14.632071495056152
global,end_to_end,1,24,data\raw\mvtec_anomaly_detection\bottle\test\broken_large\004.png,28.724999981932342,7.820190906524658
global,end_to_end,1,25,data\raw\mvtec_anomaly_detection\bottle\test\broken_large\005.png,28.09140004683286,5.357264518737793
global,end_to_end,1,26,data\raw\mvtec_anomaly_detection\bottle\test\broken_large\006.png,27.34139992389828,11.094616889953613
global,end_to_end,1,27,data\raw\mvtec_anomaly_detection\bottle\test\broken_large\007.png,27.30889990925789,12.122002601623535
global,end_to_end,1,28,data\raw\mvtec_anomaly_detection\bottle\test\broken_large\008.png,31.845099991187453,12.101669311523438
global,end_to_end,1,29,data\raw\mvtec_anomaly_detection\bottle\test\broken_large\009.png,27.591800084337592,6.992016315460205
global,end_to_end,1,30,data\raw\mvtec_anomaly_detection\bottle\test\broken_large\010.png,27.74299995508045,9.243768692016602
global,end_to_end,1,31,data\raw\mvtec_anomaly_detection\bottle\test\broken_large\011.png,27.823799988254905,7.065302848815918
global,end_to_end,1,32,data\raw\mvtec_anomaly_detection\bottle\test\broken_large\012.png,28.971899999305606,8.313076972961426
global,end_to_end,1,33,data\raw\mvtec_anomaly_detection\bottle\test\broken_large\013.png,28.097499976865947,12.1090087890625
global,end_to_end,1,34,data\raw\mvtec_anomaly_detection\bottle\test\broken_large\014.png,27.979000005871058,7.605071067810059
global,end_to_end,1,35,data\raw\mvtec_anomaly_detection\bottle\test\broken_large\015.png,27.6880000019446,8.56758975982666
global,end_to_end,1,36,data\raw\mvtec_anomaly_detection\bottle\test\broken_large\016.png,27.929099975153804,12.617391586303711
global,end_to_end,1,37,data\raw\mvtec_anomaly_detection\bottle\test\broken_large\017.png,27.795600006356835,11.072625160217285
global,end_to_end,1,38,data\raw\mvtec_anomaly_detection\bottle\test\broken_large\018.png,27.721900027245283,13.511702537536621
global,end_to_end,1,39,data\raw\mvtec_anomaly_detection\bottle\test\broken_large\019.png,27.921300032176077,11.760763168334961
global,end_to_end,1,40,data\raw\mvtec_anomaly_detection\bottle\test\broken_small\000.png,27.75339991785586,4.970334529876709
global,end_to_end,1,41,data\raw\mvtec_anomaly_detection\bottle\test\broken_small\001.png,28.029399923980236,5.714140892028809
global,end_to_end,1,42,data\raw\mvtec_anomaly_detection\bottle\test\broken_small\002.png,27.638799976557493,7.03446626663208
global,end_to_end,1,43,data\raw\mvtec_anomaly_detection\bottle\test\broken_small\003.png,27.939900057390332,10.017215728759766
global,end_to_end,1,44,data\raw\mvtec_anomaly_detection\bottle\test\broken_small\004.png,27.998299920000136,9.319269180297852
global,end_to_end,1,45,data\raw\mvtec_anomaly_detection\bottle\test\broken_small\005.png,28.18569994997233,8.747062683105469
global,end_to_end,1,46,data\raw\mvtec_anomaly_detection\bottle\test\broken_small\006.png,27.87970006465912,8.606796264648438
global,end_to_end,1,47,data\raw\mvtec_anomaly_detection\bottle\test\broken_small\007.png,28.15070003271103,4.218527793884277
global,end_to_end,1,48,data\raw\mvtec_anomaly_detection\bottle\test\broken_small\008.png,27.908199932426214,8.423806190490723
global,end_to_end,1,49,data\raw\mvtec_anomaly_detection\bottle\test\broken_small\009.png,27.974499971605837,5.443728446960449
global,end_to_end,1,50,data\raw\mvtec_anomaly_detection\bottle\test\broken_small\010.png,28.47499994095415,7.249806880950928
global,end_to_end,1,51,data\raw\mvtec_anomaly_detection\bottle\test\broken_small\011.png,28.067799983546138,5.453526020050049
global,end_to_end,1,52,data\raw\mvtec_anomaly_detection\bottle\test\broken_small\012.png,28.42739992775023,10.358548164367676
global,end_to_end,1,53,data\raw\mvtec_anomaly_detection\bottle\test\broken_small\013.png,29.45399994496256,5.407528877258301
global,end_to_end,1,54,data\raw\mvtec_anomaly_detection\bottle\test\broken_small\014.png,28.67530006915331,5.148087501525879
global,end_to_end,1,55,data\raw\mvtec_anomaly_detection\bottle\test\broken_small\015.png,31.24130005016923,6.720308780670166
global,end_to_end,1,56,data\raw\mvtec_anomaly_detection\bottle\test\broken_small\016.png,29.89859995432198,5.688438415527344
global,end_to_end,1,57,data\raw\mvtec_anomaly_detection\bottle\test\broken_small\017.png,28.25839992146939,6.591012001037598
global,end_to_end,1,58,data\raw\mvtec_anomaly_detection\bottle\test\broken_small\018.png,31.088900053873658,7.843886852264404
global,end_to_end,1,59,data\raw\mvtec_anomaly_detection\bottle\test\broken_small\019.png,31.282200012356043,7.604406356811523
global,end_to_end,1,60,data\raw\mvtec_anomaly_detection\bottle\test\broken_small\020.png,32.19070006161928,5.945611000061035
global,end_to_end,1,61,data\raw\mvtec_anomaly_detection\bottle\test\broken_small\021.png,31.687900074757636,5.120784282684326
global,end_to_end,1,62,data\raw\mvtec_anomaly_detection\bottle\test\contamination\000.png,28.03779998794198,11.47176456451416
global,end_to_end,1,63,data\raw\mvtec_anomaly_detection\bottle\test\contamination\001.png,28.824999928474426,7.652297496795654
global,end_to_end,1,64,data\raw\mvtec_anomaly_detection\bottle\test\contamination\002.png,28.038999997079372,7.044689178466797
global,end_to_end,1,65,data\raw\mvtec_anomaly_detection\bottle\test\contamination\003.png,28.071400010958314,4.692803382873535
global,end_to_end,1,66,data\raw\mvtec_anomaly_detection\bottle\test\contamination\004.png,28.232199954800308,5.177973747253418
global,end_to_end,1,67,data\raw\mvtec_anomaly_detection\bottle\test\contamination\005.png,28.760500019416213,13.808260917663574
global,end_to_end,1,68,data\raw\mvtec_anomaly_detection\bottle\test\contamination\006.png,30.929700005799532,13.871113777160645
global,end_to_end,1,69,data\raw\mvtec_anomaly_detection\bottle\test\contamination\007.png,28.988300007767975,12.646900177001953
global,end_to_end,1,70,data\raw\mvtec_anomaly_detection\bottle\test\contamination\008.png,28.065400081686676,13.780007362365723
global,end_to_end,1,71,data\raw\mvtec_anomaly_detection\bottle\test\contamination\009.png,29.053500038571656,10.758851051330566
global,end_to_end,1,72,data\raw\mvtec_anomaly_detection\bottle\test\contamination\010.png,28.5563999786973,14.978758811950684
global,end_to_end,1,73,data\raw\mvtec_anomaly_detection\bottle\test\contamination\011.png,28.51780003402382,11.607461929321289
global,end_to_end,1,74,data\raw\mvtec_anomaly_detection\bottle\test\contamination\012.png,28.9846999803558,14.590177536010742
global,end_to_end,1,75,data\raw\mvtec_anomaly_detection\bottle\test\contamination\013.png,28.801399981603026,11.32228946685791
global,end_to_end,1,76,data\raw\mvtec_anomaly_detection\bottle\test\contamination\014.png,28.69139995891601,6.655354976654053
global,end_to_end,1,77,data\raw\mvtec_anomaly_detection\bottle\test\contamination\015.png,28.563400031998754,11.904013633728027
global,end_to_end,1,78,data\raw\mvtec_anomaly_detection\bottle\test\contamination\016.png,28.37740001268685,9.378034591674805
global,end_to_end,1,79,data\raw\mvtec_anomaly_detection\bottle\test\contamination\017.png,29.026299947872758,12.31865406036377
global,end_to_end,1,80,data\raw\mvtec_anomaly_detection\bottle\test\contamination\018.png,28.326699975878,6.62711238861084
global,end_to_end,1,81,data\raw\mvtec_anomaly_detection\bottle\test\contamination\019.png,28.444700059480965,4.945804595947266
global,end_to_end,1,82,data\raw\mvtec_anomaly_detection\bottle\test\contamination\020.png,28.927300008945167,12.403044700622559
global,end_to_end,2,0,data\raw\mvtec_anomaly_detection\bottle\test\good\000.png,28.614999959245324,4.017113208770752
global,end_to_end,2,1,data\raw\mvtec_anomaly_detection\bottle\test\good\001.png,28.461300069466233,3.3643040657043457
global,end_to_end,2,2,data\raw\mvtec_anomaly_detection\bottle\test\good\002.png,28.709399979561567,4.0550055503845215
global,end_to_end,2,3,data\raw\mvtec_anomaly_detection\bottle\test\good\003.png,28.48819992505014,4.034144878387451
global,end_to_end,2,4,data\raw\mvtec_anomaly_detection\bottle\test\good\004.png,28.80670002195984,3.6270015239715576
global,end_to_end,2,5,data\raw\mvtec_anomaly_detection\bottle\test\good\005.png,28.790900018066168,3.4188554286956787
global,end_to_end,2,6,data\raw\mvtec_anomaly_detection\bottle\test\good\006.png,28.721799957565963,7.60245943069458
global,end_to_end,2,7,data\raw\mvtec_anomaly_detection\bottle\test\good\007.png,31.835799920372665,3.72442626953125
global,end_to_end,2,8,data\raw\mvtec_anomaly_detection\bottle\test\good\008.png,31.54899994842708,4.842831134796143
global,end_to_end,2,9,data\raw\mvtec_anomaly_detection\bottle\test\good\009.png,31.81459999177605,3.334599494934082
global,end_to_end,2,10,data\raw\mvtec_anomaly_detection\bottle\test\good\010.png,32.122000004164875,4.065394401550293
global,end_to_end,2,11,data\raw\mvtec_anomaly_detection\bottle\test\good\011.png,32.64199988916516,3.5150976181030273
global,end_to_end,2,12,data\raw\mvtec_anomaly_detection\bottle\test\good\012.png,29.57099990453571,3.549840211868286
global,end_to_end,2,13,data\raw\mvtec_anomaly_detection\bottle\test\good\013.png,28.570799971930683,3.0069220066070557
global,end_to_end,2,14,data\raw\mvtec_anomaly_detection\bottle\test\good\014.png,28.76219991594553,3.568521738052368
global,end_to_end,2,15,data\raw\mvtec_anomaly_detection\bottle\test\good\015.png,29.757600044831634,4.474905967712402
global,end_to_end,2,16,data\raw\mvtec_anomaly_detection\bottle\test\good\016.png,28.804900008253753,3.876321792602539
global,end_to_end,2,17,data\raw\mvtec_anomaly_detection\bottle\test\good\017.png,28.991600032895803,3.6931345462799072
global,end_to_end,2,18,data\raw\mvtec_anomaly_detection\bottle\test\good\018.png,28.998699970543385,4.722544193267822
global,end_to_end,2,19,data\raw\mvtec_anomaly_detection\bottle\test\good\019.png,37.27400000207126,4.36047887802124
global,end_to_end,2,20,data\raw\mvtec_anomaly_detection\bottle\test\broken_large\000.png,29.20119999907911,10.836047172546387
global,end_to_end,2,21,data\raw\mvtec_anomaly_detection\bottle\test\broken_large\001.png,28.94610003568232,10.990410804748535
global,end_to_end,2,22,data\raw\mvtec_anomaly_detection\bottle\test\broken_large\002.png,29.693400021642447,13.593603134155273
global,end_to_end,2,23,data\raw\mvtec_anomaly_detection\bottle\test\broken_large\003.png,30.39250010624528,14.632071495056152
global,end_to_end,2,24,data\raw\mvtec_anomaly_detection\bottle\test\broken_large\004.png,33.26990001369268,7.820190906524658
global,end_to_end,2,25,data\raw\mvtec_anomaly_detection\bottle\test\broken_large\005.png,32.419399940408766,5.357264518737793
global,end_to_end,2,26,data\raw\mvtec_anomaly_detection\bottle\test\broken_large\006.png,32.037400058470666,11.094616889953613
global,end_to_end,2,27,data\raw\mvtec_anomaly_detection\bottle\test\broken_large\007.png,30.16550000756979,12.122002601623535
global,end_to_end,2,28,data\raw\mvtec_anomaly_detection\bottle\test\broken_large\008.png,29.670100077055395,12.101669311523438
global,end_to_end,2,29,data\raw\mvtec_anomaly_detection\bottle\test\broken_large\009.png,32.41599991451949,6.992016315460205
global,end_to_end,2,30,data\raw\mvtec_anomaly_detection\bottle\test\broken_large\010.png,30.361699988134205,9.243768692016602
global,end_to_end,2,31,data\raw\mvtec_anomaly_detection\bottle\test\broken_large\011.png,29.442699975334108,7.065302848815918
global,end_to_end,2,32,data\raw\mvtec_anomaly_detection\bottle\test\broken_large\012.png,29.31950008496642,8.313076972961426
global,end_to_end,2,33,data\raw\mvtec_anomaly_detection\bottle\test\broken_large\013.png,29.496900038793683,12.1090087890625
global,end_to_end,2,34,data\raw\mvtec_anomaly_detection\bottle\test\broken_large\014.png,29.832299915142357,7.605071067810059
global,end_to_end,2,35,data\raw\mvtec_anomaly_detection\bottle\test\broken_large\015.png,29.166700085625052,8.56758975982666
global,end_to_end,2,36,data\raw\mvtec_anomaly_detection\bottle\test\broken_large\016.png,29.30920000653714,12.617391586303711
global,end_to_end,2,37,data\raw\mvtec_anomaly_detection\bottle\test\broken_large\017.png,29.015599982813,11.072625160217285
global,end_to_end,2,38,data\raw\mvtec_anomaly_detection\bottle\test\broken_large\018.png,30.66609997767955,13.511702537536621
global,end_to_end,2,39,data\raw\mvtec_anomaly_detection\bottle\test\broken_large\019.png,32.21159998793155,11.760763168334961
global,end_to_end,2,40,data\raw\mvtec_anomaly_detection\bottle\test\broken_small\000.png,30.96430003643036,4.970334529876709
global,end_to_end,2,41,data\raw\mvtec_anomaly_detection\bottle\test\broken_small\001.png,29.49280000757426,5.714140892028809
global,end_to_end,2,42,data\raw\mvtec_anomaly_detection\bottle\test\broken_small\002.png,30.06040002219379,7.03446626663208
global,end_to_end,2,43,data\raw\mvtec_anomaly_detection\bottle\test\broken_small\003.png,33.09399995487183,10.017215728759766
global,end_to_end,2,44,data\raw\mvtec_anomaly_detection\bottle\test\broken_small\004.png,30.18889995291829,9.319269180297852
global,end_to_end,2,45,data\raw\mvtec_anomaly_detection\bottle\test\broken_small\005.png,29.031599988229573,8.747062683105469
global,end_to_end,2,46,data\raw\mvtec_anomaly_detection\bottle\test\broken_small\006.png,29.2375999270007,8.606796264648438
global,end_to_end,2,47,data\raw\mvtec_anomaly_detection\bottle\test\broken_small\007.png,29.62169994134456,4.218527793884277
global,end_to_end,2,48,data\raw\mvtec_anomaly_detection\bottle\test\broken_small\008.png,30.79380001872778,8.423806190490723
global,end_to_end,2,49,data\raw\mvtec_anomaly_detection\bottle\test\broken_small\009.png,29.69110000412911,5.443728446960449
global,end_to_end,2,50,data\raw\mvtec_anomaly_detection\bottle\test\broken_small\010.png,29.61259998846799,7.249806880950928
global,end_to_end,2,51,data\raw\mvtec_anomaly_detection\bottle\test\broken_small\011.png,30.91039997525513,5.453526020050049
global,end_to_end,2,52,data\raw\mvtec_anomaly_detection\bottle\test\broken_small\012.png,33.21429993957281,10.358548164367676
global,end_to_end,2,53,data\raw\mvtec_anomaly_detection\bottle\test\broken_small\013.png,31.91680007148534,5.407528877258301
global,end_to_end,2,54,data\raw\mvtec_anomaly_detection\bottle\test\broken_small\014.png,29.876300017349422,5.148087501525879
global,end_to_end,2,55,data\raw\mvtec_anomaly_detection\bottle\test\broken_small\015.png,29.473799979314208,6.720308780670166
global,end_to_end,2,56,data\raw\mvtec_anomaly_detection\bottle\test\broken_small\016.png,31.612900085747242,5.688438415527344
global,end_to_end,2,57,data\raw\mvtec_anomaly_detection\bottle\test\broken_small\017.png,33.02390000317246,6.591012001037598
global,end_to_end,2,58,data\raw\mvtec_anomaly_detection\bottle\test\broken_small\018.png,29.95060000102967,7.843886852264404
global,end_to_end,2,59,data\raw\mvtec_anomaly_detection\bottle\test\broken_small\019.png,29.360300046391785,7.604406356811523
global,end_to_end,2,60,data\raw\mvtec_anomaly_detection\bottle\test\broken_small\020.png,32.59409999009222,5.945611000061035
global,end_to_end,2,61,data\raw\mvtec_anomaly_detection\bottle\test\broken_small\021.png,29.55490001477301,5.120784282684326
global,end_to_end,2,62,data\raw\mvtec_anomaly_detection\bottle\test\contamination\000.png,29.700499959290028,11.47176456451416
global,end_to_end,2,63,data\raw\mvtec_anomaly_detection\bottle\test\contamination\001.png,29.551099985837936,7.652297496795654
global,end_to_end,2,64,data\raw\mvtec_anomaly_detection\bottle\test\contamination\002.png,29.628299991600215,7.044689178466797
global,end_to_end,2,65,data\raw\mvtec_anomaly_detection\bottle\test\contamination\003.png,32.54110005218536,4.692803382873535
global,end_to_end,2,66,data\raw\mvtec_anomaly_detection\bottle\test\contamination\004.png,31.456899945624173,5.177973747253418
global,end_to_end,2,67,data\raw\mvtec_anomaly_detection\bottle\test\contamination\005.png,29.57160002551973,13.808260917663574
global,end_to_end,2,68,data\raw\mvtec_anomaly_detection\bottle\test\contamination\006.png,30.118800001218915,13.871113777160645
global,end_to_end,2,69,data\raw\mvtec_anomaly_detection\bottle\test\contamination\007.png,29.774900060147047,12.646900177001953
global,end_to_end,2,70,data\raw\mvtec_anomaly_detection\bottle\test\contamination\008.png,32.77859999798238,13.780007362365723
global,end_to_end,2,71,data\raw\mvtec_anomaly_detection\bottle\test\contamination\009.png,29.776900075376034,10.758851051330566
global,end_to_end,2,72,data\raw\mvtec_anomaly_detection\bottle\test\contamination\010.png,29.911500052548945,14.978758811950684
global,end_to_end,2,73,data\raw\mvtec_anomaly_detection\bottle\test\contamination\011.png,29.70009995624423,11.607461929321289
global,end_to_end,2,74,data\raw\mvtec_anomaly_detection\bottle\test\contamination\012.png,31.01480007171631,14.590177536010742
global,end_to_end,2,75,data\raw\mvtec_anomaly_detection\bottle\test\contamination\013.png,30.12270003091544,11.32228946685791
global,end_to_end,2,76,data\raw\mvtec_anomaly_detection\bottle\test\contamination\014.png,33.36100000888109,6.655354976654053
global,end_to_end,2,77,data\raw\mvtec_anomaly_detection\bottle\test\contamination\015.png,33.053899998776615,11.904013633728027
global,end_to_end,2,78,data\raw\mvtec_anomaly_detection\bottle\test\contamination\016.png,32.60000003501773,9.378034591674805
global,end_to_end,2,79,data\raw\mvtec_anomaly_detection\bottle\test\contamination\017.png,30.261300038546324,12.31865406036377
global,end_to_end,2,80,data\raw\mvtec_anomaly_detection\bottle\test\contamination\018.png,29.582599992863834,6.62711238861084
global,end_to_end,2,81,data\raw\mvtec_anomaly_detection\bottle\test\contamination\019.png,32.13930001948029,4.945804595947266
global,end_to_end,2,82,data\raw\mvtec_anomaly_detection\bottle\test\contamination\020.png,30.194299994036555,12.403044700622559
global,end_to_end,3,0,data\raw\mvtec_anomaly_detection\bottle\test\good\000.png,32.09039999637753,4.017113208770752
global,end_to_end,3,1,data\raw\mvtec_anomaly_detection\bottle\test\good\001.png,29.97699996922165,3.3643040657043457
global,end_to_end,3,2,data\raw\mvtec_anomaly_detection\bottle\test\good\002.png,30.42770002502948,4.0550055503845215
global,end_to_end,3,3,data\raw\mvtec_anomaly_detection\bottle\test\good\003.png,29.778600088320673,4.034144878387451
global,end_to_end,3,4,data\raw\mvtec_anomaly_detection\bottle\test\good\004.png,36.507399985566735,3.6270015239715576
global,end_to_end,3,5,data\raw\mvtec_anomaly_detection\bottle\test\good\005.png,39.11800007335842,3.4188554286956787
global,end_to_end,3,6,data\raw\mvtec_anomaly_detection\bottle\test\good\006.png,29.955500038340688,7.60245943069458
global,end_to_end,3,7,data\raw\mvtec_anomaly_detection\bottle\test\good\007.png,37.708899937570095,3.72442626953125
global,end_to_end,3,8,data\raw\mvtec_anomaly_detection\bottle\test\good\008.png,29.767900006845593,4.842831134796143
global,end_to_end,3,9,data\raw\mvtec_anomaly_detection\bottle\test\good\009.png,31.039100023917854,3.334599494934082
global,end_to_end,3,10,data\raw\mvtec_anomaly_detection\bottle\test\good\010.png,35.16899992246181,4.065394401550293
global,end_to_end,3,11,data\raw\mvtec_anomaly_detection\bottle\test\good\011.png,35.593300010077655,3.5150976181030273
global,end_to_end,3,12,data\raw\mvtec_anomaly_detection\bottle\test\good\012.png,35.74560000561178,3.549840211868286
global,end_to_end,3,13,data\raw\mvtec_anomaly_detection\bottle\test\good\013.png,35.369700053706765,3.0069220066070557
global,end_to_end,3,14,data\raw\mvtec_anomaly_detection\bottle\test\good\014.png,36.37799993157387,3.568521738052368
global,end_to_end,3,15,data\raw\mvtec_anomaly_detection\bottle\test\good\015.png,34.34200002811849,4.474905967712402
global,end_to_end,3,16,data\raw\mvtec_anomaly_detection\bottle\test\good\016.png,30.02940001897514,3.876321792602539
global,end_to_end,3,17,data\raw\mvtec_anomaly_detection\bottle\test\good\017.png,30.10469989385456,3.6931345462799072
global,end_to_end,3,18,data\raw\mvtec_anomaly_detection\bottle\test\good\018.png,30.41120001580566,4.722544193267822
global,end_to_end,3,19,data\raw\mvtec_anomaly_detection\bottle\test\good\019.png,29.7864000312984,4.36047887802124
global,end_to_end,3,20,data\raw\mvtec_anomaly_detection\bottle\test\broken_large\000.png,29.855399974621832,10.836047172546387
global,end_to_end,3,21,data\raw\mvtec_anomaly_detection\bottle\test\broken_large\001.png,29.898399952799082,10.990410804748535
global,end_to_end,3,22,data\raw\mvtec_anomaly_detection\bottle\test\broken_large\002.png,29.807599959895015,13.593603134155273
global,end_to_end,3,23,data\raw\mvtec_anomaly_detection\bottle\test\broken_large\003.png,31.337799970060587,14.632071495056152
global,end_to_end,3,24,data\raw\mvtec_anomaly_detection\bottle\test\broken_large\004.png,34.78679992258549,7.820190906524658
global,end_to_end,3,25,data\raw\mvtec_anomaly_detection\bottle\test\broken_large\005.png,32.94950001873076,5.357264518737793
global,end_to_end,3,26,data\raw\mvtec_anomaly_detection\bottle\test\broken_large\006.png,32.76959992945194,11.094616889953613
global,end_to_end,3,27,data\raw\mvtec_anomaly_detection\bottle\test\broken_large\007.png,30.129499966278672,12.122002601623535
global,end_to_end,3,28,data\raw\mvtec_anomaly_detection\bottle\test\broken_large\008.png,31.822599936276674,12.101669311523438
global,end_to_end,3,29,data\raw\mvtec_anomaly_detection\bottle\test\broken_large\009.png,29.780499986372888,6.992016315460205
global,end_to_end,3,30,data\raw\mvtec_anomaly_detection\bottle\test\broken_large\010.png,29.933799989521503,9.243768692016602
global,end_to_end,3,31,data\raw\mvtec_anomaly_detection\bottle\test\broken_large\011.png,33.035899978131056,7.065302848815918
global,end_to_end,3,32,data\raw\mvtec_anomaly_detection\bottle\test\broken_large\012.png,31.791400047950447,8.313076972961426
global,end_to_end,3,33,data\raw\mvtec_anomaly_detection\bottle\test\broken_large\013.png,30.018999939784408,12.1090087890625
global,end_to_end,3,34,data\raw\mvtec_anomaly_detection\bottle\test\broken_large\014.png,30.017900047823787,7.605071067810059
global,end_to_end,3,35,data\raw\mvtec_anomaly_detection\bottle\test\broken_large\015.png,32.15819993056357,8.56758975982666
global,end_to_end,3,36,data\raw\mvtec_anomaly_detection\bottle\test\broken_large\016.png,29.35909992083907,12.617391586303711
global,end_to_end,3,37,data\raw\mvtec_anomaly_detection\bottle\test\broken_large\017.png,30.053599970415235,11.072625160217285
global,end_to_end,3,38,data\raw\mvtec_anomaly_detection\bottle\test\broken_large\018.png,29.867100063711405,13.511702537536621
global,end_to_end,3,39,data\raw\mvtec_anomaly_detection\bottle\test\broken_large\019.png,29.659699997864664,11.760763168334961
global,end_to_end,3,40,data\raw\mvtec_anomaly_detection\bottle\test\broken_small\000.png,29.872999992221594,4.970334529876709
global,end_to_end,3,41,data\raw\mvtec_anomaly_detection\bottle\test\broken_small\001.png,30.131699983030558,5.714140892028809
global,end_to_end,3,42,data\raw\mvtec_anomaly_detection\bottle\test\broken_small\002.png,33.09769998304546,7.03446626663208
global,end_to_end,3,43,data\raw\mvtec_anomaly_detection\bottle\test\broken_small\003.png,31.50469996035099,10.017215728759766
global,end_to_end,3,44,data\raw\mvtec_anomaly_detection\bottle\test\broken_small\004.png,30.133199994452298,9.319269180297852
global,end_to_end,3,45,data\raw\mvtec_anomaly_detection\bottle\test\broken_small\005.png,29.893600032664835,8.747062683105469
global,end_to_end,3,46,data\raw\mvtec_anomaly_detection\bottle\test\broken_small\006.png,29.93139997124672,8.606796264648438
global,end_to_end,3,47,data\raw\mvtec_anomaly_detection\bottle\test\broken_small\007.png,30.266999965533614,4.218527793884277
global,end_to_end,3,48,data\raw\mvtec_anomaly_detection\bottle\test\broken_small\008.png,30.06739995907992,8.423806190490723
global,end_to_end,3,49,data\raw\mvtec_anomaly_detection\bottle\test\broken_small\009.png,30.028800014406443,5.443728446960449
global,end_to_end,3,50,data\raw\mvtec_anomaly_detection\bottle\test\broken_small\010.png,29.98760004993528,7.249806880950928
global,end_to_end,3,51,data\raw\mvtec_anomaly_detection\bottle\test\broken_small\011.png,29.844900011084974,5.453526020050049
global,end_to_end,3,52,data\raw\mvtec_anomaly_detection\bottle\test\broken_small\012.png,32.642000005580485,10.358548164367676
global,end_to_end,3,53,data\raw\mvtec_anomaly_detection\bottle\test\broken_small\013.png,33.0758000491187,5.407528877258301
global,end_to_end,3,54,data\raw\mvtec_anomaly_detection\bottle\test\broken_small\014.png,33.092600060626864,5.148087501525879
global,end_to_end,3,55,data\raw\mvtec_anomaly_detection\bottle\test\broken_small\015.png,30.277000041678548,6.720308780670166
global,end_to_end,3,56,data\raw\mvtec_anomaly_detection\bottle\test\broken_small\016.png,30.698100104928017,5.688438415527344
global,end_to_end,3,57,data\raw\mvtec_anomaly_detection\bottle\test\broken_small\017.png,30.197300016880035,6.591012001037598
global,end_to_end,3,58,data\raw\mvtec_anomaly_detection\bottle\test\broken_small\018.png,29.607599950395525,7.843886852264404
global,end_to_end,3,59,data\raw\mvtec_anomaly_detection\bottle\test\broken_small\019.png,29.946999973617494,7.604406356811523
global,end_to_end,3,60,data\raw\mvtec_anomaly_detection\bottle\test\broken_small\020.png,30.08689999114722,5.945611000061035
global,end_to_end,3,61,data\raw\mvtec_anomaly_detection\bottle\test\broken_small\021.png,31.591799925081432,5.120784282684326
global,end_to_end,3,62,data\raw\mvtec_anomaly_detection\bottle\test\contamination\000.png,30.176800093613565,11.47176456451416
global,end_to_end,3,63,data\raw\mvtec_anomaly_detection\bottle\test\contamination\001.png,29.85149994492531,7.652297496795654
global,end_to_end,3,64,data\raw\mvtec_anomaly_detection\bottle\test\contamination\002.png,29.731699964031577,7.044689178466797
global,end_to_end,3,65,data\raw\mvtec_anomaly_detection\bottle\test\contamination\003.png,29.63640005327761,4.692803382873535
global,end_to_end,3,66,data\raw\mvtec_anomaly_detection\bottle\test\contamination\004.png,29.749599983915687,5.177973747253418
global,end_to_end,3,67,data\raw\mvtec_anomaly_detection\bottle\test\contamination\005.png,31.133500044234097,13.808260917663574
global,end_to_end,3,68,data\raw\mvtec_anomaly_detection\bottle\test\contamination\006.png,33.202200080268085,13.871113777160645
global,end_to_end,3,69,data\raw\mvtec_anomaly_detection\bottle\test\contamination\007.png,29.874100000597537,12.646900177001953
global,end_to_end,3,70,data\raw\mvtec_anomaly_detection\bottle\test\contamination\008.png,30.564999906346202,13.780007362365723
global,end_to_end,3,71,data\raw\mvtec_anomaly_detection\bottle\test\contamination\009.png,30.16710001975298,10.758851051330566
global,end_to_end,3,72,data\raw\mvtec_anomaly_detection\bottle\test\contamination\010.png,29.671699972823262,14.978758811950684
global,end_to_end,3,73,data\raw\mvtec_anomaly_detection\bottle\test\contamination\011.png,30.26800008956343,11.607461929321289
global,end_to_end,3,74,data\raw\mvtec_anomaly_detection\bottle\test\contamination\012.png,35.242200014181435,14.590177536010742
global,end_to_end,3,75,data\raw\mvtec_anomaly_detection\bottle\test\contamination\013.png,35.68450000602752,11.32228946685791
global,end_to_end,3,76,data\raw\mvtec_anomaly_detection\bottle\test\contamination\014.png,36.01819998584688,6.655354976654053
global,end_to_end,3,77,data\raw\mvtec_anomaly_detection\bottle\test\contamination\015.png,36.5561000071466,11.904013633728027
global,end_to_end,3,78,data\raw\mvtec_anomaly_detection\bottle\test\contamination\016.png,35.8045999892056,9.378034591674805
global,end_to_end,3,79,data\raw\mvtec_anomaly_detection\bottle\test\contamination\017.png,36.47990000899881,12.31865406036377
global,end_to_end,3,80,data\raw\mvtec_anomaly_detection\bottle\test\contamination\018.png,28.848899994045496,6.62711238861084
global,end_to_end,3,81,data\raw\mvtec_anomaly_detection\bottle\test\contamination\019.png,29.56970001105219,4.945804595947266
global,end_to_end,3,82,data\raw\mvtec_anomaly_detection\bottle\test\contamination\020.png,29.711200040765107,12.403044700622559
global,end_to_end,4,0,data\raw\mvtec_anomaly_detection\bottle\test\good\000.png,30.760499997995794,4.017113208770752
global,end_to_end,4,1,data\raw\mvtec_anomaly_detection\bottle\test\good\001.png,29.913199949078262,3.3643040657043457
global,end_to_end,4,2,data\raw\mvtec_anomaly_detection\bottle\test\good\002.png,29.379400075413287,4.0550055503845215
global,end_to_end,4,3,data\raw\mvtec_anomaly_detection\bottle\test\good\003.png,29.66330002527684,4.034144878387451
global,end_to_end,4,4,data\raw\mvtec_anomaly_detection\bottle\test\good\004.png,30.662500066682696,3.6270015239715576
global,end_to_end,4,5,data\raw\mvtec_anomaly_detection\bottle\test\good\005.png,32.869299990125,3.4188554286956787
global,end_to_end,4,6,data\raw\mvtec_anomaly_detection\bottle\test\good\006.png,29.58470000885427,7.60245943069458
global,end_to_end,4,7,data\raw\mvtec_anomaly_detection\bottle\test\good\007.png,29.4865999603644,3.72442626953125
global,end_to_end,4,8,data\raw\mvtec_anomaly_detection\bottle\test\good\008.png,29.48550006840378,4.842831134796143
global,end_to_end,4,9,data\raw\mvtec_anomaly_detection\bottle\test\good\009.png,29.189799912273884,3.334599494934082
global,end_to_end,4,10,data\raw\mvtec_anomaly_detection\bottle\test\good\010.png,30.79360001720488,4.065394401550293
global,end_to_end,4,11,data\raw\mvtec_anomaly_detection\bottle\test\good\011.png,33.16440002527088,3.5150976181030273
global,end_to_end,4,12,data\raw\mvtec_anomaly_detection\bottle\test\good\012.png,32.905900035984814,3.549840211868286
global,end_to_end,4,13,data\raw\mvtec_anomaly_detection\bottle\test\good\013.png,32.950000022538006,3.0069220066070557
global,end_to_end,4,14,data\raw\mvtec_anomaly_detection\bottle\test\good\014.png,30.237599974498153,3.568521738052368
global,end_to_end,4,15,data\raw\mvtec_anomaly_detection\bottle\test\good\015.png,29.759200057014823,4.474905967712402
global,end_to_end,4,16,data\raw\mvtec_anomaly_detection\bottle\test\good\016.png,29.672399978153408,3.876321792602539
global,end_to_end,4,17,data\raw\mvtec_anomaly_detection\bottle\test\good\017.png,29.291699989698827,3.6931345462799072
global,end_to_end,4,18,data\raw\mvtec_anomaly_detection\bottle\test\good\018.png,29.51479994226247,4.722544193267822
global,end_to_end,4,19,data\raw\mvtec_anomaly_detection\bottle\test\good\019.png,29.2186998995021,4.36047887802124
global,end_to_end,4,20,data\raw\mvtec_anomaly_detection\bottle\test\broken_large\000.png,29.42320005968213,10.836047172546387
global,end_to_end,4,21,data\raw\mvtec_anomaly_detection\bottle\test\broken_large\001.png,32.11319993715733,10.990410804748535
global,end_to_end,4,22,data\raw\mvtec_anomaly_detection\bottle\test\broken_large\002.png,32.44019998237491,13.593603134155273
global,end_to_end,4,23,data\raw\mvtec_anomaly_detection\bottle\test\broken_large\003.png,31.549499952234328,14.632071495056152
global,end_to_end,4,24,data\raw\mvtec_anomaly_detection\bottle\test\broken_large\004.png,29.987899935804307,7.820190906524658
global,end_to_end,4,25,data\raw\mvtec_anomaly_detection\bottle\test\broken_large\005.png,29.45739997085184,5.357264518737793
global,end_to_end,4,26,data\raw\mvtec_anomaly_detection\bottle\test\broken_large\006.png,29.273799969814718,11.094616889953613
global,end_to_end,4,27,data\raw\mvtec_anomaly_detection\bottle\test\broken_large\007.png,29.27090006414801,12.122002601623535
global,end_to_end,4,28,data\raw\mvtec_anomaly_detection\bottle\test\broken_large\008.png,35.023000091314316,12.101669311523438
global,end_to_end,4,29,data\raw\mvtec_anomaly_detection\bottle\test\broken_large\009.png,29.472600086592138,6.992016315460205
global,end_to_end,4,30,data\raw\mvtec_anomaly_detection\bottle\test\broken_large\010.png,29.502699966542423,9.243768692016602
global,end_to_end,4,31,data\raw\mvtec_anomaly_detection\bottle\test\broken_large\011.png,30.115899979136884,7.065302848815918
global,end_to_end,4,32,data\raw\mvtec_anomaly_detection\bottle\test\broken_large\012.png,30.037699965760112,8.313076972961426
global,end_to_end,4,33,data\raw\mvtec_anomaly_detection\bottle\test\broken_large\013.png,30.06179991643876,12.1090087890625
global,end_to_end,4,34,data\raw\mvtec_anomaly_detection\bottle\test\broken_large\014.png,30.31359997112304,7.605071067810059
global,end_to_end,4,35,data\raw\mvtec_anomaly_detection\bottle\test\broken_large\015.png,29.682200052775443,8.56758975982666
global,end_to_end,4,36,data\raw\mvtec_anomaly_detection\bottle\test\broken_large\016.png,29.424100066535175,12.617391586303711
global,end_to_end,4,37,data\raw\mvtec_anomaly_detection\bottle\test\broken_large\017.png,32.25920000113547,11.072625160217285
global,end_to_end,4,38,data\raw\mvtec_anomaly_detection\bottle\test\broken_large\018.png,32.84090000670403,13.511702537536621
global,end_to_end,4,39,data\raw\mvtec_anomaly_detection\bottle\test\broken_large\019.png,32.65279997140169,11.760763168334961
global,end_to_end,4,40,data\raw\mvtec_anomaly_detection\bottle\test\broken_small\000.png,30.290400027297437,4.970334529876709
global,end_to_end,4,41,data\raw\mvtec_anomaly_detection\bottle\test\broken_small\001.png,29.969500028528273,5.714140892028809
global,end_to_end,4,42,data\raw\mvtec_anomaly_detection\bottle\test\broken_small\002.png,31.86170000117272,7.03446626663208
global,end_to_end,4,43,data\raw\mvtec_anomaly_detection\bottle\test\broken_small\003.png,29.87640001811087,10.017215728759766
global,end_to_end,4,44,data\raw\mvtec_anomaly_detection\bottle\test\broken_small\004.png,29.768700012937188,9.319269180297852
global,end_to_end,4,45,data\raw\mvtec_anomaly_detection\bottle\test\broken_small\005.png,30.099300085566938,8.747062683105469
global,end_to_end,4,46,data\raw\mvtec_anomaly_detection\bottle\test\broken_small\006.png,30.12420004233718,8.606796264648438
global,end_to_end,4,47,data\raw\mvtec_anomaly_detection\bottle\test\broken_small\007.png,30.686700018122792,4.218527793884277
global,end_to_end,4,48,data\raw\mvtec_anomaly_detection\bottle\test\broken_small\008.png,31.364399939775467,8.423806190490723
global,end_to_end,4,49,data\raw\mvtec_anomaly_detection\bottle\test\broken_small\009.png,29.893200029619038,5.443728446960449
global,end_to_end,4,50,data\raw\mvtec_anomaly_detection\bottle\test\broken_small\010.png,29.616600018925965,7.249806880950928
global,end_to_end,4,51,data\raw\mvtec_anomaly_detection\bottle\test\broken_small\011.png,29.881699942052364,5.453526020050049
global,end_to_end,4,52,data\raw\mvtec_anomaly_detection\bottle\test\broken_small\012.png,30.18170001450926,10.358548164367676
global,end_to_end,4,53,data\raw\mvtec_anomaly_detection\bottle\test\broken_small\013.png,29.4319000095129,5.407528877258301
global,end_to_end,4,54,data\raw\mvtec_anomaly_detection\bottle\test\broken_small\014.png,29.801400029100478,5.148087501525879
global,end_to_end,4,55,data\raw\mvtec_anomaly_detection\bottle\test\broken_small\015.png,29.554500011727214,6.720308780670166
global,end_to_end,4,56,data\raw\mvtec_anomaly_detection\bottle\test\broken_small\016.png,35.30380001757294,5.688438415527344
global,end_to_end,4,57,data\raw\mvtec_anomaly_detection\bottle\test\broken_small\017.png,36.360900034196675,6.591012001037598
global,end_to_end,4,58,data\raw\mvtec_anomaly_detection\bottle\test\broken_small\018.png,35.57150007691234,7.843886852264404
global,end_to_end,4,59,data\raw\mvtec_anomaly_detection\bottle\test\broken_small\019.png,35.90100002475083,7.604406356811523
global,end_to_end,4,60,data\raw\mvtec_anomaly_detection\bottle\test\broken_small\020.png,36.38200007844716,5.945611000061035
global,end_to_end,4,61,data\raw\mvtec_anomaly_detection\bottle\test\broken_small\021.png,36.295700003392994,5.120784282684326
global,end_to_end,4,62,data\raw\mvtec_anomaly_detection\bottle\test\contamination\000.png,29.4825000455603,11.47176456451416
global,end_to_end,4,63,data\raw\mvtec_anomaly_detection\bottle\test\contamination\001.png,29.692400014027953,7.652297496795654
global,end_to_end,4,64,data\raw\mvtec_anomaly_detection\bottle\test\contamination\002.png,30.06739995907992,7.044689178466797
global,end_to_end,4,65,data\raw\mvtec_anomaly_detection\bottle\test\contamination\003.png,29.75190000142902,4.692803382873535
global,end_to_end,4,66,data\raw\mvtec_anomaly_detection\bottle\test\contamination\004.png,29.182099970057607,5.177973747253418
global,end_to_end,4,67,data\raw\mvtec_anomaly_detection\bottle\test\contamination\005.png,29.850599938072264,13.808260917663574
global,end_to_end,4,68,data\raw\mvtec_anomaly_detection\bottle\test\contamination\006.png,29.423900065012276,13.871113777160645
global,end_to_end,4,69,data\raw\mvtec_anomaly_detection\bottle\test\contamination\007.png,30.440700007602572,12.646900177001953
global,end_to_end,4,70,data\raw\mvtec_anomaly_detection\bottle\test\contamination\008.png,29.644700000062585,13.780007362365723
global,end_to_end,4,71,data\raw\mvtec_anomaly_detection\bottle\test\contamination\009.png,29.406300047412515,10.758851051330566
global,end_to_end,4,72,data\raw\mvtec_anomaly_detection\bottle\test\contamination\010.png,29.81720003299415,14.978758811950684
global,end_to_end,4,73,data\raw\mvtec_anomaly_detection\bottle\test\contamination\011.png,29.776700073853135,11.607461929321289
global,end_to_end,4,74,data\raw\mvtec_anomaly_detection\bottle\test\contamination\012.png,31.51369991246611,14.590177536010742
global,end_to_end,4,75,data\raw\mvtec_anomaly_detection\bottle\test\contamination\013.png,29.807700077071786,11.32228946685791
global,end_to_end,4,76,data\raw\mvtec_anomaly_detection\bottle\test\contamination\014.png,29.66150001157075,6.655354976654053
global,end_to_end,4,77,data\raw\mvtec_anomaly_detection\bottle\test\contamination\015.png,29.172500013373792,11.904013633728027
global,end_to_end,4,78,data\raw\mvtec_anomaly_detection\bottle\test\contamination\016.png,32.302599982358515,9.378034591674805
global,end_to_end,4,79,data\raw\mvtec_anomaly_detection\bottle\test\contamination\017.png,31.750600086525083,12.31865406036377
global,end_to_end,4,80,data\raw\mvtec_anomaly_detection\bottle\test\contamination\018.png,32.80109993647784,6.62711238861084
global,end_to_end,4,81,data\raw\mvtec_anomaly_detection\bottle\test\contamination\019.png,33.15829997882247,4.945804595947266
global,end_to_end,4,82,data\raw\mvtec_anomaly_detection\bottle\test\contamination\020.png,32.54250006284565,12.403044700622559
patch_layer3,model_only,0,0,data\raw\mvtec_anomaly_detection\bottle\test\good\000.png,5.690400023013353,2.6770694255828857
patch_layer3,model_only,0,1,data\raw\mvtec_anomaly_detection\bottle\test\good\001.png,4.377700039185584,2.681241512298584
patch_layer3,model_only,0,2,data\raw\mvtec_anomaly_detection\bottle\test\good\002.png,5.241099977865815,2.706800699234009
patch_layer3,model_only,0,3,data\raw\mvtec_anomaly_detection\bottle\test\good\003.png,4.645400098524988,2.739799737930298
patch_layer3,model_only,0,4,data\raw\mvtec_anomaly_detection\bottle\test\good\004.png,4.432000103406608,2.696135997772217
patch_layer3,model_only,0,5,data\raw\mvtec_anomaly_detection\bottle\test\good\005.png,4.341799998655915,2.7214555740356445
patch_layer3,model_only,0,6,data\raw\mvtec_anomaly_detection\bottle\test\good\006.png,4.469800041988492,2.781585216522217
patch_layer3,model_only,0,7,data\raw\mvtec_anomaly_detection\bottle\test\good\007.png,4.399699973873794,2.7815935611724854
patch_layer3,model_only,0,8,data\raw\mvtec_anomaly_detection\bottle\test\good\008.png,4.39729995559901,2.761549472808838
patch_layer3,model_only,0,9,data\raw\mvtec_anomaly_detection\bottle\test\good\009.png,4.5937999384477735,2.706686019897461
patch_layer3,model_only,0,10,data\raw\mvtec_anomaly_detection\bottle\test\good\010.png,4.510500002652407,2.860560655593872
patch_layer3,model_only,0,11,data\raw\mvtec_anomaly_detection\bottle\test\good\011.png,4.515300039201975,2.6874186992645264
patch_layer3,model_only,0,12,data\raw\mvtec_anomaly_detection\bottle\test\good\012.png,4.581700079143047,2.7570858001708984
patch_layer3,model_only,0,13,data\raw\mvtec_anomaly_detection\bottle\test\good\013.png,4.390800022520125,2.7480809688568115
patch_layer3,model_only,0,14,data\raw\mvtec_anomaly_detection\bottle\test\good\014.png,4.435799899511039,2.782339096069336
patch_layer3,model_only,0,15,data\raw\mvtec_anomaly_detection\bottle\test\good\015.png,4.476399975828826,2.729416608810425
patch_layer3,model_only,0,16,data\raw\mvtec_anomaly_detection\bottle\test\good\016.png,4.417699994519353,2.7532706260681152
patch_layer3,model_only,0,17,data\raw\mvtec_anomaly_detection\bottle\test\good\017.png,4.482400021515787,2.791172742843628
patch_layer3,model_only,0,18,data\raw\mvtec_anomaly_detection\bottle\test\good\018.png,4.530400037765503,2.712047815322876
patch_layer3,model_only,0,19,data\raw\mvtec_anomaly_detection\bottle\test\good\019.png,4.106599953956902,2.826977014541626
patch_layer3,model_only,0,20,data\raw\mvtec_anomaly_detection\bottle\test\broken_large\000.png,4.4380000326782465,4.441296100616455
patch_layer3,model_only,0,21,data\raw\mvtec_anomaly_detection\bottle\test\broken_large\001.png,4.294399986974895,4.986383438110352
patch_layer3,model_only,0,22,data\raw\mvtec_anomaly_detection\bottle\test\broken_large\002.png,4.468300030566752,4.023044586181641
patch_layer3,model_only,0,23,data\raw\mvtec_anomaly_detection\bottle\test\broken_large\003.png,4.804400028660893,4.895201683044434
patch_layer3,model_only,0,24,data\raw\mvtec_anomaly_detection\bottle\test\broken_large\004.png,4.280699999071658,5.267384052276611
patch_layer3,model_only,0,25,data\raw\mvtec_anomaly_detection\bottle\test\broken_large\005.png,4.114700015634298,4.60845422744751
patch_layer3,model_only,0,26,data\raw\mvtec_anomaly_detection\bottle\test\broken_large\006.png,4.7073999885469675,5.1306610107421875
patch_layer3,model_only,0,27,data\raw\mvtec_anomaly_detection\bottle\test\broken_large\007.png,4.613999975845218,3.921571731567383
patch_layer3,model_only,0,28,data\raw\mvtec_anomaly_detection\bottle\test\broken_large\008.png,4.459299962036312,5.3515305519104
patch_layer3,model_only,0,29,data\raw\mvtec_anomaly_detection\bottle\test\broken_large\009.png,4.700099932961166,4.56941556930542
patch_layer3,model_only,0,30,data\raw\mvtec_anomaly_detection\bottle\test\broken_large\010.png,4.581200075335801,4.809571743011475
patch_layer3,model_only,0,31,data\raw\mvtec_anomaly_detection\bottle\test\broken_large\011.png,4.470300045795739,4.7340497970581055
patch_layer3,model_only,0,32,data\raw\mvtec_anomaly_detection\bottle\test\broken_large\012.png,4.5547999907284975,4.992428302764893
patch_layer3,model_only,0,33,data\raw\mvtec_anomaly_detection\bottle\test\broken_large\013.png,4.496100009419024,4.032972812652588
patch_layer3,model_only,0,34,data\raw\mvtec_anomaly_detection\bottle\test\broken_large\014.png,4.476499976590276,5.050409317016602
patch_layer3,model_only,0,35,data\raw\mvtec_anomaly_detection\bottle\test\broken_large\015.png,4.467700025998056,5.041504383087158
patch_layer3,model_only,0,36,data\raw\mvtec_anomaly_detection\bottle\test\broken_large\016.png,4.673399962484837,4.210008144378662
patch_layer3,model_only,0,37,data\raw\mvtec_anomaly_detection\bottle\test\broken_large\017.png,4.500500042922795,4.592291831970215
patch_layer3,model_only,0,38,data\raw\mvtec_anomaly_detection\bottle\test\broken_large\018.png,4.356999997980893,4.579996585845947
patch_layer3,model_only,0,39,data\raw\mvtec_anomaly_detection\bottle\test\broken_large\019.png,4.641099949367344,4.464104175567627
patch_layer3,model_only,0,40,data\raw\mvtec_anomaly_detection\bottle\test\broken_small\000.png,4.42110002040863,3.866772174835205
patch_layer3,model_only,0,41,data\raw\mvtec_anomaly_detection\bottle\test\broken_small\001.png,4.449000000022352,5.003523826599121
patch_layer3,model_only,0,42,data\raw\mvtec_anomaly_detection\bottle\test\broken_small\002.png,4.609300056472421,4.251943588256836
patch_layer3,model_only,0,43,data\raw\mvtec_anomaly_detection\bottle\test\broken_small\003.png,4.42239991389215,4.884119510650635
patch_layer3,model_only,0,44,data\raw\mvtec_anomaly_detection\bottle\test\broken_small\004.png,4.4920999789610505,5.898159980773926
patch_layer3,model_only,0,45,data\raw\mvtec_anomaly_detection\bottle\test\broken_small\005.png,4.48640005197376,4.653103828430176
patch_layer3,model_only,0,46,data\raw\mvtec_anomaly_detection\bottle\test\broken_small\006.png,4.4024999951943755,4.667858600616455
patch_layer3,model_only,0,47,data\raw\mvtec_anomaly_detection\bottle\test\broken_small\007.png,4.608699935488403,3.7877302169799805
patch_layer3,model_only,0,48,data\raw\mvtec_anomaly_detection\bottle\test\broken_small\008.png,4.54870006069541,3.8025619983673096
patch_layer3,model_only,0,49,data\raw\mvtec_anomaly_detection\bottle\test\broken_small\009.png,4.31269989348948,4.703930854797363
patch_layer3,model_only,0,50,data\raw\mvtec_anomaly_detection\bottle\test\broken_small\010.png,4.634300014004111,4.854950428009033
patch_layer3,model_only,0,51,data\raw\mvtec_anomaly_detection\bottle\test\broken_small\011.png,4.673000075854361,4.31980562210083
patch_layer3,model_only,0,52,data\raw\mvtec_anomaly_detection\bottle\test\broken_small\012.png,4.449800006113946,4.648650169372559
patch_layer3,model_only,0,53,data\raw\mvtec_anomaly_detection\bottle\test\broken_small\013.png,4.463099990971386,4.230384826660156
patch_layer3,model_only,0,54,data\raw\mvtec_anomaly_detection\bottle\test\broken_small\014.png,4.626399953849614,4.0090460777282715
patch_layer3,model_only,0,55,data\raw\mvtec_anomaly_detection\bottle\test\broken_small\015.png,4.392300033941865,3.8369619846343994
patch_layer3,model_only,0,56,data\raw\mvtec_anomaly_detection\bottle\test\broken_small\016.png,4.455600050278008,5.2383341789245605
patch_layer3,model_only,0,57,data\raw\mvtec_anomaly_detection\bottle\test\broken_small\017.png,4.5050999615341425,5.041371822357178
patch_layer3,model_only,0,58,data\raw\mvtec_anomaly_detection\bottle\test\broken_small\018.png,4.20210009906441,5.599959850311279
patch_layer3,model_only,0,59,data\raw\mvtec_anomaly_detection\bottle\test\broken_small\019.png,4.6709999442100525,5.2333831787109375
patch_layer3,model_only,0,60,data\raw\mvtec_anomaly_detection\bottle\test\broken_small\020.png,4.596200073137879,4.951472282409668
patch_layer3,model_only,0,61,data\raw\mvtec_anomaly_detection\bottle\test\broken_small\021.png,4.741000011563301,4.783029079437256
patch_layer3,model_only,0,62,data\raw\mvtec_anomaly_detection\bottle\test\contamination\000.png,4.417099989950657,3.8528683185577393
patch_layer3,model_only,0,63,data\raw\mvtec_anomaly_detection\bottle\test\contamination\001.png,4.587500006891787,3.2465505599975586
patch_layer3,model_only,0,64,data\raw\mvtec_anomaly_detection\bottle\test\contamination\002.png,4.5279000187292695,3.703580856323242
patch_layer3,model_only,0,65,data\raw\mvtec_anomaly_detection\bottle\test\contamination\003.png,4.388100001960993,3.002498149871826
patch_layer3,model_only,0,66,data\raw\mvtec_anomaly_detection\bottle\test\contamination\004.png,4.722199984826148,3.210782527923584
patch_layer3,model_only,0,67,data\raw\mvtec_anomaly_detection\bottle\test\contamination\005.png,4.471200052648783,4.765796184539795
patch_layer3,model_only,0,68,data\raw\mvtec_anomaly_detection\bottle\test\contamination\006.png,4.493899992667139,3.7494709491729736
patch_layer3,model_only,0,69,data\raw\mvtec_anomaly_detection\bottle\test\contamination\007.png,4.983599996194243,5.818613529205322
patch_layer3,model_only,0,70,data\raw\mvtec_anomaly_detection\bottle\test\contamination\008.png,4.37370000872761,4.308222770690918
patch_layer3,model_only,0,71,data\raw\mvtec_anomaly_detection\bottle\test\contamination\009.png,4.451800021342933,4.4941205978393555
patch_layer3,model_only,0,72,data\raw\mvtec_anomaly_detection\bottle\test\contamination\010.png,4.600799991749227,4.349096298217773
patch_layer3,model_only,0,73,data\raw\mvtec_anomaly_detection\bottle\test\contamination\011.png,4.455400048755109,4.035782814025879
patch_layer3,model_only,0,74,data\raw\mvtec_anomaly_detection\bottle\test\contamination\012.png,4.449900006875396,3.479198455810547
patch_layer3,model_only,0,75,data\raw\mvtec_anomaly_detection\bottle\test\contamination\013.png,4.566200077533722,4.929323196411133
patch_layer3,model_only,0,76,data\raw\mvtec_anomaly_detection\bottle\test\contamination\014.png,4.509199992753565,2.977785110473633
patch_layer3,model_only,0,77,data\raw\mvtec_anomaly_detection\bottle\test\contamination\015.png,4.323499975726008,4.451267719268799
patch_layer3,model_only,0,78,data\raw\mvtec_anomaly_detection\bottle\test\contamination\016.png,4.516200046055019,3.414794445037842
patch_layer3,model_only,0,79,data\raw\mvtec_anomaly_detection\bottle\test\contamination\017.png,4.152099951170385,5.815241813659668
patch_layer3,model_only,0,80,data\raw\mvtec_anomaly_detection\bottle\test\contamination\018.png,4.337900085374713,4.973021507263184
patch_layer3,model_only,0,81,data\raw\mvtec_anomaly_detection\bottle\test\contamination\019.png,4.6304999850690365,3.1189870834350586
patch_layer3,model_only,0,82,data\raw\mvtec_anomaly_detection\bottle\test\contamination\020.png,4.4463000958785415,3.1803040504455566
patch_layer3,model_only,1,0,data\raw\mvtec_anomaly_detection\bottle\test\good\000.png,4.681899910792708,2.6770694255828857
patch_layer3,model_only,1,1,data\raw\mvtec_anomaly_detection\bottle\test\good\001.png,5.158500047400594,2.681241512298584
patch_layer3,model_only,1,2,data\raw\mvtec_anomaly_detection\bottle\test\good\002.png,4.300400032661855,2.706800699234009
patch_layer3,model_only,1,3,data\raw\mvtec_anomaly_detection\bottle\test\good\003.png,4.26700001116842,2.739799737930298
patch_layer3,model_only,1,4,data\raw\mvtec_anomaly_detection\bottle\test\good\004.png,4.611399956047535,2.696135997772217
patch_layer3,model_only,1,5,data\raw\mvtec_anomaly_detection\bottle\test\good\005.png,4.459299962036312,2.7214555740356445
patch_layer3,model_only,1,6,data\raw\mvtec_anomaly_detection\bottle\test\good\006.png,4.8611999955028296,2.781585216522217
patch_layer3,model_only,1,7,data\raw\mvtec_anomaly_detection\bottle\test\good\007.png,4.9640999641269445,2.7815935611724854
patch_layer3,model_only,1,8,data\raw\mvtec_anomaly_detection\bottle\test\good\008.png,4.613199969753623,2.761549472808838
patch_layer3,model_only,1,9,data\raw\mvtec_anomaly_detection\bottle\test\good\009.png,4.38270007725805,2.706686019897461
patch_layer3,model_only,1,10,data\raw\mvtec_anomaly_detection\bottle\test\good\010.png,4.694200004450977,2.860560655593872
patch_layer3,model_only,1,11,data\raw\mvtec_anomaly_detection\bottle\test\good\011.png,4.565400071442127,2.6874186992645264
patch_layer3,model_only,1,12,data\raw\mvtec_anomaly_detection\bottle\test\good\012.png,4.431199980899692,2.7570858001708984
patch_layer3,model_only,1,13,data\raw\mvtec_anomaly_detection\bottle\test\good\013.png,4.617099999450147,2.7480809688568115
patch_layer3,model_only,1,14,data\raw\mvtec_anomaly_detection\bottle\test\good\014.png,4.638300044462085,2.782339096069336
patch_layer3,model_only,1,15,data\raw\mvtec_anomaly_detection\bottle\test\good\015.png,4.442800069227815,2.729416608810425
patch_layer3,model_only,1,16,data\raw\mvtec_anomaly_detection\bottle\test\good\016.png,4.478399991057813,2.7532706260681152
patch_layer3,model_only,1,17,data\raw\mvtec_anomaly_detection\bottle\test\good\017.png,4.605000023730099,2.791172742843628
patch_layer3,model_only,1,18,data\raw\mvtec_anomaly_detection\bottle\test\good\018.png,4.411499947309494,2.712047815322876
patch_layer3,model_only,1,19,data\raw\mvtec_anomaly_detection\bottle\test\good\019.png,4.471000051125884,2.826977014541626
patch_layer3,model_only,1,20,data\raw\mvtec_anomaly_detection\bottle\test\broken_large\000.png,4.642699961550534,4.441296100616455
patch_layer3,model_only,1,21,data\raw\mvtec_anomaly_detection\bottle\test\broken_large\001.png,4.485300043597817,4.986383438110352
patch_layer3,model_only,1,22,data\raw\mvtec_anomaly_detection\bottle\test\broken_large\002.png,4.407600034028292,4.023044586181641
patch_layer3,model_only,1,23,data\raw\mvtec_anomaly_detection\bottle\test\broken_large\003.png,4.225099924951792,4.895201683044434
patch_layer3,model_only,1,24,data\raw\mvtec_anomaly_detection\bottle\test\broken_large\004.png,4.445699974894524,5.267384052276611
patch_layer3,model_only,1,25,data\raw\mvtec_anomaly_detection\bottle\test\broken_large\005.png,4.637900041416287,4.60845422744751
patch_layer3,model_only,1,26,data\raw\mvtec_anomaly_detection\bottle\test\broken_large\006.png,4.597900086082518,5.1306610107421875
patch_layer3,model_only,1,27,data\raw\mvtec_anomaly_detection\bottle\test\broken_large\007.png,4.439599928446114,3.921571731567383
patch_layer3,model_only,1,28,data\raw\mvtec_anomaly_detection\bottle\test\broken_large\008.png,4.4998000375926495,5.3515305519104
patch_layer3,model_only,1,29,data\raw\mvtec_anomaly_detection\bottle\test\broken_large\009.png,4.619800020009279,4.56941556930542
patch_layer3,model_only,1,30,data\raw\mvtec_anomaly_detection\bottle\test\broken_large\010.png,4.403500002808869,4.809571743011475
patch_layer3,model_only,1,31,data\raw\mvtec_anomaly_detection\bottle\test\broken_large\011.png,4.497400019317865,4.7340497970581055
patch_layer3,model_only,1,32,data\raw\mvtec_anomaly_detection\bottle\test\broken_large\012.png,4.640399944037199,4.992428302764893
patch_layer3,model_only,1,33,data\raw\mvtec_anomaly_detection\bottle\test\broken_large\013.png,4.400099976919591,4.032972812652588
patch_layer3,model_only,1,34,data\raw\mvtec_anomaly_detection\bottle\test\broken_large\014.png,4.426900064572692,5.050409317016602
patch_layer3,model_only,1,35,data\raw\mvtec_anomaly_detection\bottle\test\broken_large\015.png,4.5415000058710575,5.041504383087158
patch_layer3,model_only,1,36,data\raw\mvtec_anomaly_detection\bottle\test\broken_large\016.png,4.460899974219501,4.210008144378662
patch_layer3,model_only,1,37,data\raw\mvtec_anomaly_detection\bottle\test\broken_large\017.png,4.523599985986948,4.592291831970215
patch_layer3,model_only,1,38,data\raw\mvtec_anomaly_detection\bottle\test\broken_large\018.png,4.995399969629943,4.579996585845947
patch_layer3,model_only,1,39,data\raw\mvtec_anomaly_detection\bottle\test\broken_large\019.png,4.526000004261732,4.464104175567627
patch_layer3,model_only,1,40,data\raw\mvtec_anomaly_detection\bottle\test\broken_small\000.png,5.536400014534593,3.866772174835205
patch_layer3,model_only,1,41,data\raw\mvtec_anomaly_detection\bottle\test\broken_small\001.png,4.834700026549399,5.003523826599121
patch_layer3,model_only,1,42,data\raw\mvtec_anomaly_detection\bottle\test\broken_small\002.png,4.614599980413914,4.251943588256836
patch_layer3,model_only,1,43,data\raw\mvtec_anomaly_detection\bottle\test\broken_small\003.png,4.395200056023896,4.884119510650635
patch_layer3,model_only,1,44,data\raw\mvtec_anomaly_detection\bottle\test\broken_small\004.png,4.5171999372541904,5.898159980773926
patch_layer3,model_only,1,45,data\raw\mvtec_anomaly_detection\bottle\test\broken_small\005.png,4.613999975845218,4.653103828430176
patch_layer3,model_only,1,46,data\raw\mvtec_anomaly_detection\bottle\test\broken_small\006.png,4.366300068795681,4.667858600616455
patch_layer3,model_only,1,47,data\raw\mvtec_anomaly_detection\bottle\test\broken_small\007.png,4.664800013415515,3.7877302169799805
patch_layer3,model_only,1,48,data\raw\mvtec_anomaly_detection\bottle\test\broken_small\008.png,4.476599977351725,3.8025619983673096
patch_layer3,model_only,1,49,data\raw\mvtec_anomaly_detection\bottle\test\broken_small\009.png,4.556100000627339,4.703930854797363
patch_layer3,model_only,1,50,data\raw\mvtec_anomaly_detection\bottle\test\broken_small\010.png,4.570299992337823,4.854950428009033
patch_layer3,model_only,1,51,data\raw\mvtec_anomaly_detection\bottle\test\broken_small\011.png,4.572800011374056,4.31980562210083
patch_layer3,model_only,1,52,data\raw\mvtec_anomaly_detection\bottle\test\broken_small\012.png,4.400499979965389,4.648650169372559
patch_layer3,model_only,1,53,data\raw\mvtec_anomaly_detection\bottle\test\broken_small\013.png,4.6230999287217855,4.230384826660156
patch_layer3,model_only,1,54,data\raw\mvtec_anomaly_detection\bottle\test\broken_small\014.png,4.976200056262314,4.0090460777282715
patch_layer3,model_only,1,55,data\raw\mvtec_anomaly_detection\bottle\test\broken_small\015.png,4.453700035810471,3.8369619846343994
patch_layer3,model_only,1,56,data\raw\mvtec_anomaly_detection\bottle\test\broken_small\016.png,4.279199987649918,5.2383341789245605
patch_layer3,model_only,1,57,data\raw\mvtec_anomaly_detection\bottle\test\broken_small\017.png,4.64930001180619,5.041371822357178
patch_layer3,model_only,1,58,data\raw\mvtec_anomaly_detection\bottle\test\broken_small\018.png,4.817400011233985,5.599959850311279
patch_layer3,model_only,1,59,data\raw\mvtec_anomaly_detection\bottle\test\broken_small\019.png,5.582599900662899,5.2333831787109375
patch_layer3,model_only,1,60,data\raw\mvtec_anomaly_detection\bottle\test\broken_small\020.png,4.709200002253056,4.951472282409668
patch_layer3,model_only,1,61,data\raw\mvtec_anomaly_detection\bottle\test\broken_small\021.png,4.579999949783087,4.783029079437256
patch_layer3,model_only,1,62,data\raw\mvtec_anomaly_detection\bottle\test\contamination\000.png,4.384799976833165,3.8528683185577393
patch_layer3,model_only,1,63,data\raw\mvtec_anomaly_detection\bottle\test\contamination\001.png,4.5952999498695135,3.2465505599975586
patch_layer3,model_only,1,64,data\raw\mvtec_anomaly_detection\bottle\test\contamination\002.png,4.627199959941208,3.703580856323242
patch_layer3,model_only,1,65,data\raw\mvtec_anomaly_detection\bottle\test\contamination\003.png,4.415699979290366,3.002498149871826
patch_layer3,model_only,1,66,data\raw\mvtec_anomaly_detection\bottle\test\contamination\004.png,4.524899995885789,3.210782527923584
patch_layer3,model_only,1,67,data\raw\mvtec_anomaly_detection\bottle\test\contamination\005.png,4.571600002236664,4.765796184539795
patch_layer3,model_only,1,68,data\raw\mvtec_anomaly_detection\bottle\test\contamination\006.png,4.422000027261674,3.7494709491729736
patch_layer3,model_only,1,69,data\raw\mvtec_anomaly_detection\bottle\test\contamination\007.png,4.569399985484779,5.818613529205322
patch_layer3,model_only,1,70,data\raw\mvtec_anomaly_detection\bottle\test\contamination\008.png,4.534800071269274,4.308222770690918
patch_layer3,model_only,1,71,data\raw\mvtec_anomaly_detection\bottle\test\contamination\009.png,4.476699978113174,4.4941205978393555
patch_layer3,model_only,1,72,data\raw\mvtec_anomaly_detection\bottle\test\contamination\010.png,4.4389000395312905,4.349096298217773
patch_layer3,model_only,1,73,data\raw\mvtec_anomaly_detection\bottle\test\contamination\011.png,4.550399957224727,4.035782814025879
patch_layer3,model_only,1,74,data\raw\mvtec_anomaly_detection\bottle\test\contamination\012.png,4.3765000300481915,3.479198455810547
patch_layer3,model_only,1,75,data\raw\mvtec_anomaly_detection\bottle\test\contamination\013.png,4.607200040481985,4.929323196411133
patch_layer3,model_only,1,76,data\raw\mvtec_anomaly_detection\bottle\test\contamination\014.png,4.654700052924454,2.977785110473633
patch_layer3,model_only,1,77,data\raw\mvtec_anomaly_detection\bottle\test\contamination\015.png,4.502099938690662,4.451267719268799
patch_layer3,model_only,1,78,data\raw\mvtec_anomaly_detection\bottle\test\contamination\016.png,4.4148999731987715,3.414794445037842
patch_layer3,model_only,1,79,data\raw\mvtec_anomaly_detection\bottle\test\contamination\017.png,4.709900007583201,5.815241813659668
patch_layer3,model_only,1,80,data\raw\mvtec_anomaly_detection\bottle\test\contamination\018.png,4.703700076788664,4.973021507263184
patch_layer3,model_only,1,81,data\raw\mvtec_anomaly_detection\bottle\test\contamination\019.png,4.465300007723272,3.1189870834350586
patch_layer3,model_only,1,82,data\raw\mvtec_anomaly_detection\bottle\test\contamination\020.png,4.660299979150295,3.1803040504455566
patch_layer3,model_only,2,0,data\raw\mvtec_anomaly_detection\bottle\test\good\000.png,5.480000050738454,2.6770694255828857
patch_layer3,model_only,2,1,data\raw\mvtec_anomaly_detection\bottle\test\good\001.png,4.512200015597045,2.681241512298584
patch_layer3,model_only,2,2,data\raw\mvtec_anomaly_detection\bottle\test\good\002.png,5.877200048416853,2.706800699234009
patch_layer3,model_only,2,3,data\raw\mvtec_anomaly_detection\bottle\test\good\003.png,4.412200069054961,2.739799737930298
patch_layer3,model_only,2,4,data\raw\mvtec_anomaly_detection\bottle\test\good\004.png,4.471699940040708,2.696135997772217
patch_layer3,model_only,2,5,data\raw\mvtec_anomaly_detection\bottle\test\good\005.png,4.445199971087277,2.7214555740356445
patch_layer3,model_only,2,6,data\raw\mvtec_anomaly_detection\bottle\test\good\006.png,4.489299957640469,2.781585216522217
patch_layer3,model_only,2,7,data\raw\mvtec_anomaly_detection\bottle\test\good\007.png,4.508799989707768,2.7815935611724854
patch_layer3,model_only,2,8,data\raw\mvtec_anomaly_detection\bottle\test\good\008.png,4.346800036728382,2.761549472808838
patch_layer3,model_only,2,9,data\raw\mvtec_anomaly_detection\bottle\test\good\009.png,4.9492999678477645,2.706686019897461
patch_layer3,model_only,2,10,data\raw\mvtec_anomaly_detection\bottle\test\good\010.png,4.46280010510236,2.860560655593872
patch_layer3,model_only,2,11,data\raw\mvtec_anomaly_detection\bottle\test\good\011.png,4.389999900013208,2.6874186992645264
patch_layer3,model_only,2,12,data\raw\mvtec_anomaly_detection\bottle\test\good\012.png,4.7917000483721495,2.7570858001708984
patch_layer3,model_only,2,13,data\raw\mvtec_anomaly_detection\bottle\test\good\013.png,4.226399934850633,2.7480809688568115
patch_layer3,model_only,2,14,data\raw\mvtec_anomaly_detection\bottle\test\good\014.png,4.460700089111924,2.782339096069336
patch_layer3,model_only,2,15,data\raw\mvtec_anomaly_detection\bottle\test\good\015.png,4.93519997689873,2.729416608810425
patch_layer3,model_only,2,16,data\raw\mvtec_anomaly_detection\bottle\test\good\016.png,4.454900044947863,2.7532706260681152
patch_layer3,model_only,2,17,data\raw\mvtec_anomaly_detection\bottle\test\good\017.png,4.4692999217659235,2.791172742843628
patch_layer3,model_only,2,18,data\raw\mvtec_anomaly_detection\bottle\test\good\018.png,4.658399964682758,2.712047815322876
patch_layer3,model_only,2,19,data\raw\mvtec_anomaly_detection\bottle\test\good\019.png,4.62120003066957,2.826977014541626
patch_layer3,model_only,2,20,data\raw\mvtec_anomaly_detection\bottle\test\broken_large\000.png,4.550199955701828,4.441296100616455
patch_layer3,model_only,2,21,data\raw\mvtec_anomaly_detection\bottle\test\broken_large\001.png,4.723599995486438,4.986383438110352
patch_layer3,model_only,2,22,data\raw\mvtec_anomaly_detection\bottle\test\broken_large\002.png,4.642599960789084,4.023044586181641
patch_layer3,model_only,2,23,data\raw\mvtec_anomaly_detection\bottle\test\broken_large\003.png,4.473999957554042,4.895201683044434
patch_layer3,model_only,2,24,data\raw\mvtec_anomaly_detection\bottle\test\broken_large\004.png,4.774800036102533,5.267384052276611
patch_layer3,model_only,2,25,data\raw\mvtec_anomaly_detection\bottle\test\broken_large\005.png,4.616099991835654,4.60845422744751
patch_layer3,model_only,2,26,data\raw\mvtec_anomaly_detection\bottle\test\broken_large\006.png,4.312899895012379,5.1306610107421875
patch_layer3,model_only,2,27,data\raw\mvtec_anomaly_detection\bottle\test\broken_large\007.png,4.774700035341084,3.921571731567383
patch_layer3,model_only,2,28,data\raw\mvtec_anomaly_detection\bottle\test\broken_large\008.png,4.636400029994547,5.3515305519104
patch_layer3,model_only,2,29,data\raw\mvtec_anomaly_detection\bottle\test\broken_large\009.png,4.40759991761297,4.56941556930542
patch_layer3,model_only,2,30,data\raw\mvtec_anomaly_detection\bottle\test\broken_large\010.png,4.624599940143526,4.809571743011475
patch_layer3,model_only,2,31,data\raw\mvtec_anomaly_detection\bottle\test\broken_large\011.png,4.634999902918935,4.7340497970581055
patch_layer3,model_only,2,32,data\raw\mvtec_anomaly_detection\bottle\test\broken_large\012.png,4.458299954421818,4.992428302764893
patch_layer3,model_only,2,33,data\raw\mvtec_anomaly_detection\bottle\test\broken_large\013.png,4.433599999174476,4.032972812652588
patch_layer3,model_only,2,34,data\raw\mvtec_anomaly_detection\bottle\test\broken_large\014.png,4.720899974927306,5.050409317016602
patch_layer3,model_only,2,35,data\raw\mvtec_anomaly_detection\bottle\test\broken_large\015.png,4.40759991761297,5.041504383087158
patch_layer3,model_only,2,36,data\raw\mvtec_anomaly_detection\bottle\test\broken_large\016.png,4.359400016255677,4.210008144378662
patch_layer3,model_only,2,37,data\raw\mvtec_anomaly_detection\bottle\test\broken_large\017.png,4.660099977627397,4.592291831970215
patch_layer3,model_only,2,38,data\raw\mvtec_anomaly_detection\bottle\test\broken_large\018.png,4.347700043581426,4.579996585845947
patch_layer3,model_only,2,39,data\raw\mvtec_anomaly_detection\bottle\test\broken_large\019.png,4.36619995161891,4.464104175567627
patch_layer3,model_only,2,40,data\raw\mvtec_anomaly_detection\bottle\test\broken_small\000.png,4.620599909685552,3.866772174835205
patch_layer3,model_only,2,41,data\raw\mvtec_anomaly_detection\bottle\test\broken_small\001.png,4.439100041054189,5.003523826599121
patch_layer3,model_only,2,42,data\raw\mvtec_anomaly_detection\bottle\test\broken_small\002.png,4.487799946218729,4.251943588256836
patch_layer3,model_only,2,43,data\raw\mvtec_anomaly_detection\bottle\test\broken_small\003.png,4.609300056472421,4.884119510650635
patch_layer3,model_only,2,44,data\raw\mvtec_anomaly_detection\bottle\test\broken_small\004.png,5.074899992905557,5.898159980773926
patch_layer3,model_only,2,45,data\raw\mvtec_anomaly_detection\bottle\test\broken_small\005.png,4.420699900947511,4.653103828430176
patch_layer3,model_only,2,46,data\raw\mvtec_anomaly_detection\bottle\test\broken_small\006.png,4.58710000384599,4.667858600616455
patch_layer3,model_only,2,47,data\raw\mvtec_anomaly_detection\bottle\test\broken_small\007.png,4.37370000872761,3.7877302169799805
patch_layer3,model_only,2,48,data\raw\mvtec_anomaly_detection\bottle\test\broken_small\008.png,4.492499982006848,3.8025619983673096
patch_layer3,model_only,2,49,data\raw\mvtec_anomaly_detection\bottle\test\broken_small\009.png,4.529200028628111,4.703930854797363
patch_layer3,model_only,2,50,data\raw\mvtec_anomaly_detection\bottle\test\broken_small\010.png,4.434000002220273,4.854950428009033
patch_layer3,model_only,2,51,data\raw\mvtec_anomaly_detection\bottle\test\broken_small\011.png,4.394699935801327,4.31980562210083
patch_layer3,model_only,2,52,data\raw\mvtec_anomaly_detection\bottle\test\broken_small\012.png,4.211900057271123,4.648650169372559
patch_layer3,model_only,2,53,data\raw\mvtec_anomaly_detection\bottle\test\broken_small\013.png,4.422000027261674,4.230384826660156
patch_layer3,model_only,2,54,data\raw\mvtec_anomaly_detection\bottle\test\broken_small\014.png,4.438800038769841,4.0090460777282715
patch_layer3,model_only,2,55,data\raw\mvtec_anomaly_detection\bottle\test\broken_small\015.png,4.644299973733723,3.8369619846343994
patch_layer3,model_only,2,56,data\raw\mvtec_anomaly_detection\bottle\test\broken_small\016.png,4.45380003657192,5.2383341789245605
patch_layer3,model_only,2,57,data\raw\mvtec_anomaly_detection\bottle\test\broken_small\017.png,4.402699996717274,5.041371822357178
patch_layer3,model_only,2,58,data\raw\mvtec_anomaly_detection\bottle\test\broken_small\018.png,4.596000071614981,5.599959850311279
patch_layer3,model_only,2,59,data\raw\mvtec_anomaly_detection\bottle\test\broken_small\019.png,4.406200023368001,5.2333831787109375
patch_layer3,model_only,2,60,data\raw\mvtec_anomaly_detection\bottle\test\broken_small\020.png,4.458299954421818,4.951472282409668
patch_layer3,model_only,2,61,data\raw\mvtec_anomaly_detection\bottle\test\broken_small\021.png,4.623800050467253,4.783029079437256
patch_layer3,model_only,2,62,data\raw\mvtec_anomaly_detection\bottle\test\contamination\000.png,4.446999984793365,3.8528683185577393
patch_layer3,model_only,2,63,data\raw\mvtec_anomaly_detection\bottle\test\contamination\001.png,4.370400100015104,3.2465505599975586
patch_layer3,model_only,2,64,data\raw\mvtec_anomaly_detection\bottle\test\contamination\002.png,4.608399933204055,3.703580856323242
patch_layer3,model_only,2,65,data\raw\mvtec_anomaly_detection\bottle\test\contamination\003.png,4.484000033698976,3.002498149871826
patch_layer3,model_only,2,66,data\raw\mvtec_anomaly_detection\bottle\test\contamination\004.png,4.4911999721080065,3.210782527923584
patch_layer3,model_only,2,67,data\raw\mvtec_anomaly_detection\bottle\test\contamination\005.png,4.58130007609725,4.765796184539795
patch_layer3,model_only,2,68,data\raw\mvtec_anomaly_detection\bottle\test\contamination\006.png,4.634700017049909,3.7494709491729736
patch_layer3,model_only,2,69,data\raw\mvtec_anomaly_detection\bottle\test\contamination\007.png,4.373100004158914,5.818613529205322
patch_layer3,model_only,2,70,data\raw\mvtec_anomaly_detection\bottle\test\contamination\008.png,4.610899952240288,4.308222770690918
patch_layer3,model_only,2,71,data\raw\mvtec_anomaly_detection\bottle\test\contamination\009.png,4.5158000430092216,4.4941205978393555
patch_layer3,model_only,2,72,data\raw\mvtec_anomaly_detection\bottle\test\contamination\010.png,4.559800028800964,4.349096298217773
patch_layer3,model_only,2,73,data\raw\mvtec_anomaly_detection\bottle\test\contamination\011.png,4.521099966950715,4.035782814025879
patch_layer3,model_only,2,74,data\raw\mvtec_anomaly_detection\bottle\test\contamination\012.png,4.19760006479919,3.479198455810547
patch_layer3,model_only,2,75,data\raw\mvtec_anomaly_detection\bottle\test\contamination\013.png,4.438800038769841,4.929323196411133
patch_layer3,model_only,2,76,data\raw\mvtec_anomaly_detection\bottle\test\contamination\014.png,4.581799963489175,2.977785110473633
patch_layer3,model_only,2,77,data\raw\mvtec_anomaly_detection\bottle\test\contamination\015.png,4.415899980813265,4.451267719268799
patch_layer3,model_only,2,78,data\raw\mvtec_anomaly_detection\bottle\test\contamination\016.png,4.482700023800135,3.414794445037842
patch_layer3,model_only,2,79,data\raw\mvtec_anomaly_detection\bottle\test\contamination\017.png,4.533099941909313,5.815241813659668
patch_layer3,model_only,2,80,data\raw\mvtec_anomaly_detection\bottle\test\contamination\018.png,4.439499927684665,4.973021507263184
patch_layer3,model_only,2,81,data\raw\mvtec_anomaly_detection\bottle\test\contamination\019.png,4.426800063811243,3.1189870834350586
patch_layer3,model_only,2,82,data\raw\mvtec_anomaly_detection\bottle\test\contamination\020.png,4.678500001318753,3.1803040504455566
patch_layer3,model_only,3,0,data\raw\mvtec_anomaly_detection\bottle\test\good\000.png,4.788000020198524,2.6770694255828857
patch_layer3,model_only,3,1,data\raw\mvtec_anomaly_detection\bottle\test\good\001.png,4.282100009731948,2.681241512298584
patch_layer3,model_only,3,2,data\raw\mvtec_anomaly_detection\bottle\test\good\002.png,5.513299955055118,2.706800699234009
patch_layer3,model_only,3,3,data\raw\mvtec_anomaly_detection\bottle\test\good\003.png,4.461299977265298,2.739799737930298
patch_layer3,model_only,3,4,data\raw\mvtec_anomaly_detection\bottle\test\good\004.png,4.132299916818738,2.696135997772217
patch_layer3,model_only,3,5,data\raw\mvtec_anomaly_detection\bottle\test\good\005.png,4.625400062650442,2.7214555740356445
patch_layer3,model_only,3,6,data\raw\mvtec_anomaly_detection\bottle\test\good\006.png,4.409799934364855,2.781585216522217
patch_layer3,model_only,3,7,data\raw\mvtec_anomaly_detection\bottle\test\good\007.png,4.4797000009566545,2.7815935611724854
patch_layer3,model_only,3,8,data\raw\mvtec_anomaly_detection\bottle\test\good\008.png,4.629399976693094,2.761549472808838
patch_layer3,model_only,3,9,data\raw\mvtec_anomaly_detection\bottle\test\good\009.png,4.408600041642785,2.706686019897461
patch_layer3,model_only,3,10,data\raw\mvtec_anomaly_detection\bottle\test\good\010.png,4.458200070075691,2.860560655593872
patch_layer3,model_only,3,11,data\raw\mvtec_anomaly_detection\bottle\test\good\011.png,4.566000076010823,2.6874186992645264
patch_layer3,model_only,3,12,data\raw\mvtec_anomaly_detection\bottle\test\good\012.png,4.394900053739548,2.7570858001708984
patch_layer3,model_only,3,13,data\raw\mvtec_anomaly_detection\bottle\test\good\013.png,4.413399961777031,2.7480809688568115
patch_layer3,model_only,3,14,data\raw\mvtec_anomaly_detection\bottle\test\good\014.png,4.565100069157779,2.782339096069336
patch_layer3,model_only,3,15,data\raw\mvtec_anomaly_detection\bottle\test\good\015.png,4.425899940542877,2.729416608810425
patch_layer3,model_only,3,16,data\raw\mvtec_anomaly_detection\bottle\test\good\016.png,4.394100047647953,2.7532706260681152
patch_layer3,model_only,3,17,data\raw\mvtec_anomaly_detection\bottle\test\good\017.png,4.557100008241832,2.791172742843628
patch_layer3,model_only,3,18,data\raw\mvtec_anomaly_detection\bottle\test\good\018.png,4.408700042404234,2.712047815322876
patch_layer3,model_only,3,19,data\raw\mvtec_anomaly_detection\bottle\test\good\019.png,4.447999992407858,2.826977014541626
patch_layer3,model_only,3,20,data\raw\mvtec_anomaly_detection\bottle\test\broken_large\000.png,4.518700065091252,4.441296100616455
patch_layer3,model_only,3,21,data\raw\mvtec_anomaly_detection\bottle\test\broken_large\001.png,4.4018999906256795,4.986383438110352
patch_layer3,model_only,3,22,data\raw\mvtec_anomaly_detection\bottle\test\broken_large\002.png,4.403500002808869,4.023044586181641
patch_layer3,model_only,3,23,data\raw\mvtec_anomaly_detection\bottle\test\broken_large\003.png,4.433399997651577,4.895201683044434
patch_layer3,model_only,3,24,data\raw\mvtec_anomaly_detection\bottle\test\broken_large\004.png,4.411499947309494,5.267384052276611
patch_layer3,model_only,3,25,data\raw\mvtec_anomaly_detection\bottle\test\broken_large\005.png,4.347699927166104,4.60845422744751
patch_layer3,model_only,3,26,data\raw\mvtec_anomaly_detection\bottle\test\broken_large\006.png,4.293499980121851,5.1306610107421875
patch_layer3,model_only,3,27,data\raw\mvtec_anomaly_detection\bottle\test\broken_large\007.png,4.432299989275634,3.921571731567383
patch_layer3,model_only,3,28,data\raw\mvtec_anomaly_detection\bottle\test\broken_large\008.png,4.292699974030256,5.3515305519104
patch_layer3,model_only,3,29,data\raw\mvtec_anomaly_detection\bottle\test\broken_large\009.png,4.623500048182905,4.56941556930542
patch_layer3,model_only,3,30,data\raw\mvtec_anomaly_detection\bottle\test\broken_large\010.png,4.437300027348101,4.809571743011475
patch_layer3,model_only,3,31,data\raw\mvtec_anomaly_detection\bottle\test\broken_large\011.png,4.355999990366399,4.7340497970581055
patch_layer3,model_only,3,32,data\raw\mvtec_anomaly_detection\bottle\test\broken_large\012.png,4.563299939036369,4.992428302764893
patch_layer3,model_only,3,33,data\raw\mvtec_anomaly_detection\bottle\test\broken_large\013.png,4.597599967382848,4.032972812652588
patch_layer3,model_only,3,34,data\raw\mvtec_anomaly_detection\bottle\test\broken_large\014.png,4.3747000163421035,5.050409317016602
patch_layer3,model_only,3,35,data\raw\mvtec_anomaly_detection\bottle\test\broken_large\015.png,4.601699998602271,5.041504383087158
patch_layer3,model_only,3,36,data\raw\mvtec_anomaly_detection\bottle\test\broken_large\016.png,4.440600052475929,4.210008144378662
patch_layer3,model_only,3,37,data\raw\mvtec_anomaly_detection\bottle\test\broken_large\017.png,4.3880000011995435,4.592291831970215
patch_layer3,model_only,3,38,data\raw\mvtec_anomaly_detection\bottle\test\broken_large\018.png,4.486899939365685,4.579996585845947
patch_layer3,model_only,3,39,data\raw\mvtec_anomaly_detection\bottle\test\broken_large\019.png,4.5022000558674335,4.464104175567627
patch_layer3,model_only,3,40,data\raw\mvtec_anomaly_detection\bottle\test\broken_small\000.png,4.441400058567524,3.866772174835205
patch_layer3,model_only,3,41,data\raw\mvtec_anomaly_detection\bottle\test\broken_small\001.png,4.5677999733015895,5.003523826599121
patch_layer3,model_only,3,42,data\raw\mvtec_anomaly_detection\bottle\test\broken_small\002.png,4.427999956533313,4.251943588256836
patch_layer3,model_only,3,43,data\raw\mvtec_anomaly_detection\bottle\test\broken_small\003.png,4.519900074228644,4.884119510650635
patch_layer3,model_only,3,44,data\raw\mvtec_anomaly_detection\bottle\test\broken_small\004.png,4.981599980965257,5.898159980773926
patch_layer3,model_only,3,45,data\raw\mvtec_anomaly_detection\bottle\test\broken_small\005.png,4.231100087054074,4.653103828430176
patch_layer3,model_only,3,46,data\raw\mvtec_anomaly_detection\bottle\test\broken_small\006.png,4.396800068207085,4.667858600616455
patch_layer3,model_only,3,47,data\raw\mvtec_anomaly_detection\bottle\test\broken_small\007.png,5.201299907639623,3.7877302169799805
patch_layer3,model_only,3,48,data\raw\mvtec_anomaly_detection\bottle\test\broken_small\008.png,4.065299988724291,3.8025619983673096
patch_layer3,model_only,3,49,data\raw\mvtec_anomaly_detection\bottle\test\broken_small\009.png,4.298600018955767,4.703930854797363
patch_layer3,model_only,3,50,data\raw\mvtec_anomaly_detection\bottle\test\broken_small\010.png,5.109400022774935,4.854950428009033
patch_layer3,model_only,3,51,data\raw\mvtec_anomaly_detection\bottle\test\broken_small\011.png,4.377300036139786,4.31980562210083
patch_layer3,model_only,3,52,data\raw\mvtec_anomaly_detection\bottle\test\broken_small\012.png,4.407700034789741,4.648650169372559
patch_layer3,model_only,3,53,data\raw\mvtec_anomaly_detection\bottle\test\broken_small\013.png,4.641000065021217,4.230384826660156
patch_layer3,model_only,3,54,data\raw\mvtec_anomaly_detection\bottle\test\broken_small\014.png,4.413199960254133,4.0090460777282715
patch_layer3,model_only,3,55,data\raw\mvtec_anomaly_detection\bottle\test\broken_small\015.png,4.341499996371567,3.8369619846343994
patch_layer3,model_only,3,56,data\raw\mvtec_anomaly_detection\bottle\test\broken_small\016.png,4.602400003932416,5.2383341789245605
patch_layer3,model_only,3,57,data\raw\mvtec_anomaly_detection\bottle\test\broken_small\017.png,4.487500060349703,5.041371822357178
patch_layer3,model_only,3,58,data\raw\mvtec_anomaly_detection\bottle\test\broken_small\018.png,4.314800025895238,5.599959850311279
patch_layer3,model_only,3,59,data\raw\mvtec_anomaly_detection\bottle\test\broken_small\019.png,4.697500029578805,5.2333831787109375
patch_layer3,model_only,3,60,data\raw\mvtec_anomaly_detection\bottle\test\broken_small\020.png,4.3172999285161495,4.951472282409668
patch_layer3,model_only,3,61,data\raw\mvtec_anomaly_detection\bottle\test\broken_small\021.png,4.435000009834766,4.783029079437256
patch_layer3,model_only,3,62,data\raw\mvtec_anomaly_detection\bottle\test\contamination\000.png,4.604000016115606,3.8528683185577393
patch_layer3,model_only,3,63,data\raw\mvtec_anomaly_detection\bottle\test\contamination\001.png,4.715499933809042,3.2465505599975586
patch_layer3,model_only,3,64,data\raw\mvtec_anomaly_detection\bottle\test\contamination\002.png,4.467899911105633,3.703580856323242
patch_layer3,model_only,3,65,data\raw\mvtec_anomaly_detection\bottle\test\contamination\003.png,4.605899914167821,3.002498149871826
patch_layer3,model_only,3,66,data\raw\mvtec_anomaly_detection\bottle\test\contamination\004.png,4.345500026829541,3.210782527923584
patch_layer3,model_only,3,67,data\raw\mvtec_anomaly_detection\bottle\test\contamination\005.png,4.4015999883413315,4.765796184539795
patch_layer3,model_only,3,68,data\raw\mvtec_anomaly_detection\bottle\test\contamination\006.png,4.569000098854303,3.7494709491729736
patch_layer3,model_only,3,69,data\raw\mvtec_anomaly_detection\bottle\test\contamination\007.png,4.377300036139786,5.818613529205322
patch_layer3,model_only,3,70,data\raw\mvtec_anomaly_detection\bottle\test\contamination\008.png,4.279000102542341,4.308222770690918
patch_layer3,model_only,3,71,data\raw\mvtec_anomaly_detection\bottle\test\contamination\009.png,4.599699983373284,4.4941205978393555
patch_layer3,model_only,3,72,data\raw\mvtec_anomaly_detection\bottle\test\contamination\010.png,4.439899930730462,4.349096298217773
patch_layer3,model_only,3,73,data\raw\mvtec_anomaly_detection\bottle\test\contamination\011.png,4.536300082691014,4.035782814025879
patch_layer3,model_only,3,74,data\raw\mvtec_anomaly_detection\bottle\test\contamination\012.png,4.669300047680736,3.479198455810547
patch_layer3,model_only,3,75,data\raw\mvtec_anomaly_detection\bottle\test\contamination\013.png,4.36309992801398,4.929323196411133
patch_layer3,model_only,3,76,data\raw\mvtec_anomaly_detection\bottle\test\contamination\014.png,4.365299944765866,2.977785110473633
patch_layer3,model_only,3,77,data\raw\mvtec_anomaly_detection\bottle\test\contamination\015.png,4.601699998602271,4.451267719268799
patch_layer3,model_only,3,78,data\raw\mvtec_anomaly_detection\bottle\test\contamination\016.png,4.4154999777674675,3.414794445037842
patch_layer3,model_only,3,79,data\raw\mvtec_anomaly_detection\bottle\test\contamination\017.png,5.052500055171549,5.815241813659668
patch_layer3,model_only,3,80,data\raw\mvtec_anomaly_detection\bottle\test\contamination\018.png,4.511600011028349,4.973021507263184
patch_layer3,model_only,3,81,data\raw\mvtec_anomaly_detection\bottle\test\contamination\019.png,4.4111000606790185,3.1189870834350586
patch_layer3,model_only,3,82,data\raw\mvtec_anomaly_detection\bottle\test\contamination\020.png,4.415399977006018,3.1803040504455566
patch_layer3,model_only,4,0,data\raw\mvtec_anomaly_detection\bottle\test\good\000.png,5.397000000812113,2.6770694255828857
patch_layer3,model_only,4,1,data\raw\mvtec_anomaly_detection\bottle\test\good\001.png,5.438099964521825,2.681241512298584
patch_layer3,model_only,4,2,data\raw\mvtec_anomaly_detection\bottle\test\good\002.png,4.578800057061017,2.706800699234009
patch_layer3,model_only,4,3,data\raw\mvtec_anomaly_detection\bottle\test\good\003.png,5.670200102031231,2.739799737930298
patch_layer3,model_only,4,4,data\raw\mvtec_anomaly_detection\bottle\test\good\004.png,4.272899939678609,2.696135997772217
patch_layer3,model_only,4,5,data\raw\mvtec_anomaly_detection\bottle\test\good\005.png,4.505199962295592,2.7214555740356445
patch_layer3,model_only,4,6,data\raw\mvtec_anomaly_detection\bottle\test\good\006.png,4.4374000281095505,2.781585216522217
patch_layer3,model_only,4,7,data\raw\mvtec_anomaly_detection\bottle\test\good\007.png,4.565800074487925,2.7815935611724854
patch_layer3,model_only,4,8,data\raw\mvtec_anomaly_detection\bottle\test\good\008.png,4.27729997318238,2.761549472808838
patch_layer3,model_only,4,9,data\raw\mvtec_anomaly_detection\bottle\test\good\009.png,4.415100091136992,2.706686019897461
patch_layer3,model_only,4,10,data\raw\mvtec_anomaly_detection\bottle\test\good\010.png,4.546200041659176,2.860560655593872
patch_layer3,model_only,4,11,data\raw\mvtec_anomaly_detection\bottle\test\good\011.png,4.400200094096363,2.6874186992645264
patch_layer3,model_only,4,12,data\raw\mvtec_anomaly_detection\bottle\test\good\012.png,4.40940004773438,2.7570858001708984
patch_layer3,model_only,4,13,data\raw\mvtec_anomaly_detection\bottle\test\good\013.png,4.399399971589446,2.7480809688568115
patch_layer3,model_only,4,14,data\raw\mvtec_anomaly_detection\bottle\test\good\014.png,4.408499924466014,2.782339096069336
patch_layer3,model_only,4,15,data\raw\mvtec_anomaly_detection\bottle\test\good\015.png,4.45530004799366,2.729416608810425
patch_layer3,model_only,4,16,data\raw\mvtec_anomaly_detection\bottle\test\good\016.png,4.507499979808927,2.7532706260681152
patch_layer3,model_only,4,17,data\raw\mvtec_anomaly_detection\bottle\test\good\017.png,4.425699939019978,2.791172742843628
patch_layer3,model_only,4,18,data\raw\mvtec_anomaly_detection\bottle\test\good\018.png,4.449500003829598,2.712047815322876
patch_layer3,model_only,4,19,data\raw\mvtec_anomaly_detection\bottle\test\good\019.png,4.587800009176135,2.826977014541626
patch_layer3,model_only,4,20,data\raw\mvtec_anomaly_detection\bottle\test\broken_large\000.png,4.497100017033517,4.441296100616455
patch_layer3,model_only,4,21,data\raw\mvtec_anomaly_detection\bottle\test\broken_large\001.png,4.555799998342991,4.986383438110352
patch_layer3,model_only,4,22,data\raw\mvtec_anomaly_detection\bottle\test\broken_large\002.png,4.260499961674213,4.023044586181641
patch_layer3,model_only,4,23,data\raw\mvtec_anomaly_detection\bottle\test\broken_large\003.png,4.495500004850328,4.895201683044434
patch_layer3,model_only,4,24,data\raw\mvtec_anomaly_detection\bottle\test\broken_large\004.png,4.493500106036663,5.267384052276611
patch_layer3,model_only,4,25,data\raw\mvtec_anomaly_detection\bottle\test\broken_large\005.png,4.507500096224248,4.60845422744751
patch_layer3,model_only,4,26,data\raw\mvtec_anomaly_detection\bottle\test\broken_large\006.png,4.158299998380244,5.1306610107421875
patch_layer3,model_only,4,27,data\raw\mvtec_anomaly_detection\bottle\test\broken_large\007.png,4.384000087156892,3.921571731567383
patch_layer3,model_only,4,28,data\raw\mvtec_anomaly_detection\bottle\test\broken_large\008.png,4.653299925848842,5.3515305519104
patch_layer3,model_only,4,29,data\raw\mvtec_anomaly_detection\bottle\test\broken_large\009.png,4.446599981747568,4.56941556930542
patch_layer3,model_only,4,30,data\raw\mvtec_anomaly_detection\bottle\test\broken_large\010.png,4.432599991559982,4.809571743011475
patch_layer3,model_only,4,31,data\raw\mvtec_anomaly_detection\bottle\test\broken_large\011.png,4.6165999956429005,4.7340497970581055
patch_layer3,model_only,4,32,data\raw\mvtec_anomaly_detection\bottle\test\broken_large\012.png,4.603499895893037,4.992428302764893
patch_layer3,model_only,4,33,data\raw\mvtec_anomaly_detection\bottle\test\broken_large\013.png,4.324099980294704,4.032972812652588
patch_layer3,model_only,4,34,data\raw\mvtec_anomaly_detection\bottle\test\broken_large\014.png,5.249000038020313,5.050409317016602
patch_layer3,model_only,4,35,data\raw\mvtec_anomaly_detection\bottle\test\broken_large\015.png,4.427800071425736,5.041504383087158
patch_layer3,model_only,4,36,data\raw\mvtec_anomaly_detection\bottle\test\broken_large\016.png,4.541400005109608,4.210008144378662
patch_layer3,model_only,4,37,data\raw\mvtec_anomaly_detection\bottle\test\broken_large\017.png,4.5140000293031335,4.592291831970215
patch_layer3,model_only,4,38,data\raw\mvtec_anomaly_detection\bottle\test\broken_large\018.png,4.352999967522919,4.579996585845947
patch_layer3,model_only,4,39,data\raw\mvtec_anomaly_detection\bottle\test\broken_large\019.png,4.441300057806075,4.464104175567627
patch_layer3,model_only,4,40,data\raw\mvtec_anomaly_detection\bottle\test\broken_small\000.png,4.87750000320375,3.866772174835205
patch_layer3,model_only,4,41,data\raw\mvtec_anomaly_detection\bottle\test\broken_small\001.png,4.409799934364855,5.003523826599121
patch_layer3,model_only,4,42,data\raw\mvtec_anomaly_detection\bottle\test\broken_small\002.png,4.4493000023067,4.251943588256836
patch_layer3,model_only,4,43,data\raw\mvtec_anomaly_detection\bottle\test\broken_small\003.png,4.655800061300397,4.884119510650635
patch_layer3,model_only,4,44,data\raw\mvtec_anomaly_detection\bottle\test\broken_small\004.png,4.437999916262925,5.898159980773926
patch_layer3,model_only,4,45,data\raw\mvtec_anomaly_detection\bottle\test\broken_small\005.png,4.485200042836368,4.653103828430176
patch_layer3,model_only,4,46,data\raw\mvtec_anomaly_detection\bottle\test\broken_small\006.png,4.601199994795024,4.667858600616455
patch_layer3,model_only,4,47,data\raw\mvtec_anomaly_detection\bottle\test\broken_small\007.png,4.408200038596988,3.7877302169799805
patch_layer3,model_only,4,48,data\raw\mvtec_anomaly_detection\bottle\test\broken_small\008.png,4.458899958990514,3.8025619983673096
patch_layer3,model_only,4,49,data\raw\mvtec_anomaly_detection\bottle\test\broken_small\009.png,4.440400050953031,4.703930854797363
patch_layer3,model_only,4,50,data\raw\mvtec_anomaly_detection\bottle\test\broken_small\010.png,4.452099907211959,4.854950428009033
patch_layer3,model_only,4,51,data\raw\mvtec_anomaly_detection\bottle\test\broken_small\011.png,4.360299906693399,4.31980562210083
patch_layer3,model_only,4,52,data\raw\mvtec_anomaly_detection\bottle\test\broken_small\012.png,4.356899997219443,4.648650169372559
patch_layer3,model_only,4,53,data\raw\mvtec_anomaly_detection\bottle\test\broken_small\013.png,4.468100029043853,4.230384826660156
patch_layer3,model_only,4,54,data\raw\mvtec_anomaly_detection\bottle\test\broken_small\014.png,4.507799982093275,4.0090460777282715
patch_layer3,model_only,4,55,data\raw\mvtec_anomaly_detection\bottle\test\broken_small\015.png,4.5934999361634254,3.8369619846343994
patch_layer3,model_only,4,56,data\raw\mvtec_anomaly_detection\bottle\test\broken_small\016.png,4.448799998499453,5.2383341789245605
patch_layer3,model_only,4,57,data\raw\mvtec_anomaly_detection\bottle\test\broken_small\017.png,4.482500022277236,5.041371822357178
patch_layer3,model_only,4,58,data\raw\mvtec_anomaly_detection\bottle\test\broken_small\018.png,4.609900061041117,5.599959850311279
patch_layer3,model_only,4,59,data\raw\mvtec_anomaly_detection\bottle\test\broken_small\019.png,4.440799937583506,5.2333831787109375
patch_layer3,model_only,4,60,data\raw\mvtec_anomaly_detection\bottle\test\broken_small\020.png,4.63149999268353,4.951472282409668
patch_layer3,model_only,4,61,data\raw\mvtec_anomaly_detection\bottle\test\broken_small\021.png,4.850100027397275,4.783029079437256
patch_layer3,model_only,4,62,data\raw\mvtec_anomaly_detection\bottle\test\contamination\000.png,4.454599926248193,3.8528683185577393
patch_layer3,model_only,4,63,data\raw\mvtec_anomaly_detection\bottle\test\contamination\001.png,4.453500034287572,3.2465505599975586
patch_layer3,model_only,4,64,data\raw\mvtec_anomaly_detection\bottle\test\contamination\002.png,4.663400002755225,3.703580856323242
patch_layer3,model_only,4,65,data\raw\mvtec_anomaly_detection\bottle\test\contamination\003.png,4.440799937583506,3.002498149871826
patch_layer3,model_only,4,66,data\raw\mvtec_anomaly_detection\bottle\test\contamination\004.png,4.432199988514185,3.210782527923584
patch_layer3,model_only,4,67,data\raw\mvtec_anomaly_detection\bottle\test\contamination\005.png,4.735299968160689,4.765796184539795
patch_layer3,model_only,4,68,data\raw\mvtec_anomaly_detection\bottle\test\contamination\006.png,4.505899967625737,3.7494709491729736
patch_layer3,model_only,4,69,data\raw\mvtec_anomaly_detection\bottle\test\contamination\007.png,4.431999986991286,5.818613529205322
patch_layer3,model_only,4,70,data\raw\mvtec_anomaly_detection\bottle\test\contamination\008.png,4.662399995140731,4.308222770690918
patch_layer3,model_only,4,71,data\raw\mvtec_anomaly_detection\bottle\test\contamination\009.png,4.360300023108721,4.4941205978393555
patch_layer3,model_only,4,72,data\raw\mvtec_anomaly_detection\bottle\test\contamination\010.png,4.563799942843616,4.349096298217773
patch_layer3,model_only,4,73,data\raw\mvtec_anomaly_detection\bottle\test\contamination\011.png,4.536499967798591,4.035782814025879
patch_layer3,model_only,4,74,data\raw\mvtec_anomaly_detection\bottle\test\contamination\012.png,4.128900007344782,3.479198455810547
patch_layer3,model_only,4,75,data\raw\mvtec_anomaly_detection\bottle\test\contamination\013.png,4.45830007083714,4.929323196411133
patch_layer3,model_only,4,76,data\raw\mvtec_anomaly_detection\bottle\test\contamination\014.png,4.619400016963482,2.977785110473633
patch_layer3,model_only,4,77,data\raw\mvtec_anomaly_detection\bottle\test\contamination\015.png,4.407099913805723,4.451267719268799
patch_layer3,model_only,4,78,data\raw\mvtec_anomaly_detection\bottle\test\contamination\016.png,4.448799998499453,3.414794445037842
patch_layer3,model_only,4,79,data\raw\mvtec_anomaly_detection\bottle\test\contamination\017.png,4.619200015440583,5.815241813659668
patch_layer3,model_only,4,80,data\raw\mvtec_anomaly_detection\bottle\test\contamination\018.png,4.437500028871,4.973021507263184
patch_layer3,model_only,4,81,data\raw\mvtec_anomaly_detection\bottle\test\contamination\019.png,4.412900074385107,3.1189870834350586
patch_layer3,model_only,4,82,data\raw\mvtec_anomaly_detection\bottle\test\contamination\020.png,4.463099990971386,3.1803040504455566
patch_layer3,end_to_end,0,0,data\raw\mvtec_anomaly_detection\bottle\test\good\000.png,26.44369995687157,2.6770694255828857
patch_layer3,end_to_end,0,1,data\raw\mvtec_anomaly_detection\bottle\test\good\001.png,27.05679996870458,2.681241512298584
patch_layer3,end_to_end,0,2,data\raw\mvtec_anomaly_detection\bottle\test\good\002.png,25.843200040981174,2.706800699234009
patch_layer3,end_to_end,0,3,data\raw\mvtec_anomaly_detection\bottle\test\good\003.png,25.89539997279644,2.739799737930298
patch_layer3,end_to_end,0,4,data\raw\mvtec_anomaly_detection\bottle\test\good\004.png,26.97410003747791,2.696135997772217
patch_layer3,end_to_end,0,5,data\raw\mvtec_anomaly_detection\bottle\test\good\005.png,25.94300010241568,2.7214555740356445
patch_layer3,end_to_end,0,6,data\raw\mvtec_anomaly_detection\bottle\test\good\006.png,23.014400037936866,2.781585216522217
patch_layer3,end_to_end,0,7,data\raw\mvtec_anomaly_detection\bottle\test\good\007.png,23.401700076647103,2.7815935611724854
patch_layer3,end_to_end,0,8,data\raw\mvtec_anomaly_detection\bottle\test\good\008.png,24.497400037944317,2.761549472808838
patch_layer3,end_to_end,0,9,data\raw\mvtec_anomaly_detection\bottle\test\good\009.png,25.503800017759204,2.706686019897461
patch_layer3,end_to_end,0,10,data\raw\mvtec_anomaly_detection\bottle\test\good\010.png,23.340399959124625,2.860560655593872
patch_layer3,end_to_end,0,11,data\raw\mvtec_anomaly_detection\bottle\test\good\011.png,22.781600011512637,2.6874186992645264
patch_layer3,end_to_end,0,12,data\raw\mvtec_anomaly_detection\bottle\test\good\012.png,23.369599948637187,2.7570858001708984
patch_layer3,end_to_end,0,13,data\raw\mvtec_anomaly_detection\bottle\test\good\013.png,23.035099962726235,2.7480809688568115
patch_layer3,end_to_end,0,14,data\raw\mvtec_anomaly_detection\bottle\test\good\014.png,23.029400035738945,2.782339096069336
patch_layer3,end_to_end,0,15,data\raw\mvtec_anomaly_detection\bottle\test\good\015.png,23.426800034940243,2.729416608810425
patch_layer3,end_to_end,0,16,data\raw\mvtec_anomaly_detection\bottle\test\good\016.png,22.968300036154687,2.7532706260681152
patch_layer3,end_to_end,0,17,data\raw\mvtec_anomaly_detection\bottle\test\good\017.png,23.011300014331937,2.791172742843628
patch_layer3,end_to_end,0,18,data\raw\mvtec_anomaly_detection\bottle\test\good\018.png,23.231300059705973,2.712047815322876
patch_layer3,end_to_end,0,19,data\raw\mvtec_anomaly_detection\bottle\test\good\019.png,22.711300058290362,2.826977014541626
patch_layer3,end_to_end,0,20,data\raw\mvtec_anomaly_detection\bottle\test\broken_large\000.png,23.028899915516376,4.441296100616455
patch_layer3,end_to_end,0,21,data\raw\mvtec_anomaly_detection\bottle\test\broken_large\001.png,23.423400009050965,4.986383438110352
patch_layer3,end_to_end,0,22,data\raw\mvtec_anomaly_detection\bottle\test\broken_large\002.png,22.756899939849973,4.023044586181641
patch_layer3,end_to_end,0,23,data\raw\mvtec_anomaly_detection\bottle\test\broken_large\003.png,22.55170000717044,4.895201683044434
patch_layer3,end_to_end,0,24,data\raw\mvtec_anomaly_detection\bottle\test\broken_large\004.png,23.671400034800172,5.267384052276611
patch_layer3,end_to_end,0,25,data\raw\mvtec_anomaly_detection\bottle\test\broken_large\005.png,22.98430004157126,4.60845422744751
patch_layer3,end_to_end,0,26,data\raw\mvtec_anomaly_detection\bottle\test\broken_large\006.png,23.82559992838651,5.1306610107421875
patch_layer3,end_to_end,0,27,data\raw\mvtec_anomaly_detection\bottle\test\broken_large\007.png,23.128799977712333,3.921571731567383
patch_layer3,end_to_end,0,28,data\raw\mvtec_anomaly_detection\bottle\test\broken_large\008.png,23.135899915359914,5.3515305519104
patch_layer3,end_to_end,0,29,data\raw\mvtec_anomaly_detection\bottle\test\broken_large\009.png,23.380600032396615,4.56941556930542
patch_layer3,end_to_end,0,30,data\raw\mvtec_anomaly_detection\bottle\test\broken_large\010.png,22.878199932165444,4.809571743011475
patch_layer3,end_to_end,0,31,data\raw\mvtec_anomaly_detection\bottle\test\broken_large\011.png,23.115800111554563,4.7340497970581055
patch_layer3,end_to_end,0,32,data\raw\mvtec_anomaly_detection\bottle\test\broken_large\012.png,23.342200089246035,4.992428302764893
patch_layer3,end_to_end,0,33,data\raw\mvtec_anomaly_detection\bottle\test\broken_large\013.png,22.736000013537705,4.032972812652588
patch_layer3,end_to_end,0,34,data\raw\mvtec_anomaly_detection\bottle\test\broken_large\014.png,23.327399976551533,5.050409317016602
patch_layer3,end_to_end,0,35,data\raw\mvtec_anomaly_detection\bottle\test\broken_large\015.png,23.210000013932586,5.041504383087158
patch_layer3,end_to_end,0,36,data\raw\mvtec_anomaly_detection\bottle\test\broken_large\016.png,22.660300019197166,4.210008144378662
patch_layer3,end_to_end,0,37,data\raw\mvtec_anomaly_detection\bottle\test\broken_large\017.png,23.455700022168458,4.592291831970215
patch_layer3,end_to_end,0,38,data\raw\mvtec_anomaly_detection\bottle\test\broken_large\018.png,23.180700023658574,4.579996585845947
patch_layer3,end_to_end,0,39,data\raw\mvtec_anomaly_detection\bottle\test\broken_large\019.png,23.074000026099384,4.464104175567627
patch_layer3,end_to_end,0,40,data\raw\mvtec_anomaly_detection\bottle\test\broken_small\000.png,23.267999989911914,3.866772174835205
patch_layer3,end_to_end,0,41,data\raw\mvtec_anomaly_detection\bottle\test\broken_small\001.png,23.440200020559132,5.003523826599121
patch_layer3,end_to_end,0,42,data\raw\mvtec_anomaly_detection\bottle\test\broken_small\002.png,23.448400082997978,4.251943588256836
patch_layer3,end_to_end,0,43,data\raw\mvtec_anomaly_detection\bottle\test\broken_small\003.png,23.732900037430227,4.884119510650635
patch_layer3,end_to_end,0,44,data\raw\mvtec_anomaly_detection\bottle\test\broken_small\004.png,24.97689996380359,5.898159980773926
patch_layer3,end_to_end,0,45,data\raw\mvtec_anomaly_detection\bottle\test\broken_small\005.png,24.656100082211196,4.653103828430176
patch_layer3,end_to_end,0,46,data\raw\mvtec_anomaly_detection\bottle\test\broken_small\006.png,23.556799977086484,4.667858600616455
patch_layer3,end_to_end,0,47,data\raw\mvtec_anomaly_detection\bottle\test\broken_small\007.png,26.21999999973923,3.7877302169799805
patch_layer3,end_to_end,0,48,data\raw\mvtec_anomaly_detection\bottle\test\broken_small\008.png,27.0301999989897,3.8025619983673096
patch_layer3,end_to_end,0,49,data\raw\mvtec_anomaly_detection\bottle\test\broken_small\009.png,22.989400080405176,4.703930854797363
patch_layer3,end_to_end,0,50,data\raw\mvtec_anomaly_detection\bottle\test\broken_small\010.png,23.343199980445206,4.854950428009033
patch_layer3,end_to_end,0,51,data\raw\mvtec_anomaly_detection\bottle\test\broken_small\011.png,24.526000022888184,4.31980562210083
patch_layer3,end_to_end,0,52,data\raw\mvtec_anomaly_detection\bottle\test\broken_small\012.png,26.282800012268126,4.648650169372559
patch_layer3,end_to_end,0,53,data\raw\mvtec_anomaly_detection\bottle\test\broken_small\013.png,23.210000013932586,4.230384826660156
patch_layer3,end_to_end,0,54,data\raw\mvtec_anomaly_detection\bottle\test\broken_small\014.png,23.43589998781681,4.0090460777282715
patch_layer3,end_to_end,0,55,data\raw\mvtec_anomaly_detection\bottle\test\broken_small\015.png,22.94109994545579,3.8369619846343994
patch_layer3,end_to_end,0,56,data\raw\mvtec_anomaly_detection\bottle\test\broken_small\016.png,23.26290006749332,5.2383341789245605
patch_layer3,end_to_end,0,57,data\raw\mvtec_anomaly_detection\bottle\test\broken_small\017.png,23.329599993303418,5.041371822357178
patch_layer3,end_to_end,0,58,data\raw\mvtec_anomaly_detection\bottle\test\broken_small\018.png,23.00769998691976,5.599959850311279
patch_layer3,end_to_end,0,59,data\raw\mvtec_anomaly_detection\bottle\test\broken_small\019.png,23.344399989582598,5.2333831787109375
patch_layer3,end_to_end,0,60,data\raw\mvtec_anomaly_detection\bottle\test\broken_small\020.png,23.33380002528429,4.951472282409668
patch_layer3,end_to_end,0,61,data\raw\mvtec_anomaly_detection\bottle\test\broken_small\021.png,23.307699942961335,4.783029079437256
patch_layer3,end_to_end,0,62,data\raw\mvtec_anomaly_detection\bottle\test\contamination\000.png,27.180799981579185,3.8528683185577393
patch_layer3,end_to_end,0,63,data\raw\mvtec_anomaly_detection\bottle\test\contamination\001.png,27.566100005060434,3.2465505599975586
patch_layer3,end_to_end,0,64,data\raw\mvtec_anomaly_detection\bottle\test\contamination\002.png,25.0023000407964,3.703580856323242
patch_layer3,end_to_end,0,65,data\raw\mvtec_anomaly_detection\bottle\test\contamination\003.png,24.438200052827597,3.002498149871826
patch_layer3,end_to_end,0,66,data\raw\mvtec_anomaly_detection\bottle\test\contamination\004.png,24.46989994496107,3.210782527923584
patch_layer3,end_to_end,0,67,data\raw\mvtec_anomaly_detection\bottle\test\contamination\005.png,25.14859999064356,4.765796184539795
patch_layer3,end_to_end,0,68,data\raw\mvtec_anomaly_detection\bottle\test\contamination\006.png,24.562399950809777,3.7494709491729736
patch_layer3,end_to_end,0,69,data\raw\mvtec_anomaly_detection\bottle\test\contamination\007.png,27.56239997688681,5.818613529205322
patch_layer3,end_to_end,0,70,data\raw\mvtec_anomaly_detection\bottle\test\contamination\008.png,24.965599994175136,4.308222770690918
patch_layer3,end_to_end,0,71,data\raw\mvtec_anomaly_detection\bottle\test\contamination\009.png,26.439700042828918,4.4941205978393555
patch_layer3,end_to_end,0,72,data\raw\mvtec_anomaly_detection\bottle\test\contamination\010.png,24.58720002323389,4.349096298217773
patch_layer3,end_to_end,0,73,data\raw\mvtec_anomaly_detection\bottle\test\contamination\011.png,24.777800077572465,4.035782814025879
patch_layer3,end_to_end,0,74,data\raw\mvtec_anomaly_detection\bottle\test\contamination\012.png,24.450300028547645,3.479198455810547
patch_layer3,end_to_end,0,75,data\raw\mvtec_anomaly_detection\bottle\test\contamination\013.png,24.853499955497682,4.929323196411133
patch_layer3,end_to_end,0,76,data\raw\mvtec_anomaly_detection\bottle\test\contamination\014.png,24.81370000168681,2.977785110473633
patch_layer3,end_to_end,0,77,data\raw\mvtec_anomaly_detection\bottle\test\contamination\015.png,25.13550000730902,4.451267719268799
patch_layer3,end_to_end,0,78,data\raw\mvtec_anomaly_detection\bottle\test\contamination\016.png,24.810299975797534,3.414794445037842
patch_layer3,end_to_end,0,79,data\raw\mvtec_anomaly_detection\bottle\test\contamination\017.png,24.665899924002588,5.815241813659668
patch_layer3,end_to_end,0,80,data\raw\mvtec_anomaly_detection\bottle\test\contamination\018.png,24.56469996832311,4.973021507263184
patch_layer3,end_to_end,0,81,data\raw\mvtec_anomaly_detection\bottle\test\contamination\019.png,24.40660004504025,3.1189870834350586
patch_layer3,end_to_end,0,82,data\raw\mvtec_anomaly_detection\bottle\test\contamination\020.png,24.929699953645468,3.1803040504455566
patch_layer3,end_to_end,1,0,data\raw\mvtec_anomaly_detection\bottle\test\good\000.png,25.059200008399785,2.6770694255828857
patch_layer3,end_to_end,1,1,data\raw\mvtec_anomaly_detection\bottle\test\good\001.png,25.226800004020333,2.681241512298584
patch_layer3,end_to_end,1,2,data\raw\mvtec_anomaly_detection\bottle\test\good\002.png,25.246900040656328,2.706800699234009
patch_layer3,end_to_end,1,3,data\raw\mvtec_anomaly_detection\bottle\test\good\003.png,26.392400031909347,2.739799737930298
patch_layer3,end_to_end,1,4,data\raw\mvtec_anomaly_detection\bottle\test\good\004.png,25.746700004674494,2.696135997772217
patch_layer3,end_to_end,1,5,data\raw\mvtec_anomaly_detection\bottle\test\good\005.png,27.877600048668683,2.7214555740356445
patch_layer3,end_to_end,1,6,data\raw\mvtec_anomaly_detection\bottle\test\good\006.png,27.711300062946975,2.781585216522217
patch_layer3,end_to_end,1,7,data\raw\mvtec_anomaly_detection\bottle\test\good\007.png,27.06620004028082,2.7815935611724854
patch_layer3,end_to_end,1,8,data\raw\mvtec_anomaly_detection\bottle\test\good\008.png,24.657399975694716,2.761549472808838
patch_layer3,end_to_end,1,9,data\raw\mvtec_anomaly_detection\bottle\test\good\009.png,24.646100006066263,2.706686019897461
patch_layer3,end_to_end,1,10,data\raw\mvtec_anomaly_detection\bottle\test\good\010.png,24.727700045332313,2.860560655593872
patch_layer3,end_to_end,1,11,data\raw\mvtec_anomaly_detection\bottle\test\good\011.png,24.863500031642616,2.6874186992645264
patch_layer3,end_to_end,1,12,data\raw\mvtec_anomaly_detection\bottle\test\good\012.png,24.837899953126907,2.7570858001708984
patch_layer3,end_to_end,1,13,data\raw\mvtec_anomaly_detection\bottle\test\good\013.png,27.942700078710914,2.7480809688568115
patch_layer3,end_to_end,1,14,data\raw\mvtec_anomaly_detection\bottle\test\good\014.png,25.121399899944663,2.782339096069336
patch_layer3,end_to_end,1,15,data\raw\mvtec_anomaly_detection\bottle\test\good\015.png,25.185600039549172,2.729416608810425
patch_layer3,end_to_end,1,16,data\raw\mvtec_anomaly_detection\bottle\test\good\016.png,25.121300015598536,2.7532706260681152
patch_layer3,end_to_end,1,17,data\raw\mvtec_anomaly_detection\bottle\test\good\017.png,26.81529999244958,2.791172742843628
patch_layer3,end_to_end,1,18,data\raw\mvtec_anomaly_detection\bottle\test\good\018.png,28.3964000409469,2.712047815322876
patch_layer3,end_to_end,1,19,data\raw\mvtec_anomaly_detection\bottle\test\good\019.png,28.482900001108646,2.826977014541626
patch_layer3,end_to_end,1,20,data\raw\mvtec_anomaly_detection\bottle\test\broken_large\000.png,25.558200082741678,4.441296100616455
patch_layer3,end_to_end,1,21,data\raw\mvtec_anomaly_detection\bottle\test\broken_large\001.png,25.44500003568828,4.986383438110352
patch_layer3,end_to_end,1,22,data\raw\mvtec_anomaly_detection\bottle\test\broken_large\002.png,26.23049996327609,4.023044586181641
patch_layer3,end_to_end,1,23,data\raw\mvtec_anomaly_detection\bottle\test\broken_large\003.png,24.83899996150285,4.895201683044434
patch_layer3,end_to_end,1,24,data\raw\mvtec_anomaly_detection\bottle\test\broken_large\004.png,27.535200002603233,5.267384052276611
patch_layer3,end_to_end,1,25,data\raw\mvtec_anomaly_detection\bottle\test\broken_large\005.png,27.841200004331768,4.60845422744751
patch_layer3,end_to_end,1,26,data\raw\mvtec_anomaly_detection\bottle\test\broken_large\006.png,27.806000085547566,5.1306610107421875
patch_layer3,end_to_end,1,27,data\raw\mvtec_anomaly_detection\bottle\test\broken_large\007.png,27.828000020235777,3.921571731567383
patch_layer3,end_to_end,1,28,data\raw\mvtec_anomaly_detection\bottle\test\broken_large\008.png,28.255400015041232,5.3515305519104
patch_layer3,end_to_end,1,29,data\raw\mvtec_anomaly_detection\bottle\test\broken_large\009.png,28.3344000345096,4.56941556930542
patch_layer3,end_to_end,1,30,data\raw\mvtec_anomaly_detection\bottle\test\broken_large\010.png,31.07979998458177,4.809571743011475
patch_layer3,end_to_end,1,31,data\raw\mvtec_anomaly_detection\bottle\test\broken_large\011.png,31.382899964228272,4.7340497970581055
patch_layer3,end_to_end,1,32,data\raw\mvtec_anomaly_detection\bottle\test\broken_large\012.png,31.228600069880486,4.992428302764893
patch_layer3,end_to_end,1,33,data\raw\mvtec_anomaly_detection\bottle\test\broken_large\013.png,31.993200071156025,4.032972812652588
patch_layer3,end_to_end,1,34,data\raw\mvtec_anomaly_detection\bottle\test\broken_large\014.png,28.16970006097108,5.050409317016602
patch_layer3,end_to_end,1,35,data\raw\mvtec_anomaly_detection\bottle\test\broken_large\015.png,28.071500011719763,5.041504383087158
patch_layer3,end_to_end,1,36,data\raw\mvtec_anomaly_detection\bottle\test\broken_large\016.png,27.878399938344955,4.210008144378662
patch_layer3,end_to_end,1,37,data\raw\mvtec_anomaly_detection\bottle\test\broken_large\017.png,30.783999944105744,4.592291831970215
patch_layer3,end_to_end,1,38,data\raw\mvtec_anomaly_detection\bottle\test\broken_large\018.png,28.91039999667555,4.579996585845947
patch_layer3,end_to_end,1,39,data\raw\mvtec_anomaly_detection\bottle\test\broken_large\019.png,28.958700015209615,4.464104175567627
patch_layer3,end_to_end,1,40,data\raw\mvtec_anomaly_detection\bottle\test\broken_small\000.png,30.852399999275804,3.866772174835205
patch_layer3,end_to_end,1,41,data\raw\mvtec_anomaly_detection\bottle\test\broken_small\001.png,29.188800021074712,5.003523826599121
patch_layer3,end_to_end,1,42,data\raw\mvtec_anomaly_detection\bottle\test\broken_small\002.png,28.742399998009205,4.251943588256836
patch_layer3,end_to_end,1,43,data\raw\mvtec_anomaly_detection\bottle\test\broken_small\003.png,29.59369996096939,4.884119510650635
patch_layer3,end_to_end,1,44,data\raw\mvtec_anomaly_detection\bottle\test\broken_small\004.png,31.51199989952147,5.898159980773926
patch_layer3,end_to_end,1,45,data\raw\mvtec_anomaly_detection\bottle\test\broken_small\005.png,28.291000053286552,4.653103828430176
patch_layer3,end_to_end,1,46,data\raw\mvtec_anomaly_detection\bottle\test\broken_small\006.png,29.0351000148803,4.667858600616455
patch_layer3,end_to_end,1,47,data\raw\mvtec_anomaly_detection\bottle\test\broken_small\007.png,28.271600021980703,3.7877302169799805
patch_layer3,end_to_end,1,48,data\raw\mvtec_anomaly_detection\bottle\test\broken_small\008.png,28.361400007270277,3.8025619983673096
patch_layer3,end_to_end,1,49,data\raw\mvtec_anomaly_detection\bottle\test\broken_small\009.png,28.9844999788329,4.703930854797363
patch_layer3,end_to_end,1,50,data\raw\mvtec_anomaly_detection\bottle\test\broken_small\010.png,28.533500037156045,4.854950428009033
patch_layer3,end_to_end,1,51,data\raw\mvtec_anomaly_detection\bottle\test\broken_small\011.png,28.31620001234114,4.31980562210083
patch_layer3,end_to_end,1,52,data\raw\mvtec_anomaly_detection\bottle\test\broken_small\012.png,29.845200013369322,4.648650169372559
patch_layer3,end_to_end,1,53,data\raw\mvtec_anomaly_detection\bottle\test\broken_small\013.png,28.664299985393882,4.230384826660156
patch_layer3,end_to_end,1,54,data\raw\mvtec_anomaly_detection\bottle\test\broken_small\014.png,28.670900035649538,4.0090460777282715
patch_layer3,end_to_end,1,55,data\raw\mvtec_anomaly_detection\bottle\test\broken_small\015.png,28.846499975770712,3.8369619846343994
patch_layer3,end_to_end,1,56,data\raw\mvtec_anomaly_detection\bottle\test\broken_small\016.png,28.669400024227798,5.2383341789245605
patch_layer3,end_to_end,1,57,data\raw\mvtec_anomaly_detection\bottle\test\broken_small\017.png,28.656400041654706,5.041371822357178
patch_layer3,end_to_end,1,58,data\raw\mvtec_anomaly_detection\bottle\test\broken_small\018.png,29.152700095437467,5.599959850311279
patch_layer3,end_to_end,1,59,data\raw\mvtec_anomaly_detection\bottle\test\broken_small\019.png,28.35919999051839,5.2333831787109375
patch_layer3,end_to_end,1,60,data\raw\mvtec_anomaly_detection\bottle\test\broken_small\020.png,28.727800003252923,4.951472282409668
patch_layer3,end_to_end,1,61,data\raw\mvtec_anomaly_detection\bottle\test\broken_small\021.png,28.841400053352118,4.783029079437256
patch_layer3,end_to_end,1,62,data\raw\mvtec_anomaly_detection\bottle\test\contamination\000.png,28.474400052800775,3.8528683185577393
patch_layer3,end_to_end,1,63,data\raw\mvtec_anomaly_detection\bottle\test\contamination\001.png,28.923399979248643,3.2465505599975586
patch_layer3,end_to_end,1,64,data\raw\mvtec_anomaly_detection\bottle\test\contamination\002.png,30.231900047510862,3.703580856323242
patch_layer3,end_to_end,1,65,data\raw\mvtec_anomaly_detection\bottle\test\contamination\003.png,28.598299948498607,3.002498149871826
patch_layer3,end_to_end,1,66,data\raw\mvtec_anomaly_detection\bottle\test\contamination\004.png,28.647500090301037,3.210782527923584
patch_layer3,end_to_end,1,67,data\raw\mvtec_anomaly_detection\bottle\test\contamination\005.png,28.578200028277934,4.765796184539795
patch_layer3,end_to_end,1,68,data\raw\mvtec_anomaly_detection\bottle\test\contamination\006.png,28.911600005812943,3.7494709491729736
patch_layer3,end_to_end,1,69,data\raw\mvtec_anomaly_detection\bottle\test\contamination\007.png,29.741500038653612,5.818613529205322
patch_layer3,end_to_end,1,70,data\raw\mvtec_anomaly_detection\bottle\test\contamination\008.png,28.899700031615794,4.308222770690918
patch_layer3,end_to_end,1,71,data\raw\mvtec_anomaly_detection\bottle\test\contamination\009.png,28.955299989320338,4.4941205978393555
patch_layer3,end_to_end,1,72,data\raw\mvtec_anomaly_detection\bottle\test\contamination\010.png,29.30160006508231,4.349096298217773
patch_layer3,end_to_end,1,73,data\raw\mvtec_anomaly_detection\bottle\test\contamination\011.png,28.79959996789694,4.035782814025879
patch_layer3,end_to_end,1,74,data\raw\mvtec_anomaly_detection\bottle\test\contamination\012.png,29.65269994456321,3.479198455810547
patch_layer3,end_to_end,1,75,data\raw\mvtec_anomaly_detection\bottle\test\contamination\013.png,28.76829996239394,4.929323196411133
patch_layer3,end_to_end,1,76,data\raw\mvtec_anomaly_detection\bottle\test\contamination\014.png,30.18480003811419,2.977785110473633
patch_layer3,end_to_end,1,77,data\raw\mvtec_anomaly_detection\bottle\test\contamination\015.png,30.142300063744187,4.451267719268799
patch_layer3,end_to_end,1,78,data\raw\mvtec_anomaly_detection\bottle\test\contamination\016.png,31.99839999433607,3.414794445037842
patch_layer3,end_to_end,1,79,data\raw\mvtec_anomaly_detection\bottle\test\contamination\017.png,30.95960000064224,5.815241813659668
patch_layer3,end_to_end,1,80,data\raw\mvtec_anomaly_detection\bottle\test\contamination\018.png,31.369499978609383,4.973021507263184
patch_layer3,end_to_end,1,81,data\raw\mvtec_anomaly_detection\bottle\test\contamination\019.png,29.25150003284216,3.1189870834350586
patch_layer3,end_to_end,1,82,data\raw\mvtec_anomaly_detection\bottle\test\contamination\020.png,29.2450999841094,3.1803040504455566
patch_layer3,end_to_end,2,0,data\raw\mvtec_anomaly_detection\bottle\test\good\000.png,29.63949996046722,2.6770694255828857
patch_layer3,end_to_end,2,1,data\raw\mvtec_anomaly_detection\bottle\test\good\001.png,28.946499922312796,2.681241512298584
patch_layer3,end_to_end,2,2,data\raw\mvtec_anomaly_detection\bottle\test\good\002.png,28.712500003166497,2.706800699234009
patch_layer3,end_to_end,2,3,data\raw\mvtec_anomaly_detection\bottle\test\good\003.png,29.779799981042743,2.739799737930298
patch_layer3,end_to_end,2,4,data\raw\mvtec_anomaly_detection\bottle\test\good\004.png,28.438700013794005,2.696135997772217
patch_layer3,end_to_end,2,5,data\raw\mvtec_anomaly_detection\bottle\test\good\005.png,28.909699991345406,2.7214555740356445
patch_layer3,end_to_end,2,6,data\raw\mvtec_anomaly_detection\bottle\test\good\006.png,29.213299974799156,2.781585216522217
patch_layer3,end_to_end,2,7,data\raw\mvtec_anomaly_detection\bottle\test\good\007.png,28.827400063164532,2.7815935611724854
patch_layer3,end_to_end,2,8,data\raw\mvtec_anomaly_detection\bottle\test\good\008.png,29.554600012488663,2.761549472808838
patch_layer3,end_to_end,2,9,data\raw\mvtec_anomaly_detection\bottle\test\good\009.png,28.961500036530197,2.706686019897461
patch_layer3,end_to_end,2,10,data\raw\mvtec_anomaly_detection\bottle\test\good\010.png,28.68820005096495,2.860560655593872
patch_layer3,end_to_end,2,11,data\raw\mvtec_anomaly_detection\bottle\test\good\011.png,28.902599937282503,2.6874186992645264
patch_layer3,end_to_end,2,12,data\raw\mvtec_anomaly_detection\bottle\test\good\012.png,30.37719998974353,2.7570858001708984
patch_layer3,end_to_end,2,13,data\raw\mvtec_anomaly_detection\bottle\test\good\013.png,29.779699980281293,2.7480809688568115
patch_layer3,end_to_end,2,14,data\raw\mvtec_anomaly_detection\bottle\test\good\014.png,29.29129998665303,2.782339096069336
patch_layer3,end_to_end,2,15,data\raw\mvtec_anomaly_detection\bottle\test\good\015.png,29.35329999309033,2.729416608810425
patch_layer3,end_to_end,2,16,data\raw\mvtec_anomaly_detection\bottle\test\good\016.png,29.70360009931028,2.7532706260681152
patch_layer3,end_to_end,2,17,data\raw\mvtec_anomaly_detection\bottle\test\good\017.png,29.337799991481006,2.791172742843628
patch_layer3,end_to_end,2,18,data\raw\mvtec_anomaly_detection\bottle\test\good\018.png,30.8528000023216,2.712047815322876
patch_layer3,end_to_end,2,19,data\raw\mvtec_anomaly_detection\bottle\test\good\019.png,30.109499930404127,2.826977014541626
patch_layer3,end_to_end,2,20,data\raw\mvtec_anomaly_detection\bottle\test\broken_large\000.png,29.036999912932515,4.441296100616455
patch_layer3,end_to_end,2,21,data\raw\mvtec_anomaly_detection\bottle\test\broken_large\001.png,29.20389990322292,4.986383438110352
patch_layer3,end_to_end,2,22,data\raw\mvtec_anomaly_detection\bottle\test\broken_large\002.png,29.518800089135766,4.023044586181641
patch_layer3,end_to_end,2,23,data\raw\mvtec_anomaly_detection\bottle\test\broken_large\003.png,31.883099931292236,4.895201683044434
patch_layer3,end_to_end,2,24,data\raw\mvtec_anomaly_detection\bottle\test\broken_large\004.png,29.06480000820011,5.267384052276611
patch_layer3,end_to_end,2,25,data\raw\mvtec_anomaly_detection\bottle\test\broken_large\005.png,28.518900042399764,4.60845422744751
patch_layer3,end_to_end,2,26,data\raw\mvtec_anomaly_detection\bottle\test\broken_large\006.png,29.726000037044287,5.1306610107421875
patch_layer3,end_to_end,2,27,data\raw\mvtec_anomaly_detection\bottle\test\broken_large\007.png,29.4127999804914,3.921571731567383
patch_layer3,end_to_end,2,28,data\raw\mvtec_anomaly_detection\bottle\test\broken_large\008.png,32.29120001196861,5.3515305519104
patch_layer3,end_to_end,2,29,data\raw\mvtec_anomaly_detection\bottle\test\broken_large\009.png,29.167399974539876,4.56941556930542
patch_layer3,end_to_end,2,30,data\raw\mvtec_anomaly_detection\bottle\test\broken_large\010.png,28.885799925774336,4.809571743011475
patch_layer3,end_to_end,2,31,data\raw\mvtec_anomaly_detection\bottle\test\broken_large\011.png,29.0895999642089,4.7340497970581055
patch_layer3,end_to_end,2,32,data\raw\mvtec_anomaly_detection\bottle\test\broken_large\012.png,29.943999950774014,4.992428302764893
patch_layer3,end_to_end,2,33,data\raw\mvtec_anomaly_detection\bottle\test\broken_large\013.png,31.541100004687905,4.032972812652588
patch_layer3,end_to_end,2,34,data\raw\mvtec_anomaly_detection\bottle\test\broken_large\014.png,29.67199997510761,5.050409317016602
patch_layer3,end_to_end,2,35,data\raw\mvtec_anomaly_detection\bottle\test\broken_large\015.png,29.635499930009246,5.041504383087158
patch_layer3,end_to_end,2,36,data\raw\mvtec_anomaly_detection\bottle\test\broken_large\016.png,28.820800012908876,4.210008144378662
patch_layer3,end_to_end,2,37,data\raw\mvtec_anomaly_detection\bottle\test\broken_large\017.png,28.854700038209558,4.592291831970215
patch_layer3,end_to_end,2,38,data\raw\mvtec_anomaly_detection\bottle\test\broken_large\018.png,28.817699989303946,4.579996585845947
patch_layer3,end_to_end,2,39,data\raw\mvtec_anomaly_detection\bottle\test\broken_large\019.png,29.97450006660074,4.464104175567627
patch_layer3,end_to_end,2,40,data\raw\mvtec_anomaly_detection\bottle\test\broken_small\000.png,31.14169999025762,3.866772174835205
patch_layer3,end_to_end,2,41,data\raw\mvtec_anomaly_detection\bottle\test\broken_small\001.png,31.111699994653463,5.003523826599121
patch_layer3,end_to_end,2,42,data\raw\mvtec_anomaly_detection\bottle\test\broken_small\002.png,29.151599970646203,4.251943588256836
patch_layer3,end_to_end,2,43,data\raw\mvtec_anomaly_detection\bottle\test\broken_small\003.png,29.18930002488196,4.884119510650635
patch_layer3,end_to_end,2,44,data\raw\mvtec_anomaly_detection\bottle\test\broken_small\004.png,29.216499999165535,5.898159980773926
patch_layer3,end_to_end,2,45,data\raw\mvtec_anomaly_detection\bottle\test\broken_small\005.png,29.921500012278557,4.653103828430176
patch_layer3,end_to_end,2,46,data\raw\mvtec_anomaly_detection\bottle\test\broken_small\006.png,29.073400073684752,4.667858600616455
patch_layer3,end_to_end,2,47,data\raw\mvtec_anomaly_detection\bottle\test\broken_small\007.png,29.248000006191432,3.7877302169799805
patch_layer3,end_to_end,2,48,data\raw\mvtec_anomaly_detection\bottle\test\broken_small\008.png,29.425700078718364,3.8025619983673096
patch_layer3,end_to_end,2,49,data\raw\mvtec_anomaly_detection\bottle\test\broken_small\009.png,29.96519999578595,4.703930854797363
patch_layer3,end_to_end,2,50,data\raw\mvtec_anomaly_detection\bottle\test\broken_small\010.png,30.84550006315112,4.854950428009033
patch_layer3,end_to_end,2,51,data\raw\mvtec_anomaly_detection\bottle\test\broken_small\011.png,32.271700096316636,4.31980562210083
patch_layer3,end_to_end,2,52,data\raw\mvtec_anomaly_detection\bottle\test\broken_small\012.png,28.790300013497472,4.648650169372559
patch_layer3,end_to_end,2,53,data\raw\mvtec_anomaly_detection\bottle\test\broken_small\013.png,29.56689998973161,4.230384826660156
patch_layer3,end_to_end,2,54,data\raw\mvtec_anomaly_detection\bottle\test\broken_small\014.png,32.38800005055964,4.0090460777282715
patch_layer3,end_to_end,2,55,data\raw\mvtec_anomaly_detection\bottle\test\broken_small\015.png,29.52570002526045,3.8369619846343994
patch_layer3,end_to_end,2,56,data\raw\mvtec_anomaly_detection\bottle\test\broken_small\016.png,30.674900044687092,5.2383341789245605
patch_layer3,end_to_end,2,57,data\raw\mvtec_anomaly_detection\bottle\test\broken_small\017.png,29.47649999987334,5.041371822357178
patch_layer3,end_to_end,2,58,data\raw\mvtec_anomaly_detection\bottle\test\broken_small\018.png,29.43990007042885,5.599959850311279
patch_layer3,end_to_end,2,59,data\raw\mvtec_anomaly_detection\bottle\test\broken_small\019.png,29.76570010650903,5.2333831787109375
patch_layer3,end_to_end,2,60,data\raw\mvtec_anomaly_detection\bottle\test\broken_small\020.png,35.56600003503263,4.951472282409668
patch_layer3,end_to_end,2,61,data\raw\mvtec_anomaly_detection\bottle\test\broken_small\021.png,32.727999961934984,4.783029079437256
patch_layer3,end_to_end,2,62,data\raw\mvtec_anomaly_detection\bottle\test\contamination\000.png,30.587999965064228,3.8528683185577393
patch_layer3,end_to_end,2,63,data\raw\mvtec_anomaly_detection\bottle\test\contamination\001.png,30.01709992531687,3.2465505599975586
patch_layer3,end_to_end,2,64,data\raw\mvtec_anomaly_detection\bottle\test\contamination\002.png,29.549700091592968,3.703580856323242
patch_layer3,end_to_end,2,65,data\raw\mvtec_anomaly_detection\bottle\test\contamination\003.png,29.626499977894127,3.002498149871826
patch_layer3,end_to_end,2,66,data\raw\mvtec_anomaly_detection\bottle\test\contamination\004.png,29.2335000121966,3.210782527923584
patch_layer3,end_to_end,2,67,data\raw\mvtec_anomaly_detection\bottle\test\contamination\005.png,30.778200016357005,4.765796184539795
patch_layer3,end_to_end,2,68,data\raw\mvtec_anomaly_detection\bottle\test\contamination\006.png,30.346899991855025,3.7494709491729736
patch_layer3,end_to_end,2,69,data\raw\mvtec_anomaly_detection\bottle\test\contamination\007.png,29.81159999035299,5.818613529205322
patch_layer3,end_to_end,2,70,data\raw\mvtec_anomaly_detection\bottle\test\contamination\008.png,29.559599934145808,4.308222770690918
patch_layer3,end_to_end,2,71,data\raw\mvtec_anomaly_detection\bottle\test\contamination\009.png,30.06479993928224,4.4941205978393555
patch_layer3,end_to_end,2,72,data\raw\mvtec_anomaly_detection\bottle\test\contamination\010.png,29.437200049869716,4.349096298217773
patch_layer3,end_to_end,2,73,data\raw\mvtec_anomaly_detection\bottle\test\contamination\011.png,29.415099998004735,4.035782814025879
patch_layer3,end_to_end,2,74,data\raw\mvtec_anomaly_detection\bottle\test\contamination\012.png,30.019200057722628,3.479198455810547
patch_layer3,end_to_end,2,75,data\raw\mvtec_anomaly_detection\bottle\test\contamination\013.png,29.425900080241263,4.929323196411133
patch_layer3,end_to_end,2,76,data\raw\mvtec_anomaly_detection\bottle\test\contamination\014.png,29.816300026141107,2.977785110473633
patch_layer3,end_to_end,2,77,data\raw\mvtec_anomaly_detection\bottle\test\contamination\015.png,29.396099969744682,4.451267719268799
patch_layer3,end_to_end,2,78,data\raw\mvtec_anomaly_detection\bottle\test\contamination\016.png,30.177599983289838,3.414794445037842
patch_layer3,end_to_end,2,79,data\raw\mvtec_anomaly_detection\bottle\test\contamination\017.png,29.961599968373775,5.815241813659668
patch_layer3,end_to_end,2,80,data\raw\mvtec_anomaly_detection\bottle\test\contamination\018.png,29.151800088584423,4.973021507263184
patch_layer3,end_to_end,2,81,data\raw\mvtec_anomaly_detection\bottle\test\contamination\019.png,30.072800000198185,3.1189870834350586
patch_layer3,end_to_end,2,82,data\raw\mvtec_anomaly_detection\bottle\test\contamination\020.png,29.588100034743547,3.1803040504455566
patch_layer3,end_to_end,3,0,data\raw\mvtec_anomaly_detection\bottle\test\good\000.png,29.978300095535815,2.6770694255828857
patch_layer3,end_to_end,3,1,data\raw\mvtec_anomaly_detection\bottle\test\good\001.png,32.36120007932186,2.681241512298584
patch_layer3,end_to_end,3,2,data\raw\mvtec_anomaly_detection\bottle\test\good\002.png,33.50970009341836,2.706800699234009
patch_layer3,end_to_end,3,3,data\raw\mvtec_anomaly_detection\bottle\test\good\003.png,34.38219998497516,2.739799737930298
patch_layer3,end_to_end,3,4,data\raw\mvtec_anomaly_detection\bottle\test\good\004.png,34.21930002514273,2.696135997772217
patch_layer3,end_to_end,3,5,data\raw\mvtec_anomaly_detection\bottle\test\good\005.png,34.32720003183931,2.7214555740356445
patch_layer3,end_to_end,3,6,data\raw\mvtec_anomaly_detection\bottle\test\good\006.png,34.40679993946105,2.781585216522217
patch_layer3,end_to_end,3,7,data\raw\mvtec_anomaly_detection\bottle\test\good\007.png,33.32379995845258,2.7815935611724854
patch_layer3,end_to_end,3,8,data\raw\mvtec_anomaly_detection\bottle\test\good\008.png,32.19570009969175,2.761549472808838
patch_layer3,end_to_end,3,9,data\raw\mvtec_anomaly_detection\bottle\test\good\009.png,34.649399924091995,2.706686019897461
patch_layer3,end_to_end,3,10,data\raw\mvtec_anomaly_detection\bottle\test\good\010.png,30.750999925658107,2.860560655593872
patch_layer3,end_to_end,3,11,data\raw\mvtec_anomaly_detection\bottle\test\good\011.png,29.35520000755787,2.6874186992645264
patch_layer3,end_to_end,3,12,data\raw\mvtec_anomaly_detection\bottle\test\good\012.png,30.120000010356307,2.7570858001708984
patch_layer3,end_to_end,3,13,data\raw\mvtec_anomaly_detection\bottle\test\good\013.png,30.794800026342273,2.7480809688568115
patch_layer3,end_to_end,3,14,data\raw\mvtec_anomaly_detection\bottle\test\good\014.png,29.624400078319013,2.782339096069336
patch_layer3,end_to_end,3,15,data\raw\mvtec_anomaly_detection\bottle\test\good\015.png,29.740700032562017,2.729416608810425
patch_layer3,end_to_end,3,16,data\raw\mvtec_anomaly_detection\bottle\test\good\016.png,30.795600032433867,2.7532706260681152
patch_layer3,end_to_end,3,17,data\raw\mvtec_anomaly_detection\bottle\test\good\017.png,29.627600102685392,2.791172742843628
patch_layer3,end_to_end,3,18,data\raw\mvtec_anomaly_detection\bottle\test\good\018.png,29.81119998730719,2.712047815322876
patch_layer3,end_to_end,3,19,data\raw\mvtec_anomaly_detection\bottle\test\good\019.png,30.40829999372363,2.826977014541626
patch_layer3,end_to_end,3,20,data\raw\mvtec_anomaly_detection\bottle\test\broken_large\000.png,29.60990008432418,4.441296100616455
patch_layer3,end_to_end,3,21,data\raw\mvtec_anomaly_detection\bottle\test\broken_large\001.png,29.94449995458126,4.986383438110352
patch_layer3,end_to_end,3,22,data\raw\mvtec_anomaly_detection\bottle\test\broken_large\002.png,29.979300103150308,4.023044586181641
patch_layer3,end_to_end,3,23,data\raw\mvtec_anomaly_detection\bottle\test\broken_large\003.png,29.734599986113608,4.895201683044434
patch_layer3,end_to_end,3,24,data\raw\mvtec_anomaly_detection\bottle\test\broken_large\004.png,30.666999984532595,5.267384052276611
patch_layer3,end_to_end,3,25,data\raw\mvtec_anomaly_detection\bottle\test\broken_large\005.png,29.98330001719296,4.60845422744751
patch_layer3,end_to_end,3,26,data\raw\mvtec_anomaly_detection\bottle\test\broken_large\006.png,29.813500004820526,5.1306610107421875
patch_layer3,end_to_end,3,27,data\raw\mvtec_anomaly_detection\bottle\test\broken_large\007.png,29.45269993506372,3.921571731567383
patch_layer3,end_to_end,3,28,data\raw\mvtec_anomaly_detection\bottle\test\broken_large\008.png,30.176999978721142,5.3515305519104
patch_layer3,end_to_end,3,29,data\raw\mvtec_anomaly_detection\bottle\test\broken_large\009.png,31.888099969364703,4.56941556930542
patch_layer3,end_to_end,3,30,data\raw\mvtec_anomaly_detection\bottle\test\broken_large\010.png,30.40980000514537,4.809571743011475
patch_layer3,end_to_end,3,31,data\raw\mvtec_anomaly_detection\bottle\test\broken_large\011.png,29.61299999151379,4.7340497970581055
patch_layer3,end_to_end,3,32,data\raw\mvtec_anomaly_detection\bottle\test\broken_large\012.png,32.73660002741963,4.992428302764893
patch_layer3,end_to_end,3,33,data\raw\mvtec_anomaly_detection\bottle\test\broken_large\013.png,29.760700068436563,4.032972812652588
patch_layer3,end_to_end,3,34,data\raw\mvtec_anomaly_detection\bottle\test\broken_large\014.png,30.136700021103024,5.050409317016602
patch_layer3,end_to_end,3,35,data\raw\mvtec_anomaly_detection\bottle\test\broken_large\015.png,30.474400031380355,5.041504383087158
patch_layer3,end_to_end,3,36,data\raw\mvtec_anomaly_detection\bottle\test\broken_large\016.png,29.72710004542023,4.210008144378662
patch_layer3,end_to_end,3,37,data\raw\mvtec_anomaly_detection\bottle\test\broken_large\017.png,30.310000060126185,4.592291831970215
patch_layer3,end_to_end,3,38,data\raw\mvtec_anomaly_detection\bottle\test\broken_large\018.png,30.140899936668575,4.579996585845947
patch_layer3,end_to_end,3,39,data\raw\mvtec_anomaly_detection\bottle\test\broken_large\019.png,33.6395000340417,4.464104175567627
patch_layer3,end_to_end,3,40,data\raw\mvtec_anomaly_detection\bottle\test\broken_small\000.png,31.75239998381585,3.866772174835205
patch_layer3,end_to_end,3,41,data\raw\mvtec_anomaly_detection\bottle\test\broken_small\001.png,33.46219996456057,5.003523826599121
patch_layer3,end_to_end,3,42,data\raw\mvtec_anomaly_detection\bottle\test\broken_small\002.png,30.488899908959866,4.251943588256836
patch_layer3,end_to_end,3,43,data\raw\mvtec_anomaly_detection\bottle\test\broken_small\003.png,29.735299991443753,4.884119510650635
patch_layer3,end_to_end,3,44,data\raw\mvtec_anomaly_detection\bottle\test\broken_small\004.png,30.05589998792857,5.898159980773926
patch_layer3,end_to_end,3,45,data\raw\mvtec_anomaly_detection\bottle\test\broken_small\005.png,31.019999994896352,4.653103828430176
patch_layer3,end_to_end,3,46,data\raw\mvtec_anomaly_detection\bottle\test\broken_small\006.png,30.200000037439167,4.667858600616455
patch_layer3,end_to_end,3,47,data\raw\mvtec_anomaly_detection\bottle\test\broken_small\007.png,33.06330007035285,3.7877302169799805
patch_layer3,end_to_end,3,48,data\raw\mvtec_anomaly_detection\bottle\test\broken_small\008.png,33.73290004674345,3.8025619983673096
patch_layer3,end_to_end,3,49,data\raw\mvtec_anomaly_detection\bottle\test\broken_small\009.png,34.16650008875877,4.703930854797363
patch_layer3,end_to_end,3,50,data\raw\mvtec_anomaly_detection\bottle\test\broken_small\010.png,29.995000106282532,4.854950428009033
patch_layer3,end_to_end,3,51,data\raw\mvtec_anomaly_detection\bottle\test\broken_small\011.png,30.18930007237941,4.31980562210083
patch_layer3,end_to_end,3,52,data\raw\mvtec_anomaly_detection\bottle\test\broken_small\012.png,30.460000038146973,4.648650169372559
patch_layer3,end_to_end,3,53,data\raw\mvtec_anomaly_detection\bottle\test\broken_small\013.png,30.877699959091842,4.230384826660156
patch_layer3,end_to_end,3,54,data\raw\mvtec_anomaly_detection\bottle\test\broken_small\014.png,32.98100002575666,4.0090460777282715
patch_layer3,end_to_end,3,55,data\raw\mvtec_anomaly_detection\bottle\test\broken_small\015.png,30.971699976362288,3.8369619846343994
patch_layer3,end_to_end,3,56,data\raw\mvtec_anomaly_detection\bottle\test\broken_small\016.png,30.296800076030195,5.2383341789245605
patch_layer3,end_to_end,3,57,data\raw\mvtec_anomaly_detection\bottle\test\broken_small\017.png,30.364399892278016,5.041371822357178
patch_layer3,end_to_end,3,58,data\raw\mvtec_anomaly_detection\bottle\test\broken_small\018.png,30.85420001298189,5.599959850311279
patch_layer3,end_to_end,3,59,data\raw\mvtec_anomaly_detection\bottle\test\broken_small\019.png,33.354900078848004,5.2333831787109375
patch_layer3,end_to_end,3,60,data\raw\mvtec_anomaly_detection\bottle\test\broken_small\020.png,30.579800019040704,4.951472282409668
patch_layer3,end_to_end,3,61,data\raw\mvtec_anomaly_detection\bottle\test\broken_small\021.png,30.65289999358356,4.783029079437256
patch_layer3,end_to_end,3,62,data\raw\mvtec_anomaly_detection\bottle\test\contamination\000.png,30.42910003568977,3.8528683185577393
patch_layer3,end_to_end,3,63,data\raw\mvtec_anomaly_detection\bottle\test\contamination\001.png,30.261200037784874,3.2465505599975586
patch_layer3,end_to_end,3,64,data\raw\mvtec_anomaly_detection\bottle\test\contamination\002.png,30.56989994365722,3.703580856323242
patch_layer3,end_to_end,3,65,data\raw\mvtec_anomaly_detection\bottle\test\contamination\003.png,30.031800037249923,3.002498149871826
patch_layer3,end_to_end,3,66,data\raw\mvtec_anomaly_detection\bottle\test\contamination\004.png,30.106699909083545,3.210782527923584
patch_layer3,end_to_end,3,67,data\raw\mvtec_anomaly_detection\bottle\test\contamination\005.png,30.99070000462234,4.765796184539795
patch_layer3,end_to_end,3,68,data\raw\mvtec_anomaly_detection\bottle\test\contamination\006.png,30.622999998740852,3.7494709491729736
patch_layer3,end_to_end,3,69,data\raw\mvtec_anomaly_detection\bottle\test\contamination\007.png,31.564999953843653,5.818613529205322
patch_layer3,end_to_end,3,70,data\raw\mvtec_anomaly_detection\bottle\test\contamination\008.png,30.670100008137524,4.308222770690918
patch_layer3,end_to_end,3,71,data\raw\mvtec_anomaly_detection\bottle\test\contamination\009.png,30.54940002039075,4.4941205978393555
patch_layer3,end_to_end,3,72,data\raw\mvtec_anomaly_detection\bottle\test\contamination\010.png,30.681399977765977,4.349096298217773
patch_layer3,end_to_end,3,73,data\raw\mvtec_anomaly_detection\bottle\test\contamination\011.png,31.649300013668835,4.035782814025879
patch_layer3,end_to_end,3,74,data\raw\mvtec_anomaly_detection\bottle\test\contamination\012.png,32.34329994302243,3.479198455810547
patch_layer3,end_to_end,3,75,data\raw\mvtec_anomaly_detection\bottle\test\contamination\013.png,30.973299988545477,4.929323196411133
patch_layer3,end_to_end,3,76,data\raw\mvtec_anomaly_detection\bottle\test\contamination\014.png,30.48150008544326,2.977785110473633
patch_layer3,end_to_end,3,77,data\raw\mvtec_anomaly_detection\bottle\test\contamination\015.png,30.850199982523918,4.451267719268799
patch_layer3,end_to_end,3,78,data\raw\mvtec_anomaly_detection\bottle\test\contamination\016.png,30.6972999824211,3.414794445037842
patch_layer3,end_to_end,3,79,data\raw\mvtec_anomaly_detection\bottle\test\contamination\017.png,32.35039999708533,5.815241813659668
patch_layer3,end_to_end,3,80,data\raw\mvtec_anomaly_detection\bottle\test\contamination\018.png,30.278899939730763,4.973021507263184
patch_layer3,end_to_end,3,81,data\raw\mvtec_anomaly_detection\bottle\test\contamination\019.png,33.42230000998825,3.1189870834350586
patch_layer3,end_to_end,3,82,data\raw\mvtec_anomaly_detection\bottle\test\contamination\020.png,30.875299940817058,3.1803040504455566
patch_layer3,end_to_end,4,0,data\raw\mvtec_anomaly_detection\bottle\test\good\000.png,34.31440005078912,2.6770694255828857
patch_layer3,end_to_end,4,1,data\raw\mvtec_anomaly_detection\bottle\test\good\001.png,31.356299994513392,2.681241512298584
patch_layer3,end_to_end,4,2,data\raw\mvtec_anomaly_detection\bottle\test\good\002.png,31.33419994264841,2.706800699234009
patch_layer3,end_to_end,4,3,data\raw\mvtec_anomaly_detection\bottle\test\good\003.png,30.69859999231994,2.739799737930298
patch_layer3,end_to_end,4,4,data\raw\mvtec_anomaly_detection\bottle\test\good\004.png,31.1566999880597,2.696135997772217
patch_layer3,end_to_end,4,5,data\raw\mvtec_anomaly_detection\bottle\test\good\005.png,30.20540007855743,2.7214555740356445
patch_layer3,end_to_end,4,6,data\raw\mvtec_anomaly_detection\bottle\test\good\006.png,30.789599986746907,2.781585216522217
patch_layer3,end_to_end,4,7,data\raw\mvtec_anomaly_detection\bottle\test\good\007.png,30.79520002938807,2.7815935611724854
patch_layer3,end_to_end,4,8,data\raw\mvtec_anomaly_detection\bottle\test\good\008.png,30.745500000193715,2.761549472808838
patch_layer3,end_to_end,4,9,data\raw\mvtec_anomaly_detection\bottle\test\good\009.png,31.146599911153316,2.706686019897461
patch_layer3,end_to_end,4,10,data\raw\mvtec_anomaly_detection\bottle\test\good\010.png,33.42520003207028,2.860560655593872
patch_layer3,end_to_end,4,11,data\raw\mvtec_anomaly_detection\bottle\test\good\011.png,33.772499999031425,2.6874186992645264
patch_layer3,end_to_end,4,12,data\raw\mvtec_anomaly_detection\bottle\test\good\012.png,30.46919999178499,2.7570858001708984
patch_layer3,end_to_end,4,13,data\raw\mvtec_anomaly_detection\bottle\test\good\013.png,30.265399953350425,2.7480809688568115
patch_layer3,end_to_end,4,14,data\raw\mvtec_anomaly_detection\bottle\test\good\014.png,30.909499968402088,2.782339096069336
patch_layer3,end_to_end,4,15,data\raw\mvtec_anomaly_detection\bottle\test\good\015.png,30.38800007198006,2.729416608810425
patch_layer3,end_to_end,4,16,data\raw\mvtec_anomaly_detection\bottle\test\good\016.png,33.335400046780705,2.7532706260681152
patch_layer3,end_to_end,4,17,data\raw\mvtec_anomaly_detection\bottle\test\good\017.png,33.67379994597286,2.791172742843628
patch_layer3,end_to_end,4,18,data\raw\mvtec_anomaly_detection\bottle\test\good\018.png,33.67819997947663,2.712047815322876
patch_layer3,end_to_end,4,19,data\raw\mvtec_anomaly_detection\bottle\test\good\019.png,34.024400054477155,2.826977014541626
patch_layer3,end_to_end,4,20,data\raw\mvtec_anomaly_detection\bottle\test\broken_large\000.png,34.93950003758073,4.441296100616455
patch_layer3,end_to_end,4,21,data\raw\mvtec_anomaly_detection\bottle\test\broken_large\001.png,35.038999980315566,4.986383438110352
patch_layer3,end_to_end,4,22,data\raw\mvtec_anomaly_detection\bottle\test\broken_large\002.png,33.918999950401485,4.023044586181641
patch_layer3,end_to_end,4,23,data\raw\mvtec_anomaly_detection\bottle\test\broken_large\003.png,29.531799955293536,4.895201683044434
patch_layer3,end_to_end,4,24,data\raw\mvtec_anomaly_detection\bottle\test\broken_large\004.png,31.34630003478378,5.267384052276611
patch_layer3,end_to_end,4,25,data\raw\mvtec_anomaly_detection\bottle\test\broken_large\005.png,30.720099923200905,4.60845422744751
patch_layer3,end_to_end,4,26,data\raw\mvtec_anomaly_detection\bottle\test\broken_large\006.png,31.027999939396977,5.1306610107421875
patch_layer3,end_to_end,4,27,data\raw\mvtec_anomaly_detection\bottle\test\broken_large\007.png,30.345499981194735,3.921571731567383
patch_layer3,end_to_end,4,28,data\raw\mvtec_anomaly_detection\bottle\test\broken_large\008.png,30.11059993878007,5.3515305519104
patch_layer3,end_to_end,4,29,data\raw\mvtec_anomaly_detection\bottle\test\broken_large\009.png,30.981300049461424,4.56941556930542
patch_layer3,end_to_end,4,30,data\raw\mvtec_anomaly_detection\bottle\test\broken_large\010.png,30.168799916282296,4.809571743011475
patch_layer3,end_to_end,4,31,data\raw\mvtec_anomaly_detection\bottle\test\broken_large\011.png,30.948300031013787,4.7340497970581055
patch_layer3,end_to_end,4,32,data\raw\mvtec_anomaly_detection\bottle\test\broken_large\012.png,30.444700038060546,4.992428302764893
patch_layer3,end_to_end,4,33,data\raw\mvtec_anomaly_detection\bottle\test\broken_large\013.png,30.255199992097914,4.032972812652588
patch_layer3,end_to_end,4,34,data\raw\mvtec_anomaly_detection\bottle\test\broken_large\014.png,30.951300053857267,5.050409317016602
patch_layer3,end_to_end,4,35,data\raw\mvtec_anomaly_detection\bottle\test\broken_large\015.png,30.43080004863441,5.041504383087158
patch_layer3,end_to_end,4,36,data\raw\mvtec_anomaly_detection\bottle\test\broken_large\016.png,30.390199972316623,4.210008144378662
patch_layer3,end_to_end,4,37,data\raw\mvtec_anomaly_detection\bottle\test\broken_large\017.png,31.943200039677322,4.592291831970215
patch_layer3,end_to_end,4,38,data\raw\mvtec_anomaly_detection\bottle\test\broken_large\018.png,30.99659993313253,4.579996585845947
patch_layer3,end_to_end,4,39,data\raw\mvtec_anomaly_detection\bottle\test\broken_large\019.png,30.02909990027547,4.464104175567627
patch_layer3,end_to_end,4,40,data\raw\mvtec_anomaly_detection\bottle\test\broken_small\000.png,31.16410004440695,3.866772174835205
patch_layer3,end_to_end,4,41,data\raw\mvtec_anomaly_detection\bottle\test\broken_small\001.png,30.592600000090897,5.003523826599121
patch_layer3,end_to_end,4,42,data\raw\mvtec_anomaly_detection\bottle\test\broken_small\002.png,33.75940001569688,4.251943588256836
patch_layer3,end_to_end,4,43,data\raw\mvtec_anomaly_detection\bottle\test\broken_small\003.png,34.5465000718832,4.884119510650635
patch_layer3,end_to_end,4,44,data\raw\mvtec_anomaly_detection\bottle\test\broken_small\004.png,31.923000002279878,5.898159980773926
patch_layer3,end_to_end,4,45,data\raw\mvtec_anomaly_detection\bottle\test\broken_small\005.png,30.402799951843917,4.653103828430176
patch_layer3,end_to_end,4,46,data\raw\mvtec_anomaly_detection\bottle\test\broken_small\006.png,30.4751000367105,4.667858600616455
patch_layer3,end_to_end,4,47,data\raw\mvtec_anomaly_detection\bottle\test\broken_small\007.png,30.92689998447895,3.7877302169799805
patch_layer3,end_to_end,4,48,data\raw\mvtec_anomaly_detection\bottle\test\broken_small\008.png,30.639100004918873,3.8025619983673096
patch_layer3,end_to_end,4,49,data\raw\mvtec_anomaly_detection\bottle\test\broken_small\009.png,31.440300052054226,4.703930854797363
patch_layer3,end_to_end,4,50,data\raw\mvtec_anomaly_detection\bottle\test\broken_small\010.png,30.881599988788366,4.854950428009033
patch_layer3,end_to_end,4,51,data\raw\mvtec_anomaly_detection\bottle\test\broken_small\011.png,31.681799911893904,4.31980562210083
patch_layer3,end_to_end,4,52,data\raw\mvtec_anomaly_detection\bottle\test\broken_small\012.png,33.074800041504204,4.648650169372559
patch_layer3,end_to_end,4,53,data\raw\mvtec_anomaly_detection\bottle\test\broken_small\013.png,32.62890002224594,4.230384826660156
patch_layer3,end_to_end,4,54,data\raw\mvtec_anomaly_detection\bottle\test\broken_small\014.png,31.676399987190962,4.0090460777282715
patch_layer3,end_to_end,4,55,data\raw\mvtec_anomaly_detection\bottle\test\broken_small\015.png,32.30610000900924,3.8369619846343994
patch_layer3,end_to_end,4,56,data\raw\mvtec_anomaly_detection\bottle\test\broken_small\016.png,30.937200062908232,5.2383341789245605
patch_layer3,end_to_end,4,57,data\raw\mvtec_anomaly_detection\bottle\test\broken_small\017.png,31.123900087550282,5.041371822357178
patch_layer3,end_to_end,4,58,data\raw\mvtec_anomaly_detection\bottle\test\broken_small\018.png,30.279000056907535,5.599959850311279
patch_layer3,end_to_end,4,59,data\raw\mvtec_anomaly_detection\bottle\test\broken_small\019.png,30.73140000924468,5.2333831787109375
patch_layer3,end_to_end,4,60,data\raw\mvtec_anomaly_detection\bottle\test\broken_small\020.png,30.855500022880733,4.951472282409668
patch_layer3,end_to_end,4,61,data\raw\mvtec_anomaly_detection\bottle\test\broken_small\021.png,30.517800012603402,4.783029079437256
patch_layer3,end_to_end,4,62,data\raw\mvtec_anomaly_detection\bottle\test\contamination\000.png,30.77309997752309,3.8528683185577393
patch_layer3,end_to_end,4,63,data\raw\mvtec_anomaly_detection\bottle\test\contamination\001.png,30.915700015611947,3.2465505599975586
patch_layer3,end_to_end,4,64,data\raw\mvtec_anomaly_detection\bottle\test\contamination\002.png,31.795700080692768,3.703580856323242
patch_layer3,end_to_end,4,65,data\raw\mvtec_anomaly_detection\bottle\test\contamination\003.png,30.0279000075534,3.002498149871826
patch_layer3,end_to_end,4,66,data\raw\mvtec_anomaly_detection\bottle\test\contamination\004.png,31.12679999321699,3.210782527923584
patch_layer3,end_to_end,4,67,data\raw\mvtec_anomaly_detection\bottle\test\contamination\005.png,30.588800087571144,4.765796184539795
patch_layer3,end_to_end,4,68,data\raw\mvtec_anomaly_detection\bottle\test\contamination\006.png,31.132700038142502,3.7494709491729736
patch_layer3,end_to_end,4,69,data\raw\mvtec_anomaly_detection\bottle\test\contamination\007.png,30.622899997979403,5.818613529205322
patch_layer3,end_to_end,4,70,data\raw\mvtec_anomaly_detection\bottle\test\contamination\008.png,30.424399999901652,4.308222770690918
patch_layer3,end_to_end,4,71,data\raw\mvtec_anomaly_detection\bottle\test\contamination\009.png,36.59020003397018,4.4941205978393555
patch_layer3,end_to_end,4,72,data\raw\mvtec_anomaly_detection\bottle\test\contamination\010.png,30.305800028145313,4.349096298217773
patch_layer3,end_to_end,4,73,data\raw\mvtec_anomaly_detection\bottle\test\contamination\011.png,34.39339995384216,4.035782814025879
patch_layer3,end_to_end,4,74,data\raw\mvtec_anomaly_detection\bottle\test\contamination\012.png,31.162200029939413,3.479198455810547
patch_layer3,end_to_end,4,75,data\raw\mvtec_anomaly_detection\bottle\test\contamination\013.png,30.43370007071644,4.929323196411133
patch_layer3,end_to_end,4,76,data\raw\mvtec_anomaly_detection\bottle\test\contamination\014.png,31.400199979543686,2.977785110473633
patch_layer3,end_to_end,4,77,data\raw\mvtec_anomaly_detection\bottle\test\contamination\015.png,30.40120005607605,4.451267719268799
patch_layer3,end_to_end,4,78,data\raw\mvtec_anomaly_detection\bottle\test\contamination\016.png,30.49249993637204,3.414794445037842
patch_layer3,end_to_end,4,79,data\raw\mvtec_anomaly_detection\bottle\test\contamination\017.png,31.048999982886016,5.815241813659668
patch_layer3,end_to_end,4,80,data\raw\mvtec_anomaly_detection\bottle\test\contamination\018.png,30.533799901604652,4.973021507263184
patch_layer3,end_to_end,4,81,data\raw\mvtec_anomaly_detection\bottle\test\contamination\019.png,30.984500073827803,3.1189870834350586
patch_layer3,end_to_end,4,82,data\raw\mvtec_anomaly_detection\bottle\test\contamination\020.png,31.019299989566207,3.1803040504455566
