method,repeat,image_index,path,decode_ms,preprocess_ms,h2d_ms,model_score_ms,stage_sum_ms,score
global,0,0,data\raw\mvtec_anomaly_detection\bottle\test\good\000.png,15.080800047144294,3.733400022611022,0.6057999562472105,7.567199994809926,26.987200020812452,4.017112731933594
global,0,1,data\raw\mvtec_anomaly_detection\bottle\test\good\001.png,16.080499975942075,4.608399933204055,0.6971999537199736,7.844200008548796,29.2302998714149,3.364304780960083
global,0,2,data\raw\mvtec_anomaly_detection\bottle\test\good\002.png,15.95379994250834,3.872400033287704,0.4152000183239579,10.792899993248284,31.034299987368286,4.05500602722168
global,0,3,data\raw\mvtec_anomaly_detection\bottle\test\good\003.png,14.485099934972823,4.348200047388673,0.5226000212132931,8.88980005402118,28.24570005759597,4.034145355224609
global,0,4,data\raw\mvtec_anomaly_detection\bottle\test\good\004.png,15.29760006815195,4.063299973495305,0.40300004184246063,9.831200004555285,29.595100088045,3.6270010471343994
global,0,5,data\raw\mvtec_anomaly_detection\bottle\test\good\005.png,14.738500001840293,3.9374999469146132,0.5539000267162919,10.246600024402142,29.47649999987334,3.418855667114258
global,0,6,data\raw\mvtec_anomaly_detection\bottle\test\good\006.png,14.800200005993247,4.241300048306584,0.36880001425743103,8.687700028531253,28.098000097088516,7.6024603843688965
global,0,7,data\raw\mvtec_anomaly_detection\bottle\test\good\007.png,14.833100023679435,4.383299965411425,0.5044999998062849,8.896699990145862,28.617599979043007,3.72442626953125
global,0,8,data\raw\mvtec_anomaly_detection\bottle\test\good\008.png,14.466600026935339,4.114600014872849,0.3785000881180167,8.717000018805265,27.67670014873147,4.842831134796143
global,0,9,data\raw\mvtec_anomaly_detection\bottle\test\good\009.png,14.450900023803115,4.128200002014637,0.37809996865689754,8.468599990010262,27.42579998448491,3.3345985412597656
global,0,10,data\raw\mvtec_anomaly_detection\bottle\test\good\010.png,14.48999997228384,4.044199944473803,0.5282999482005835,8.736699935980141,27.799199800938368,4.065393924713135
global,0,11,data\raw\mvtec_anomaly_detection\bottle\test\good\011.png,14.280200004577637,3.9344000397250056,0.3551000263541937,8.47490003798157,27.044600108638406,3.515097141265869
global,0,12,data\raw\mvtec_anomaly_detection\bottle\test\good\012.png,14.883000054396689,3.940200083889067,0.35850005224347115,8.42129997909069,27.603000169619918,3.549840211868286
global,0,13,data\raw\mvtec_anomaly_detection\bottle\test\good\013.png,14.501200057566166,3.9739999920129776,0.49899995792657137,8.727699983865023,27.701899991370738,3.006922483444214
global,0,14,data\raw\mvtec_anomaly_detection\bottle\test\good\014.png,14.547800063155591,3.9619000162929296,0.36509998608380556,8.51469999179244,27.389500057324767,3.5685219764709473
global,0,15,data\raw\mvtec_anomaly_detection\bottle\test\good\015.png,15.599600039422512,4.634200013242662,0.3793999785557389,9.087399928830564,29.700599960051477,4.474905490875244
global,0,16,data\raw\mvtec_anomaly_detection\bottle\test\good\016.png,16.81159995496273,4.550000070594251,0.5550000350922346,8.792800013907254,30.70940007455647,3.876322031021118
global,0,17,data\raw\mvtec_anomaly_detection\bottle\test\good\017.png,15.307600027881563,4.150700056925416,0.3622999647632241,8.521000039763749,28.34160008933395,3.6931345462799072
global,0,18,data\raw\mvtec_anomaly_detection\bottle\test\good\018.png,14.695000019855797,4.416799987666309,0.5344999954104424,8.80960002541542,28.45590002834797,4.722543239593506
global,0,19,data\raw\mvtec_anomaly_detection\bottle\test\good\019.png,14.496700023300946,4.106599953956902,0.40689995512366295,8.521100040525198,27.53129997290671,4.36047887802124
global,0,20,data\raw\mvtec_anomaly_detection\bottle\test\broken_large\000.png,14.843899989500642,4.085800028406084,0.5282999482005835,8.672300027683377,28.130299993790686,10.83604907989502
global,0,21,data\raw\mvtec_anomaly_detection\bottle\test\broken_large\001.png,16.986100003123283,4.560000030323863,0.3776999656111002,12.180999969132245,34.10479996819049,10.990410804748535
global,0,22,data\raw\mvtec_anomaly_detection\bottle\test\broken_large\002.png,17.001100000925362,4.576699924655259,0.5514000076800585,10.644700028933585,32.773899962194264,13.593603134155273
global,0,23,data\raw\mvtec_anomaly_detection\bottle\test\broken_large\003.png,16.647599986754358,4.669099929742515,0.40799996349960566,9.173400001600385,30.898099881596863,14.632071495056152
global,0,24,data\raw\mvtec_anomaly_detection\bottle\test\broken_large\004.png,14.972700038924813,4.208099911920726,0.5383000243455172,11.884600040502846,31.603700015693903,7.8201904296875
global,0,25,data\raw\mvtec_anomaly_detection\bottle\test\broken_large\005.png,14.548800070770085,4.118099925108254,0.39870000910013914,8.502500015310943,27.56810002028942,5.357263565063477
global,0,26,data\raw\mvtec_anomaly_detection\bottle\test\broken_large\006.png,14.76569997612387,4.104699939489365,0.35989994648844004,8.70010000653565,27.930399868637323,11.094615936279297
global,0,27,data\raw\mvtec_anomaly_detection\bottle\test\broken_large\007.png,14.309900114312768,4.03470010496676,0.37070002872496843,8.674400043673813,27.38970029167831,12.122003555297852
global,0,28,data\raw\mvtec_anomaly_detection\bottle\test\broken_large\008.png,14.568199985660613,4.081199993379414,0.4225000739097595,8.489200030453503,27.56110008340329,12.101670265197754
global,0,29,data\raw\mvtec_anomaly_detection\bottle\test\broken_large\009.png,16.93759998306632,4.661499988287687,0.3763000713661313,9.113800013437867,31.089200056158006,6.9920148849487305
global,0,30,data\raw\mvtec_anomaly_detection\bottle\test\broken_large\010.png,16.734100063331425,4.506799974478781,0.5401000380516052,7.611799985170364,29.392800061032176,9.243768692016602
global,0,31,data\raw\mvtec_anomaly_detection\bottle\test\broken_large\011.png,14.815600006841123,4.018299980089068,0.4126999992877245,7.531299954280257,26.777899940498173,7.065303325653076
global,0,32,data\raw\mvtec_anomaly_detection\bottle\test\broken_large\012.png,14.93449998088181,3.8997000083327293,0.58230001013726,7.506099995225668,26.922599994577467,8.313076972961426
global,0,33,data\raw\mvtec_anomaly_detection\bottle\test\broken_large\013.png,14.817800023593009,3.839300014078617,0.5623999750241637,7.53689999692142,26.75640000961721,12.109009742736816
global,0,34,data\raw\mvtec_anomaly_detection\bottle\test\broken_large\014.png,15.046400018036366,3.9235999574884772,0.5885999416932464,7.9570000525563955,27.515599969774485,7.605071544647217
global,0,35,data\raw\mvtec_anomaly_detection\bottle\test\broken_large\015.png,14.961200067773461,4.100599908269942,0.584400026127696,7.787999929860234,27.434199932031333,8.567587852478027
global,0,36,data\raw\mvtec_anomaly_detection\bottle\test\broken_large\016.png,15.053399954922497,4.07450005877763,0.5698000313714147,7.6030000345781446,27.300700079649687,12.617390632629395
global,0,37,data\raw\mvtec_anomaly_detection\bottle\test\broken_large\017.png,19.602500018663704,4.134700051508844,0.3664999967440963,9.12970001809299,33.233400085009634,11.072625160217285
global,0,38,data\raw\mvtec_anomaly_detection\bottle\test\broken_large\018.png,14.361500041559339,4.099400015547872,0.38139999378472567,8.688399917446077,27.530699968338013,13.511702537536621
global,0,39,data\raw\mvtec_anomaly_detection\bottle\test\broken_large\019.png,17.05620007123798,4.61059994995594,0.4149999003857374,12.381300097331405,34.463100018911064,11.760763168334961
global,0,40,data\raw\mvtec_anomaly_detection\bottle\test\broken_small\000.png,16.93339995108545,4.609100054949522,0.5535000236704946,12.234300025738776,34.33030005544424,4.970335006713867
global,0,41,data\raw\mvtec_anomaly_detection\bottle\test\broken_small\001.png,14.750999980606139,4.0837000124156475,0.3880000440403819,8.739499957300723,27.96219999436289,5.71414041519165
global,0,42,data\raw\mvtec_anomaly_detection\bottle\test\broken_small\002.png,15.131300082430243,4.053500015288591,0.5644999910145998,9.086200036108494,28.83550012484193,7.03446626663208
global,0,43,data\raw\mvtec_anomaly_detection\bottle\test\broken_small\003.png,15.007399953901768,4.071200033649802,0.42560009751468897,8.714199997484684,28.218400082550943,10.017213821411133
global,0,44,data\raw\mvtec_anomaly_detection\bottle\test\broken_small\004.png,15.210899990051985,3.911500098183751,0.5750999553129077,11.526699992828071,31.224200036376715,9.319270133972168
global,0,45,data\raw\mvtec_anomaly_detection\bottle\test\broken_small\005.png,17.239000066183507,4.4683999149128795,0.4027000395581126,11.444900068454444,33.555000089108944,8.747061729431152
global,0,46,data\raw\mvtec_anomaly_detection\bottle\test\broken_small\006.png,14.42190003581345,3.8339000893756747,0.556600047275424,8.847999968566,27.66040014103055,8.606796264648438
global,0,47,data\raw\mvtec_anomaly_detection\bottle\test\broken_small\007.png,14.809899963438511,3.943899995647371,0.41690003126859665,8.709300076588988,27.880000066943467,4.218527793884277
global,0,48,data\raw\mvtec_anomaly_detection\bottle\test\broken_small\008.png,14.732299954630435,3.9995000697672367,0.3831000067293644,8.683199994266033,27.79810002539307,8.423806190490723
global,0,49,data\raw\mvtec_anomaly_detection\bottle\test\broken_small\009.png,14.786700019612908,4.0979000041261315,0.521700014360249,8.82569991517812,28.23199995327741,5.443727970123291
global,0,50,data\raw\mvtec_anomaly_detection\bottle\test\broken_small\010.png,16.97350002359599,4.091199953109026,0.40040002204477787,8.710499969311059,30.17559996806085,7.249807357788086
global,0,51,data\raw\mvtec_anomaly_detection\bottle\test\broken_small\011.png,14.827999984845519,4.042499931529164,0.5492999916896224,9.718699962832034,29.13849987089634,5.453526496887207
global,0,52,data\raw\mvtec_anomaly_detection\bottle\test\broken_small\012.png,14.591199927963316,3.9109999779611826,0.5789999850094318,10.423500090837479,29.50469998177141,10.358549118041992
global,0,53,data\raw\mvtec_anomaly_detection\bottle\test\broken_small\013.png,16.43409999087453,4.519900074228644,0.5226000212132931,9.121099952608347,30.597700038924813,5.407528877258301
global,0,54,data\raw\mvtec_anomaly_detection\bottle\test\broken_small\014.png,17.150399973616004,4.458299954421818,0.5301000783219934,8.903199923224747,31.041999929584563,5.1480865478515625
global,0,55,data\raw\mvtec_anomaly_detection\bottle\test\broken_small\015.png,15.383500023745,4.1989999590441585,0.38839993067085743,9.068400016985834,29.03929993044585,6.72030782699585
global,0,56,data\raw\mvtec_anomaly_detection\bottle\test\broken_small\016.png,14.959399937652051,3.9385000709444284,0.37670007441192865,8.992899907752872,28.26749999076128,5.688438415527344
global,0,57,data\raw\mvtec_anomaly_detection\bottle\test\broken_small\017.png,15.998499933630228,3.820899990387261,0.561899971216917,9.80959995649755,30.190899851731956,6.591012001037598
global,0,58,data\raw\mvtec_anomaly_detection\bottle\test\broken_small\018.png,14.932299964129925,3.7894999841228127,0.5649999948218465,12.542300042696297,31.82909998577088,7.8438873291015625
global,0,59,data\raw\mvtec_anomaly_detection\bottle\test\broken_small\019.png,17.0889999717474,4.390200017951429,0.5613000830635428,10.760299977846444,32.800800050608814,7.604406356811523
global,0,60,data\raw\mvtec_anomaly_detection\bottle\test\broken_small\020.png,14.641200075857341,4.055100027471781,0.380899989977479,9.065699996426702,28.142900089733303,5.945611000061035
global,0,61,data\raw\mvtec_anomaly_detection\bottle\test\broken_small\021.png,14.81729990337044,4.036400001496077,0.5471999756991863,9.086000034585595,28.486899915151298,5.120784759521484
global,0,62,data\raw\mvtec_anomaly_detection\bottle\test\contamination\000.png,16.725499997846782,3.8130999309942126,0.4229999613016844,10.494899936020374,31.456499826163054,11.47176456451416
global,0,63,data\raw\mvtec_anomaly_detection\bottle\test\contamination\001.png,14.771100017242134,4.253300023265183,0.40909997187554836,7.884899969212711,27.318399981595576,7.6522979736328125
global,0,64,data\raw\mvtec_anomaly_detection\bottle\test\contamination\002.png,14.652200043201447,3.904599929228425,0.42239995673298836,7.865500054322183,26.844699983485043,7.044689178466797
global,0,65,data\raw\mvtec_anomaly_detection\bottle\test\contamination\003.png,14.568899990990758,3.6723000230267644,0.4053999437019229,7.981600007042289,26.628199964761734,4.6928019523620605
global,0,66,data\raw\mvtec_anomaly_detection\bottle\test\contamination\004.png,14.90639999974519,3.8286999333649874,0.5703000351786613,7.97839998267591,27.28379995096475,5.177973747253418
global,0,67,data\raw\mvtec_anomaly_detection\bottle\test\contamination\005.png,14.776500058360398,3.789599984884262,0.5887000588700175,7.905000005848706,27.059800107963383,13.80826187133789
global,0,68,data\raw\mvtec_anomaly_detection\bottle\test\contamination\006.png,14.842399978078902,3.806399996392429,0.5812000017613173,7.851699949242175,27.081699925474823,13.871114730834961
global,0,69,data\raw\mvtec_anomaly_detection\bottle\test\contamination\007.png,18.376699998043478,4.093199968338013,0.6399999838322401,8.070999989286065,31.180899939499795,12.646900177001953
global,0,70,data\raw\mvtec_anomaly_detection\bottle\test\contamination\008.png,17.138900002464652,4.613499972037971,0.3806999884545803,9.34160000178963,31.474699964746833,13.780007362365723
global,0,71,data\raw\mvtec_anomaly_detection\bottle\test\contamination\009.png,17.0265999622643,4.44350007455796,0.7720000576227903,9.476099978201091,31.71820007264614,10.758852005004883
global,0,72,data\raw\mvtec_anomaly_detection\bottle\test\contamination\010.png,14.900899957865477,4.040300031192601,0.5501999985426664,9.482799912802875,28.97419990040362,14.978758811950684
global,0,73,data\raw\mvtec_anomaly_detection\bottle\test\contamination\011.png,14.612800092436373,3.9546999614685774,0.5099000409245491,9.295900003053248,28.373300097882748,11.607462882995605
global,0,74,data\raw\mvtec_anomaly_detection\bottle\test\contamination\012.png,14.646499999798834,4.09080006647855,0.41820004116743803,9.245799970813096,28.40130007825792,14.590176582336426
global,0,75,data\raw\mvtec_anomaly_detection\bottle\test\contamination\013.png,15.553999925032258,3.9380999514833093,0.5543000297620893,11.00229995790869,31.048699864186347,11.32228946685791
global,0,76,data\raw\mvtec_anomaly_detection\bottle\test\contamination\014.png,16.31380000617355,3.952800063416362,0.4072000738233328,9.151299949735403,29.82510009314865,6.655354022979736
global,0,77,data\raw\mvtec_anomaly_detection\bottle\test\contamination\015.png,14.573099906556308,4.044800065457821,0.5781000945717096,9.39609995111823,28.59210001770407,11.904014587402344
global,0,78,data\raw\mvtec_anomaly_detection\bottle\test\contamination\016.png,15.33299998845905,3.9494000375270844,0.43809995986521244,11.190199991688132,30.91069997753948,9.378033638000488
global,0,79,data\raw\mvtec_anomaly_detection\bottle\test\contamination\017.png,15.23100002668798,4.662499995902181,0.38700003642588854,9.444799972698092,29.72530003171414,12.31865406036377
global,0,80,data\raw\mvtec_anomaly_detection\bottle\test\contamination\018.png,14.696700032800436,3.975600004196167,0.4241999704390764,9.381899959407747,28.478399966843426,6.62711238861084
global,0,81,data\raw\mvtec_anomaly_detection\bottle\test\contamination\019.png,14.877600013278425,4.102400038391352,0.5564000457525253,11.879300000146031,31.415700097568333,4.945805072784424
global,0,82,data\raw\mvtec_anomaly_detection\bottle\test\contamination\020.png,14.616800006479025,4.008500021882355,0.4474000306800008,9.368999977596104,28.441700036637485,12.403043746948242
global,1,0,data\raw\mvtec_anomaly_detection\bottle\test\good\000.png,15.6872000079602,4.148000036366284,0.536999898031354,9.99029993545264,30.362499877810478,4.017112731933594
global,1,1,data\raw\mvtec_anomaly_detection\bottle\test\good\001.png,15.000600018538535,3.9724999805912375,0.39109995122998953,11.949900072067976,31.314100022427738,3.364304780960083
global,1,2,data\raw\mvtec_anomaly_detection\bottle\test\good\002.png,14.61439998820424,4.111299989745021,0.5219000158831477,9.406799916177988,28.654399910010397,4.05500602722168
global,1,3,data\raw\mvtec_anomaly_detection\bottle\test\good\003.png,14.653799938969314,4.051900003105402,0.37459994200617075,9.22900007572025,28.309299959801137,4.034145355224609
global,1,4,data\raw\mvtec_anomaly_detection\bottle\test\good\004.png,14.3638999434188,4.427099949680269,0.5132999503985047,9.5564000075683,28.860699851065874,3.6270010471343994
global,1,5,data\raw\mvtec_anomaly_detection\bottle\test\good\005.png,15.344099956564605,3.821199992671609,0.5800999933853745,11.141299968585372,30.88669991120696,3.418855667114258
global,1,6,data\raw\mvtec_anomaly_detection\bottle\test\good\006.png,14.671699958853424,4.06120007392019,0.3787999739870429,9.436800028197467,28.548500034958124,7.6024603843688965
global,1,7,data\raw\mvtec_anomaly_detection\bottle\test\good\007.png,15.241099987179041,4.650200018659234,0.5780999781563878,9.75780002772808,30.227200011722744,3.72442626953125
global,1,8,data\raw\mvtec_anomaly_detection\bottle\test\good\008.png,17.176899942569435,4.738599993288517,0.42529997881501913,9.412999963387847,31.753799878060818,4.842831134796143
global,1,9,data\raw\mvtec_anomaly_detection\bottle\test\good\009.png,16.98519999627024,4.59760008379817,0.3896999405696988,12.11660006083548,34.08910008147359,3.3345985412597656
global,1,10,data\raw\mvtec_anomaly_detection\bottle\test\good\010.png,14.597399975173175,3.98120004683733,0.3758000675588846,9.275999967940152,28.23040005750954,4.065393924713135
global,1,11,data\raw\mvtec_anomaly_detection\bottle\test\good\011.png,15.605999971739948,4.650300019420683,0.3790999762713909,9.554599993862212,30.189999961294234,3.515097141265869
global,1,12,data\raw\mvtec_anomaly_detection\bottle\test\good\012.png,17.092399997636676,4.666499909944832,0.3997000167146325,9.519899962469935,31.678499886766076,3.549840211868286
global,1,13,data\raw\mvtec_anomaly_detection\bottle\test\good\013.png,14.569599996320903,4.312800010666251,0.3692000173032284,9.414800093509257,28.66640011779964,3.006922483444214
global,1,14,data\raw\mvtec_anomaly_detection\bottle\test\good\014.png,16.31560001987964,3.8271999219432473,0.3901999443769455,8.181599900126457,28.71459978632629,3.5685219764709473
global,1,15,data\raw\mvtec_anomaly_detection\bottle\test\good\015.png,14.555900008417666,3.8011999567970634,0.5318999756127596,8.081199950538576,26.970199891366065,4.474905490875244
global,1,16,data\raw\mvtec_anomaly_detection\bottle\test\good\016.png,14.801400015130639,3.8232000079005957,0.4066999536007643,8.158099954016507,27.189399930648506,3.876322031021118
global,1,17,data\raw\mvtec_anomaly_detection\bottle\test\good\017.png,14.809700078330934,3.8704999024048448,0.56900002527982,8.096199948340654,27.345399954356253,3.6931345462799072
global,1,18,data\raw\mvtec_anomaly_detection\bottle\test\good\018.png,14.492100104689598,3.835500101558864,0.5483999848365784,8.211800013668835,27.087800204753876,4.722543239593506
global,1,19,data\raw\mvtec_anomaly_detection\bottle\test\good\019.png,14.551899977959692,4.131299909204245,0.5818000063300133,8.191199973225594,27.456199866719544,4.36047887802124
global,1,20,data\raw\mvtec_anomaly_detection\bottle\test\broken_large\000.png,14.988200040534139,3.969899960793555,0.41310000233352184,8.268599980510771,27.639799984171987,10.83604907989502
global,1,21,data\raw\mvtec_anomaly_detection\bottle\test\broken_large\001.png,16.524099977687,4.647099995054305,0.3874000394716859,12.08420004695654,33.64280005916953,10.990410804748535
global,1,22,data\raw\mvtec_anomaly_detection\bottle\test\broken_large\002.png,16.823799931444228,4.619400016963482,0.5375000182539225,11.469800025224686,33.45049999188632,13.593603134155273
global,1,23,data\raw\mvtec_anomaly_detection\bottle\test\broken_large\003.png,16.768199973739684,4.665599903091788,0.5284999497234821,10.45259996317327,32.414899789728224,14.632071495056152
global,1,24,data\raw\mvtec_anomaly_detection\bottle\test\broken_large\004.png,17.09620002657175,4.672699957154691,0.38620003033429384,9.55769990105182,31.712799915112555,7.8201904296875
global,1,25,data\raw\mvtec_anomaly_detection\bottle\test\broken_large\005.png,17.127100029028952,4.51300002168864,0.5493999924510717,12.972599943168461,35.162099986337125,5.357263565063477
global,1,26,data\raw\mvtec_anomaly_detection\bottle\test\broken_large\006.png,17.133899964392185,4.499899921938777,0.4923000233247876,11.514700017869473,33.64079992752522,11.094615936279297
global,1,27,data\raw\mvtec_anomaly_detection\bottle\test\broken_large\007.png,16.84259995818138,4.55890002194792,0.403700047172606,12.728899950161576,34.534099977463484,12.122003555297852
global,1,28,data\raw\mvtec_anomaly_detection\bottle\test\broken_large\008.png,17.22329994663596,4.547500051558018,0.5803999956697226,13.228500029072165,35.57970002293587,12.101670265197754
global,1,29,data\raw\mvtec_anomaly_detection\bottle\test\broken_large\009.png,16.975499922409654,4.506499972194433,0.43400004506111145,11.49269996676594,33.40869990643114,6.9920148849487305
global,1,30,data\raw\mvtec_anomaly_detection\bottle\test\broken_large\010.png,16.937999986112118,4.598199971951544,0.42260007467120886,11.41440006904304,33.37320010177791,9.243768692016602
global,1,31,data\raw\mvtec_anomaly_detection\bottle\test\broken_large\011.png,17.151999985799193,4.644299973733723,0.571100041270256,13.297099969349802,35.664499970152974,7.065303325653076
global,1,32,data\raw\mvtec_anomaly_detection\bottle\test\broken_large\012.png,16.960900044068694,4.39729995559901,0.5464000860229135,11.80249999742955,33.70710008312017,8.313076972961426
global,1,33,data\raw\mvtec_anomaly_detection\bottle\test\broken_large\013.png,17.006500042043626,4.537200089544058,0.3961999900639057,11.608100030571222,33.54800015222281,12.109009742736816
global,1,34,data\raw\mvtec_anomaly_detection\bottle\test\broken_large\014.png,17.42349995765835,4.642599960789084,0.3936000866815448,11.479899985715747,33.93959999084473,7.605071544647217
global,1,35,data\raw\mvtec_anomaly_detection\bottle\test\broken_large\015.png,16.977200051769614,4.644400090910494,0.5189999938011169,9.838199941441417,31.978800077922642,8.567587852478027
global,1,36,data\raw\mvtec_anomaly_detection\bottle\test\broken_large\016.png,16.87549997586757,4.565600072965026,0.45110005885362625,9.741899906657636,31.634100014343858,12.617390632629395
global,1,37,data\raw\mvtec_anomaly_detection\bottle\test\broken_large\017.png,15.67840005736798,4.049999988637865,0.5496001103892922,9.984400006942451,30.26240016333759,11.072625160217285
global,1,38,data\raw\mvtec_anomaly_detection\bottle\test\broken_large\018.png,14.903799979947507,4.015599959529936,0.3969999961555004,13.187099946662784,32.50349988229573,13.511702537536621
global,1,39,data\raw\mvtec_anomaly_detection\bottle\test\broken_large\019.png,14.78199998382479,3.9315999019891024,0.5223000189289451,9.961600066162646,29.197499970905483,11.760763168334961
global,1,40,data\raw\mvtec_anomaly_detection\bottle\test\broken_small\000.png,15.95519995316863,3.6989999935030937,0.3958999877795577,11.930200038477778,31.98029997292906,4.970335006713867
global,1,41,data\raw\mvtec_anomaly_detection\bottle\test\broken_small\001.png,14.644799986854196,4.035599995404482,0.5163999740034342,9.618200012482703,28.814999968744814,5.71414041519165
global,1,42,data\raw\mvtec_anomaly_detection\bottle\test\broken_small\002.png,16.374400001950562,4.7101000091061,0.6046999478712678,13.400600058957934,35.089800017885864,7.03446626663208
global,1,43,data\raw\mvtec_anomaly_detection\bottle\test\broken_small\003.png,17.110000015236437,4.617900005541742,0.5029999883845448,9.57989995367825,31.810799962840974,10.017213821411133
global,1,44,data\raw\mvtec_anomaly_detection\bottle\test\broken_small\004.png,15.111600048840046,4.182799952104688,0.5293999565765262,9.63179999962449,29.45559995714575,9.319270133972168
global,1,45,data\raw\mvtec_anomaly_detection\bottle\test\broken_small\005.png,14.822800061665475,3.9344000397250056,0.39050006307661533,9.056200040504336,28.203900204971433,8.747061729431152
global,1,46,data\raw\mvtec_anomaly_detection\bottle\test\broken_small\006.png,14.842999982647598,3.7640000227838755,0.5567000480368733,8.332199999131262,27.49590005259961,8.606796264648438
global,1,47,data\raw\mvtec_anomaly_detection\bottle\test\broken_small\007.png,14.915599953383207,3.877700073644519,0.556900049559772,8.36810003966093,27.71830011624843,4.218527793884277
global,1,48,data\raw\mvtec_anomaly_detection\bottle\test\broken_small\008.png,17.175600049085915,4.521599970757961,0.453100074082613,8.523199940100312,30.6735000340268,8.423806190490723
global,1,49,data\raw\mvtec_anomaly_detection\bottle\test\broken_small\009.png,17.13640009984374,4.590700031258166,0.5833000177517533,8.35030002053827,30.66070016939193,5.443727970123291
global,1,50,data\raw\mvtec_anomaly_detection\bottle\test\broken_small\010.png,16.613899962976575,3.8270000368356705,0.5560999270528555,8.37130006402731,29.36829999089241,7.249807357788086
global,1,51,data\raw\mvtec_anomaly_detection\bottle\test\broken_small\011.png,15.69180004298687,4.1603000136092305,0.6266999989748001,8.488599909469485,28.967399965040386,5.453526496887207
global,1,52,data\raw\mvtec_anomaly_detection\bottle\test\broken_small\012.png,14.738500001840293,3.89960000757128,0.4518999485298991,12.184199993498623,31.274199951440096,10.358549118041992
global,1,53,data\raw\mvtec_anomaly_detection\bottle\test\broken_small\013.png,14.633300015702844,4.170299973338842,0.525499926880002,10.053500067442656,29.382599983364344,5.407528877258301
global,1,54,data\raw\mvtec_anomaly_detection\bottle\test\broken_small\014.png,15.591299976222217,3.8888000417500734,0.40550006087869406,12.313200044445693,32.19880012329668,5.1480865478515625
global,1,55,data\raw\mvtec_anomaly_detection\bottle\test\broken_small\015.png,14.589800033718348,3.9567999774590135,0.41550002060830593,9.988999925553799,28.951099957339466,6.72030782699585
global,1,56,data\raw\mvtec_anomaly_detection\bottle\test\broken_small\016.png,14.899099944159389,3.9705999661237,0.39850000757724047,11.445699958130717,30.713899875991046,5.688438415527344
global,1,57,data\raw\mvtec_anomaly_detection\bottle\test\broken_small\017.png,15.086499974131584,3.982999944128096,0.40660006925463676,9.901099954731762,29.37719994224608,6.591012001037598
global,1,58,data\raw\mvtec_anomaly_detection\bottle\test\broken_small\018.png,14.499499928206205,4.067200003191829,0.381799996830523,9.85709996894002,28.805599897168577,7.8438873291015625
global,1,59,data\raw\mvtec_anomaly_detection\bottle\test\broken_small\019.png,14.855199959129095,4.063099971972406,0.5286999512463808,10.41129999794066,29.85829988028854,7.604406356811523
global,1,60,data\raw\mvtec_anomaly_detection\bottle\test\broken_small\020.png,18.0269000120461,4.8056000377982855,0.606000074185431,10.301699978299439,33.740200102329254,5.945611000061035
global,1,61,data\raw\mvtec_anomaly_detection\bottle\test\broken_small\021.png,17.905500018969178,4.796299966983497,0.4251999780535698,9.724000003188848,32.850999967195094,5.120784759521484
global,1,62,data\raw\mvtec_anomaly_detection\bottle\test\contamination\000.png,16.85790007468313,4.574099904857576,0.6162999197840691,12.865300057455897,34.91359995678067,11.47176456451416
global,1,63,data\raw\mvtec_anomaly_detection\bottle\test\contamination\001.png,17.67249999102205,4.579799948260188,0.4960000514984131,9.831300005316734,32.579599996097386,7.6522979736328125
global,1,64,data\raw\mvtec_anomaly_detection\bottle\test\contamination\002.png,15.486099990084767,4.360300023108721,0.36860001273453236,10.06899995263666,30.28399997856468,7.044689178466797
global,1,65,data\raw\mvtec_anomaly_detection\bottle\test\contamination\003.png,15.902600018307567,4.5137000270187855,0.5990000208839774,12.71980011370033,33.73510017991066,4.6928019523620605
global,1,66,data\raw\mvtec_anomaly_detection\bottle\test\contamination\004.png,16.910100006498396,3.8919999497011304,0.39760000072419643,13.470400008372962,34.670099965296686,5.177973747253418
global,1,67,data\raw\mvtec_anomaly_detection\bottle\test\contamination\005.png,17.087599961087108,4.555599996820092,0.447999918833375,10.784300044178963,32.87549992091954,13.80826187133789
global,1,68,data\raw\mvtec_anomaly_detection\bottle\test\contamination\006.png,16.13350003026426,4.585099988617003,0.5411000456660986,12.889700010418892,34.14940007496625,13.871114730834961
global,1,69,data\raw\mvtec_anomaly_detection\bottle\test\contamination\007.png,17.603900050744414,4.623699933290482,0.3844000166282058,12.338399887084961,34.95039988774806,12.646900177001953
global,1,70,data\raw\mvtec_anomaly_detection\bottle\test\contamination\008.png,16.05299999937415,4.31150000076741,0.5437000654637814,11.410200037062168,32.31840010266751,13.780007362365723
global,1,71,data\raw\mvtec_anomaly_detection\bottle\test\contamination\009.png,15.14189993031323,3.930300008505583,0.4304000176489353,9.83790005557239,29.34050001204014,10.758852005004883
global,1,72,data\raw\mvtec_anomaly_detection\bottle\test\contamination\010.png,14.744500047527254,3.9925999008119106,0.534999999217689,10.008200071752071,29.280300019308925,14.978758811950684
global,1,73,data\raw\mvtec_anomaly_detection\bottle\test\contamination\011.png,14.673899975605309,3.957799985073507,0.5478999810293317,10.805699974298477,29.985299916006625,11.607462882995605
global,1,74,data\raw\mvtec_anomaly_detection\bottle\test\contamination\012.png,15.063700033351779,3.8241000147536397,0.5297999596223235,10.980800027027726,30.39840003475547,14.590176582336426
global,1,75,data\raw\mvtec_anomaly_detection\bottle\test\contamination\013.png,14.832700020633638,3.964700037613511,0.516400090418756,9.946599951945245,29.26040010061115,11.32228946685791
global,1,76,data\raw\mvtec_anomaly_detection\bottle\test\contamination\014.png,14.956000028178096,4.053999902680516,0.546199968084693,12.400000006891787,31.956199905835092,6.655354022979736
global,1,77,data\raw\mvtec_anomaly_detection\bottle\test\contamination\015.png,14.861100004054606,4.189700004644692,0.534699996933341,9.258100064471364,28.843600070104003,11.904014587402344
global,1,78,data\raw\mvtec_anomaly_detection\bottle\test\contamination\016.png,14.667199924588203,4.21809998806566,0.47179998364299536,8.591599995270371,27.94869989156723,9.378033638000488
global,1,79,data\raw\mvtec_anomaly_detection\bottle\test\contamination\017.png,14.806399936787784,4.267400014214218,0.6003999151289463,8.607499999925494,28.281699866056442,12.31865406036377
global,1,80,data\raw\mvtec_anomaly_detection\bottle\test\contamination\018.png,14.745600055903196,3.9712999714538455,0.5665000062435865,8.490200038067997,27.773600071668625,6.62711238861084
global,1,81,data\raw\mvtec_anomaly_detection\bottle\test\contamination\019.png,14.566500089131296,3.9565000915899873,0.5833999020978808,8.521299925632775,27.62770000845194,4.945805072784424
global,1,82,data\raw\mvtec_anomaly_detection\bottle\test\contamination\020.png,16.66970003861934,4.644299973733723,0.46060001477599144,8.607700001448393,30.382300028577447,12.403043746948242
global,2,0,data\raw\mvtec_anomaly_detection\bottle\test\good\000.png,17.820400069467723,4.781299969181418,0.6155000301077962,8.732599904760718,31.949799973517656,4.017112731933594
global,2,1,data\raw\mvtec_anomaly_detection\bottle\test\good\001.png,17.123900004662573,4.574600025080144,0.39059994742274284,11.567599955014884,33.656699932180345,3.364304780960083
global,2,2,data\raw\mvtec_anomaly_detection\bottle\test\good\002.png,16.924800002016127,4.530999925918877,0.5477000959217548,11.049599968828261,33.05309999268502,4.05500602722168
global,2,3,data\raw\mvtec_anomaly_detection\bottle\test\good\003.png,17.173900036141276,4.655500059016049,0.5323999794200063,13.990000006742775,36.35180008132011,4.034145355224609
global,2,4,data\raw\mvtec_anomaly_detection\bottle\test\good\004.png,17.035200027748942,4.543700022622943,0.4042000509798527,11.572599993087351,33.55570009443909,3.6270010471343994
global,2,5,data\raw\mvtec_anomaly_detection\bottle\test\good\005.png,16.114800004288554,3.91170009970665,0.5326999817043543,11.738800094462931,32.29800018016249,3.418855667114258
global,2,6,data\raw\mvtec_anomaly_detection\bottle\test\good\006.png,14.836799935437739,4.052900010719895,0.40659995283931494,9.944199933670461,29.24049983266741,7.6024603843688965
global,2,7,data\raw\mvtec_anomaly_detection\bottle\test\good\007.png,22.34420005697757,4.066399997100234,0.37400005385279655,9.939800016582012,36.72440012451261,3.72442626953125
global,2,8,data\raw\mvtec_anomaly_detection\bottle\test\good\008.png,16.054899897426367,4.555799998342991,0.4301000153645873,11.921399971470237,32.96219988260418,4.842831134796143
global,2,9,data\raw\mvtec_anomaly_detection\bottle\test\good\009.png,14.702199958264828,4.071700037457049,0.5376999033614993,10.929599986411631,30.241199885495007,3.3345985412597656
global,2,10,data\raw\mvtec_anomaly_detection\bottle\test\good\010.png,14.45000001695007,3.913199994713068,0.3879999276250601,13.613600051030517,32.364799990318716,4.065393924713135
global,2,11,data\raw\mvtec_anomaly_detection\bottle\test\good\011.png,17.099399934522808,4.518200061284006,0.39790000300854445,11.952199973165989,33.96769997198135,3.515097141265869
global,2,12,data\raw\mvtec_anomaly_detection\bottle\test\good\012.png,17.226999974809587,4.519600071944296,0.5450999597087502,13.017200049944222,35.308900056406856,3.549840211868286
global,2,13,data\raw\mvtec_anomaly_detection\bottle\test\good\013.png,14.886099961586297,6.015300052240491,0.5291000707075,11.41440006904304,32.84490015357733,3.006922483444214
global,2,14,data\raw\mvtec_anomaly_detection\bottle\test\good\014.png,17.3378000035882,4.458600073121488,0.3934000851586461,12.122699990868568,34.3125001527369,3.5685219764709473
global,2,15,data\raw\mvtec_anomaly_detection\bottle\test\good\015.png,17.645400017499924,4.567999974824488,0.5405999254435301,11.782399960793555,34.5363998785615,4.474905490875244
global,2,16,data\raw\mvtec_anomaly_detection\bottle\test\good\016.png,15.428300015628338,4.5921000419184566,0.5237000295892358,11.727300006896257,32.27140009403229,3.876322031021118
global,2,17,data\raw\mvtec_anomaly_detection\bottle\test\good\017.png,16.331000020727515,4.019100102595985,0.38380001205950975,10.054800077341497,30.788700212724507,3.6931345462799072
global,2,18,data\raw\mvtec_anomaly_detection\bottle\test\good\018.png,28.850100003182888,4.520699963904917,0.4021999193355441,11.90340006724,45.67639995366335,4.722543239593506
global,2,19,data\raw\mvtec_anomaly_detection\bottle\test\good\019.png,16.656800056807697,4.62689995765686,0.3771999618038535,10.55060001090169,32.2114999871701,4.36047887802124
global,2,20,data\raw\mvtec_anomaly_detection\bottle\test\broken_large\000.png,16.94819994736463,4.656999954022467,0.3906999481841922,10.28519996907562,32.28109981864691,10.83604907989502
global,2,21,data\raw\mvtec_anomaly_detection\bottle\test\broken_large\001.png,17.267000046558678,4.48909995611757,0.4311999073252082,12.40400003734976,34.59129994735122,10.990410804748535
global,2,22,data\raw\mvtec_anomaly_detection\bottle\test\broken_large\002.png,14.369899989105761,4.05649992171675,0.5142999580129981,10.579300113022327,29.519999981857836,13.593603134155273
global,2,23,data\raw\mvtec_anomaly_detection\bottle\test\broken_large\003.png,14.421599917113781,3.877999959513545,0.37729996256530285,11.634800001047552,30.31169984024018,14.632071495056152
global,2,24,data\raw\mvtec_anomaly_detection\bottle\test\broken_large\004.png,14.69610002823174,3.9111999794840813,0.3627999685704708,10.066600050777197,29.03670002706349,7.8201904296875
global,2,25,data\raw\mvtec_anomaly_detection\bottle\test\broken_large\005.png,14.50639998074621,3.855000017210841,0.3648001002147794,8.89389996882528,27.62010006699711,5.357263565063477
global,2,26,data\raw\mvtec_anomaly_detection\bottle\test\broken_large\006.png,14.556600013747811,3.7002000026404858,0.5534999072551727,8.863499970175326,27.673799893818796,11.094615936279297
global,2,27,data\raw\mvtec_anomaly_detection\bottle\test\broken_large\007.png,14.766599982976913,3.866499988362193,0.5661000031977892,8.792200009338558,27.991399983875453,12.122003555297852
global,2,28,data\raw\mvtec_anomaly_detection\bottle\test\broken_large\008.png,14.54500004183501,4.2403999250382185,0.5581999430432916,9.274000069126487,28.617599979043007,12.101670265197754
global,2,29,data\raw\mvtec_anomaly_detection\bottle\test\broken_large\009.png,14.889399986714125,4.190299892798066,0.5664000054821372,8.804699988104403,28.45079987309873,6.9920148849487305
global,2,30,data\raw\mvtec_anomaly_detection\bottle\test\broken_large\010.png,14.41289996728301,3.77960002515465,0.5664000054821372,8.73849994968623,27.497399947606027,9.243768692016602
global,2,31,data\raw\mvtec_anomaly_detection\bottle\test\broken_large\011.png,14.972600038163364,3.9223000640049577,0.561599968932569,9.133000043220818,28.58950011432171,7.065303325653076
global,2,32,data\raw\mvtec_anomaly_detection\bottle\test\broken_large\012.png,14.621299924328923,3.8435000460594893,0.5676998989656568,12.834499939344823,31.866999808698893,8.313076972961426
global,2,33,data\raw\mvtec_anomaly_detection\bottle\test\broken_large\013.png,14.338700100779533,3.9112999802455306,0.5338999908417463,10.743499966338277,29.527400038205087,12.109009742736816
global,2,34,data\raw\mvtec_anomaly_detection\bottle\test\broken_large\014.png,15.237999963574111,3.9281999925151467,0.5442999536171556,14.18189995456487,33.89239986427128,7.605071544647217
global,2,35,data\raw\mvtec_anomaly_detection\bottle\test\broken_large\015.png,14.758299919776618,3.989199991337955,0.5230000242590904,12.17290002387017,31.443399959243834,8.567587852478027
global,2,36,data\raw\mvtec_anomaly_detection\bottle\test\broken_large\016.png,14.123899978585541,3.997799940407276,0.46719994861632586,10.459299897775054,29.048199765384197,12.617390632629395
global,2,37,data\raw\mvtec_anomaly_detection\bottle\test\broken_large\017.png,16.947700059972703,4.510800004936755,0.5789999850094318,14.317299937829375,36.354799987748265,11.072625160217285
global,2,38,data\raw\mvtec_anomaly_detection\bottle\test\broken_large\018.png,16.667000018060207,4.475599969737232,0.5286999512463808,11.472500045783818,33.14379998482764,13.511702537536621
global,2,39,data\raw\mvtec_anomaly_detection\bottle\test\broken_large\019.png,16.934299957938492,4.476599977351725,0.6628000410273671,12.728499947115779,34.80219992343336,11.760763168334961
global,2,40,data\raw\mvtec_anomaly_detection\bottle\test\broken_small\000.png,17.28170004207641,4.470699932426214,0.4759998992085457,11.938000097870827,34.166399971581995,4.970335006713867
global,2,41,data\raw\mvtec_anomaly_detection\bottle\test\broken_small\001.png,16.9910000404343,4.472599946893752,0.6079999729990959,12.86769995931536,34.93929991964251,5.71414041519165
global,2,42,data\raw\mvtec_anomaly_detection\bottle\test\broken_small\002.png,17.116000060923398,4.487899946980178,0.48449996393173933,12.142200022935867,34.23059999477118,7.03446626663208
global,2,43,data\raw\mvtec_anomaly_detection\bottle\test\broken_small\003.png,17.229500110261142,4.496000008657575,0.4486000398173928,12.176199932582676,34.350300091318786,10.017213821411133
global,2,44,data\raw\mvtec_anomaly_detection\bottle\test\broken_small\004.png,14.627099968492985,3.919099923223257,0.35820004995912313,10.402799933217466,29.30719987489283,9.319270133972168
global,2,45,data\raw\mvtec_anomaly_detection\bottle\test\broken_small\005.png,14.978599967435002,3.9422999834641814,0.4189999308437109,13.997399946674705,33.3372998284176,8.747061729431152
global,2,46,data\raw\mvtec_anomaly_detection\bottle\test\broken_small\006.png,15.869199996814132,3.7945000221952796,0.5412000464275479,11.916500050574541,32.1214001160115,8.606796264648438
global,2,47,data\raw\mvtec_anomaly_detection\bottle\test\broken_small\007.png,15.449399943463504,4.627599962987006,0.5175999831408262,10.300199966877699,30.894799856469035,4.218527793884277
global,2,48,data\raw\mvtec_anomaly_detection\bottle\test\broken_small\008.png,18.25209998060018,4.198299953714013,0.3608999541029334,10.064400034025311,32.875699922442436,8.423806190490723
global,2,49,data\raw\mvtec_anomaly_detection\bottle\test\broken_small\009.png,14.560500043444335,4.478399991057813,0.5275000585243106,11.730300029739738,31.296700122766197,5.443727970123291
global,2,50,data\raw\mvtec_anomaly_detection\bottle\test\broken_small\010.png,16.928300028666854,4.129100008867681,0.4018000327050686,10.194699978455901,31.653900048695505,7.249807357788086
global,2,51,data\raw\mvtec_anomaly_detection\bottle\test\broken_small\011.png,15.061700018122792,3.8739999290555716,0.5851000314578414,11.64839998818934,31.169199966825545,5.453526496887207
global,2,52,data\raw\mvtec_anomaly_detection\bottle\test\broken_small\012.png,14.454300049692392,3.92469996586442,0.45739999040961266,10.074199992232025,28.91059999819845,10.358549118041992
global,2,53,data\raw\mvtec_anomaly_detection\bottle\test\broken_small\013.png,17.21600000746548,4.543699906207621,0.5632999818772078,12.123299995437264,34.446299890987575,5.407528877258301
global,2,54,data\raw\mvtec_anomaly_detection\bottle\test\broken_small\014.png,17.273099976591766,4.5201999600976706,0.5778999766334891,13.937899959273636,36.30909987259656,5.1480865478515625
global,2,55,data\raw\mvtec_anomaly_detection\bottle\test\broken_small\015.png,14.64870001655072,4.041500040329993,0.38980005774647,11.621900019235909,30.70190013386309,6.72030782699585
global,2,56,data\raw\mvtec_anomaly_detection\bottle\test\broken_small\016.png,14.90189996547997,3.9373000618070364,0.44490001164376736,11.061100056394935,30.34520009532571,5.688438415527344
global,2,57,data\raw\mvtec_anomaly_detection\bottle\test\broken_small\017.png,14.719499973580241,3.9671999402344227,0.5660000024363399,8.740999968722463,27.993699884973466,6.591012001037598
global,2,58,data\raw\mvtec_anomaly_detection\bottle\test\broken_small\018.png,14.614099985919893,3.939600079320371,0.5591000663116574,8.701800019480288,27.81460015103221,7.8438873291015625
global,2,59,data\raw\mvtec_anomaly_detection\bottle\test\broken_small\019.png,14.981099986471236,3.9814000483602285,0.5579000571742654,8.688800036907196,28.209200128912926,7.604406356811523
global,2,60,data\raw\mvtec_anomaly_detection\bottle\test\broken_small\020.png,15.093900030478835,3.8590000476688147,0.5668000085279346,8.735800045542419,28.255500132218003,5.945611000061035
global,2,61,data\raw\mvtec_anomaly_detection\bottle\test\broken_small\021.png,15.261500026099384,4.7064999816939235,0.559799955226481,8.91189998947084,29.439699952490628,5.120784759521484
global,2,62,data\raw\mvtec_anomaly_detection\bottle\test\contamination\000.png,16.205399995669723,3.940699971280992,0.5483999848365784,8.830099948681891,29.524599900469184,11.47176456451416
global,2,63,data\raw\mvtec_anomaly_detection\bottle\test\contamination\001.png,14.88869998138398,4.150900058448315,0.5712000420317054,9.557500015944242,29.168300097808242,7.6522979736328125
global,2,64,data\raw\mvtec_anomaly_detection\bottle\test\contamination\002.png,14.586600009351969,4.032000084407628,0.37620007060468197,10.927399969659746,29.922200134024024,7.044689178466797
global,2,65,data\raw\mvtec_anomaly_detection\bottle\test\contamination\003.png,14.370599994435906,3.8934999611228704,0.5572999361902475,11.941299890168011,30.762699781917036,4.6928019523620605
global,2,66,data\raw\mvtec_anomaly_detection\bottle\test\contamination\004.png,14.621900045312941,4.006600007414818,0.36880001425743103,10.150699992664158,29.14800005964935,5.177973747253418
global,2,67,data\raw\mvtec_anomaly_detection\bottle\test\contamination\005.png,17.119399970397353,4.4015999883413315,0.46490004751831293,12.048000004142523,34.03390001039952,13.80826187133789
global,2,68,data\raw\mvtec_anomaly_detection\bottle\test\contamination\006.png,17.172700027003884,4.529199912212789,0.6054999539628625,12.949900003150105,35.25729989632964,13.871114730834961
global,2,69,data\raw\mvtec_anomaly_detection\bottle\test\contamination\007.png,15.538900042884052,3.8854999002069235,0.3779999678954482,12.566499994136393,32.36889990512282,12.646900177001953
global,2,70,data\raw\mvtec_anomaly_detection\bottle\test\contamination\008.png,16.94500003941357,4.648100002668798,0.41880004573613405,12.347899959422648,34.35980004724115,13.780007362365723
global,2,71,data\raw\mvtec_anomaly_detection\bottle\test\contamination\009.png,17.218500026501715,4.533399944193661,0.5668000085279346,12.27509998716414,34.59379996638745,10.758852005004883
global,2,72,data\raw\mvtec_anomaly_detection\bottle\test\contamination\010.png,15.494100051000714,4.093499970622361,0.5230999086052179,10.390099952928722,30.500799883157015,14.978758811950684
global,2,73,data\raw\mvtec_anomaly_detection\bottle\test\contamination\011.png,14.929700060747564,3.827400039881468,0.5625999765470624,13.38490005582571,32.704600133001804,11.607462882995605
global,2,74,data\raw\mvtec_anomaly_detection\bottle\test\contamination\012.png,17.4191000405699,4.40029997844249,0.5764999659731984,13.105199905112386,35.501099890097976,14.590176582336426
global,2,75,data\raw\mvtec_anomaly_detection\bottle\test\contamination\013.png,17.148299957625568,4.392900038510561,0.5019999807700515,12.274899985641241,34.31809996254742,11.32228946685791
global,2,76,data\raw\mvtec_anomaly_detection\bottle\test\contamination\014.png,17.139600007794797,4.386300104670227,0.5026999861001968,12.048200005665421,34.07680010423064,6.655354022979736
global,2,77,data\raw\mvtec_anomaly_detection\bottle\test\contamination\015.png,17.212300095707178,4.511700011789799,0.42969989590346813,12.880600057542324,35.03430006094277,11.904014587402344
global,2,78,data\raw\mvtec_anomaly_detection\bottle\test\contamination\016.png,16.82090002577752,4.486299934796989,0.49020000733435154,12.161500053480268,33.95890002138913,9.378033638000488
global,2,79,data\raw\mvtec_anomaly_detection\bottle\test\contamination\017.png,17.12859992403537,4.385500098578632,0.4105999832972884,13.077600044198334,35.002300050109625,12.31865406036377
global,2,80,data\raw\mvtec_anomaly_detection\bottle\test\contamination\018.png,17.086299951188266,4.4929999858140945,0.471399980597198,10.168700013309717,32.219399930909276,6.62711238861084
global,2,81,data\raw\mvtec_anomaly_detection\bottle\test\contamination\019.png,15.856800018809736,4.064099979586899,0.5474999779835343,10.362999979406595,30.831399955786765,4.945805072784424
global,2,82,data\raw\mvtec_anomaly_detection\bottle\test\contamination\020.png,16.085100010968745,4.511400009505451,0.48719998449087143,11.148000019602478,32.231700024567544,12.403043746948242
global,3,0,data\raw\mvtec_anomaly_detection\bottle\test\good\000.png,15.763300005346537,3.885100013576448,0.5639001028612256,11.963299941271544,32.175600063055754,4.017112731933594
global,3,1,data\raw\mvtec_anomaly_detection\bottle\test\good\001.png,14.393899939022958,3.797600045800209,0.5229000234976411,11.060399934649467,29.774799942970276,3.364304780960083
global,3,2,data\raw\mvtec_anomaly_detection\bottle\test\good\002.png,16.96170005016029,4.529700032435358,0.5519000114873052,12.01589999254793,34.05920008663088,4.05500602722168
global,3,3,data\raw\mvtec_anomaly_detection\bottle\test\good\003.png,16.811600071378052,4.539099987596273,0.5451000761240721,12.927299947477877,34.823100082576275,4.034145355224609
global,3,4,data\raw\mvtec_anomaly_detection\bottle\test\good\004.png,16.92910003475845,4.5325999381020665,0.4344999324530363,12.185600004158914,34.081799909472466,3.6270010471343994
global,3,5,data\raw\mvtec_anomaly_detection\bottle\test\good\005.png,14.795499970205128,4.027199931442738,0.5868000444024801,8.67909996304661,28.088599909096956,3.418855667114258
global,3,6,data\raw\mvtec_anomaly_detection\bottle\test\good\006.png,14.726099907420576,3.732500015757978,0.5456999642774463,9.00079996790737,28.00509985536337,7.6024603843688965
global,3,7,data\raw\mvtec_anomaly_detection\bottle\test\good\007.png,14.578599948436022,3.8861000211909413,0.537899904884398,8.642799919471145,27.645399793982506,3.72442626953125
global,3,8,data\raw\mvtec_anomaly_detection\bottle\test\good\008.png,14.563600067049265,3.895699977874756,0.5182999884709716,8.628600044175982,27.606200077570975,4.842831134796143
global,3,9,data\raw\mvtec_anomaly_detection\bottle\test\good\009.png,14.55970003735274,3.8662999868392944,0.5382000235840678,8.649199968203902,27.613400015980005,3.3345985412597656
global,3,10,data\raw\mvtec_anomaly_detection\bottle\test\good\010.png,14.851200045086443,4.066199995577335,0.604500062763691,8.818999980576336,28.340900084003806,4.065393924713135
global,3,11,data\raw\mvtec_anomaly_detection\bottle\test\good\011.png,15.318699995987117,4.082600004039705,0.5713999271392822,8.757400093600154,28.73010002076626,3.515097141265869
global,3,12,data\raw\mvtec_anomaly_detection\bottle\test\good\012.png,15.249200048856437,4.876499995589256,0.48479996621608734,11.244199937209487,31.854699947871268,3.549840211868286
global,3,13,data\raw\mvtec_anomaly_detection\bottle\test\good\013.png,14.883400057442486,4.435499897226691,0.37699996028095484,10.407400084659457,30.10329999960959,3.006922483444214
global,3,14,data\raw\mvtec_anomaly_detection\bottle\test\good\014.png,17.375299939885736,4.5504000736400485,0.6444000173360109,10.566299897618592,33.13639992848039,3.5685219764709473
global,3,15,data\raw\mvtec_anomaly_detection\bottle\test\good\015.png,14.80120001360774,4.298000014387071,0.35340001340955496,11.995199951343238,31.447799992747605,4.474905490875244
global,3,16,data\raw\mvtec_anomaly_detection\bottle\test\good\016.png,16.238100011833012,4.563499940559268,0.5226000212132931,10.800299933180213,32.124499906785786,3.876322031021118
global,3,17,data\raw\mvtec_anomaly_detection\bottle\test\good\017.png,17.38510001450777,4.695700015872717,0.3651999868452549,10.459400014951825,32.90540003217757,3.6931345462799072
global,3,18,data\raw\mvtec_anomaly_detection\bottle\test\good\018.png,17.005999921821058,4.432099987752736,0.45599997974932194,11.965099954977632,33.85919984430075,4.722543239593506
global,3,19,data\raw\mvtec_anomaly_detection\bottle\test\good\019.png,17.138199997134507,4.435499897226691,0.5846000276505947,14.373500016517937,36.53179993852973,4.36047887802124
global,3,20,data\raw\mvtec_anomaly_detection\bottle\test\broken_large\000.png,23.011300014331937,4.5041999546810985,0.4555999767035246,12.547399965114892,40.51849991083145,10.83604907989502
global,3,21,data\raw\mvtec_anomaly_detection\bottle\test\broken_large\001.png,14.770400011911988,4.0210000006482005,0.5336999893188477,11.84849999845028,31.173600000329316,10.990410804748535
global,3,22,data\raw\mvtec_anomaly_detection\bottle\test\broken_large\002.png,14.699700055643916,3.990899887867272,0.4062999505549669,10.258399997837842,29.355299891903996,13.593603134155273
global,3,23,data\raw\mvtec_anomaly_detection\bottle\test\broken_large\003.png,14.208000036887825,3.8868000265210867,0.5196999991312623,10.41430002078414,29.028800083324313,14.632071495056152
global,3,24,data\raw\mvtec_anomaly_detection\bottle\test\broken_large\004.png,14.954700018279254,3.7990000564604998,0.5431000608950853,12.072499957866967,31.369300093501806,7.8201904296875
global,3,25,data\raw\mvtec_anomaly_detection\bottle\test\broken_large\005.png,14.831300009973347,4.077399964444339,0.41290000081062317,10.529999970458448,29.851599945686758,5.357263565063477
global,3,26,data\raw\mvtec_anomaly_detection\bottle\test\broken_large\006.png,17.501799971796572,4.523999989032745,0.4140000091865659,13.198400032706559,35.63820000272244,11.094615936279297
global,3,27,data\raw\mvtec_anomaly_detection\bottle\test\broken_large\007.png,16.785799991339445,4.501800052821636,0.4295000107958913,12.464099912904203,34.181199967861176,12.122003555297852
global,3,28,data\raw\mvtec_anomaly_detection\bottle\test\broken_large\008.png,14.59059992339462,3.854900016449392,0.5283000646159053,11.665800004266202,30.63960000872612,12.101670265197754
global,3,29,data\raw\mvtec_anomaly_detection\bottle\test\broken_large\009.png,14.282100019045174,3.790499991737306,0.4634999204427004,13.116399990394711,31.652499921619892,6.9920148849487305
global,3,30,data\raw\mvtec_anomaly_detection\bottle\test\broken_large\010.png,14.767899992875755,3.8417999166995287,0.5329999839887023,12.044299975968897,31.186999869532883,9.243768692016602
global,3,31,data\raw\mvtec_anomaly_detection\bottle\test\broken_large\011.png,14.495800016447902,3.9706999668851495,0.5039999959990382,10.295000043697655,29.265500023029745,7.065303325653076
global,3,32,data\raw\mvtec_anomaly_detection\bottle\test\broken_large\012.png,14.452700037509203,3.883900004439056,0.5126000614836812,10.458100005052984,29.307300108484924,8.313076972961426
global,3,33,data\raw\mvtec_anomaly_detection\bottle\test\broken_large\013.png,14.7450000513345,4.021200002171099,0.3864000318571925,11.963999946601689,31.11660003196448,12.109009742736816
global,3,34,data\raw\mvtec_anomaly_detection\bottle\test\broken_large\014.png,14.920099987648427,4.1828000685200095,0.3869000356644392,10.411600000225008,29.901400092057884,7.605071544647217
global,3,35,data\raw\mvtec_anomaly_detection\bottle\test\broken_large\015.png,14.767599990591407,4.008299903944135,0.41580002289265394,13.732000021263957,32.92369993869215,8.567587852478027
global,3,36,data\raw\mvtec_anomaly_detection\bottle\test\broken_large\016.png,16.345400013960898,4.628599970601499,0.5766999674960971,11.323899962008,32.87459991406649,12.617390632629395
global,3,37,data\raw\mvtec_anomaly_detection\bottle\test\broken_large\017.png,14.873499982059002,3.7040000315755606,0.38490002043545246,8.897299994714558,27.859700028784573,11.072625160217285
global,3,38,data\raw\mvtec_anomaly_detection\bottle\test\broken_large\018.png,14.515800052322447,3.91289999242872,0.41990005411207676,8.94890003837645,27.797500137239695,13.511702537536621
global,3,39,data\raw\mvtec_anomaly_detection\bottle\test\broken_large\019.png,14.679500018246472,3.8216999964788556,0.5628000944852829,8.875899948179722,27.939900057390332,11.760763168334961
global,3,40,data\raw\mvtec_anomaly_detection\bottle\test\broken_small\000.png,14.62939998600632,3.8279000436887145,0.5431999452412128,8.890400058589876,27.890900033526123,4.970335006713867
global,3,41,data\raw\mvtec_anomaly_detection\bottle\test\broken_small\001.png,14.809300075285137,3.7420999724417925,0.5344999954104424,8.888000040315092,27.973900083452463,5.71414041519165
global,3,42,data\raw\mvtec_anomaly_detection\bottle\test\broken_small\002.png,15.057899989187717,4.079199978150427,0.5794999888166785,8.981300052255392,28.697900008410215,7.03446626663208
global,3,43,data\raw\mvtec_anomaly_detection\bottle\test\broken_small\003.png,14.624300063587725,3.8698000134900212,0.539699918590486,9.636000031605363,28.669800027273595,10.017213821411133
global,3,44,data\raw\mvtec_anomaly_detection\bottle\test\broken_small\004.png,14.427700079977512,3.857900039292872,0.37589995190501213,11.219399981200695,29.88090005237609,9.319270133972168
global,3,45,data\raw\mvtec_anomaly_detection\bottle\test\broken_small\005.png,14.80689994059503,3.8800000911578536,0.6052000680938363,13.530299998819828,32.82240009866655,8.747061729431152
global,3,46,data\raw\mvtec_anomaly_detection\bottle\test\broken_small\006.png,15.431200037710369,4.672099952585995,0.5721000488847494,12.22759997472167,32.90300001390278,8.606796264648438
global,3,47,data\raw\mvtec_anomaly_detection\bottle\test\broken_small\007.png,14.699999941512942,4.1186000453308225,0.5389000289142132,11.763800051994622,31.1213000677526,4.218527793884277
global,3,48,data\raw\mvtec_anomaly_detection\bottle\test\broken_small\008.png,17.32159999664873,4.6181000070646405,0.5157000850886106,10.718400008045137,33.17380009684712,8.423806190490723
global,3,49,data\raw\mvtec_anomaly_detection\bottle\test\broken_small\009.png,17.0885999687016,4.565300070680678,0.390400062315166,10.627800016663969,32.67210011836141,5.443727970123291
global,3,50,data\raw\mvtec_anomaly_detection\bottle\test\broken_small\010.png,17.18389999587089,4.533300059847534,0.4616000223904848,13.373999972827733,35.55280005093664,7.249807357788086
global,3,51,data\raw\mvtec_anomaly_detection\bottle\test\broken_small\011.png,16.062800073996186,3.84159991517663,0.5773999728262424,12.229999992996454,32.71179995499551,5.453526496887207
global,3,52,data\raw\mvtec_anomaly_detection\bottle\test\broken_small\012.png,17.08849996794015,4.138599964790046,0.4062999505549669,13.596199918538332,35.2295998018235,10.358549118041992
global,3,53,data\raw\mvtec_anomaly_detection\bottle\test\broken_small\013.png,17.14070001617074,4.4769999803975224,0.6066999631002545,13.254199991934001,35.47859995160252,5.407528877258301
global,3,54,data\raw\mvtec_anomaly_detection\bottle\test\broken_small\014.png,17.152199987322092,4.510900005698204,0.5092999199405313,10.386600042693317,32.558999955654144,5.1480865478515625
global,3,55,data\raw\mvtec_anomaly_detection\bottle\test\broken_small\015.png,16.985900001600385,4.54570003785193,0.5568000487983227,14.623899944126606,36.71230003237724,6.72030782699585
global,3,56,data\raw\mvtec_anomaly_detection\bottle\test\broken_small\016.png,15.34210005775094,3.8469000719487667,0.41310000233352184,12.540200026705861,32.14230015873909,5.688438415527344
global,3,57,data\raw\mvtec_anomaly_detection\bottle\test\broken_small\017.png,14.630999998189509,3.907499951310456,0.5182999884709716,10.517800110392272,29.57460004836321,6.591012001037598
global,3,58,data\raw\mvtec_anomaly_detection\bottle\test\broken_small\018.png,17.27690000552684,5.0091000739485025,0.5187999922782183,10.488800005987287,33.29360007774085,7.8438873291015625
global,3,59,data\raw\mvtec_anomaly_detection\bottle\test\broken_small\019.png,14.755000011064112,4.53359994571656,0.5128999473527074,11.295400094240904,31.096899998374283,7.604406356811523
global,3,60,data\raw\mvtec_anomaly_detection\bottle\test\broken_small\020.png,16.796299954876304,4.302800050936639,0.36429997999221087,10.506400023587048,31.969800009392202,5.945611000061035
global,3,61,data\raw\mvtec_anomaly_detection\bottle\test\broken_small\021.png,15.000300016254187,3.861999954096973,0.3997000167146325,12.134399963542819,31.39639995060861,5.120784759521484
global,3,62,data\raw\mvtec_anomaly_detection\bottle\test\contamination\000.png,14.821200049482286,3.8864000234752893,0.38460001815110445,11.093100067228079,30.18530015833676,11.47176456451416
global,3,63,data\raw\mvtec_anomaly_detection\bottle\test\contamination\001.png,14.75830003619194,3.858199925161898,0.3712000325322151,11.358899995684624,30.346599989570677,7.6522979736328125
global,3,64,data\raw\mvtec_anomaly_detection\bottle\test\contamination\002.png,17.75590004399419,4.543600021861494,0.5267999367788434,11.586599983274937,34.41289998590946,7.044689178466797
global,3,65,data\raw\mvtec_anomaly_detection\bottle\test\contamination\003.png,16.838899930007756,4.668200039304793,0.5643999902531505,10.55200002156198,32.62349998112768,4.6928019523620605
global,3,66,data\raw\mvtec_anomaly_detection\bottle\test\contamination\004.png,15.946700004860759,3.863000078126788,0.579700106754899,13.500700006261468,33.890100196003914,5.177973747253418
global,3,67,data\raw\mvtec_anomaly_detection\bottle\test\contamination\005.png,15.061100013554096,3.9825999410822988,0.5636999849230051,12.186900014057755,31.794299953617156,13.80826187133789
global,3,68,data\raw\mvtec_anomaly_detection\bottle\test\contamination\006.png,14.77020001038909,3.9031999185681343,0.5450000753626227,9.04959999024868,28.267999994568527,13.871114730834961
global,3,69,data\raw\mvtec_anomaly_detection\bottle\test\contamination\007.png,15.060900012031198,3.827400039881468,0.41699991561472416,9.069400024600327,28.374699992127717,12.646900177001953
global,3,70,data\raw\mvtec_anomaly_detection\bottle\test\contamination\008.png,14.948700089007616,3.9812999311834574,0.5432000616565347,9.052100009284914,28.52530009113252,13.780007362365723
global,3,71,data\raw\mvtec_anomaly_detection\bottle\test\contamination\009.png,14.487100066617131,3.763799904845655,0.5519000114873052,9.105999954044819,27.90879993699491,10.758852005004883
global,3,72,data\raw\mvtec_anomaly_detection\bottle\test\contamination\010.png,14.720299979671836,3.8222000002861023,0.5448999581858516,9.027200052514672,28.114599990658462,14.978758811950684
global,3,73,data\raw\mvtec_anomaly_detection\bottle\test\contamination\011.png,14.712999924086034,3.6652000853791833,0.5443999543786049,9.055300033651292,27.977899997495115,11.607462882995605
global,3,74,data\raw\mvtec_anomaly_detection\bottle\test\contamination\012.png,15.165999997407198,3.904600045643747,0.5908000748604536,9.34290001168847,29.00430012959987,14.590176582336426
global,3,75,data\raw\mvtec_anomaly_detection\bottle\test\contamination\013.png,14.81009996496141,3.7882999749854207,0.39760000072419643,12.953000026755035,31.94899996742606,11.32228946685791
global,3,76,data\raw\mvtec_anomaly_detection\bottle\test\contamination\014.png,14.627099968492985,3.8300000596791506,0.511299935169518,12.583700008690357,31.55209997203201,6.655354022979736
global,3,77,data\raw\mvtec_anomaly_detection\bottle\test\contamination\015.png,14.871700084768236,3.887399914674461,0.4564999835565686,12.127600028179586,31.34320001117885,11.904014587402344
global,3,78,data\raw\mvtec_anomaly_detection\bottle\test\contamination\016.png,14.822500059381127,3.854400012642145,0.5223000189289451,12.329500052146614,31.52870014309883,9.378033638000488
global,3,79,data\raw\mvtec_anomaly_detection\bottle\test\contamination\017.png,14.944600057788193,4.068200010806322,0.3839000128209591,10.597000014968216,29.99370009638369,12.31865406036377
global,3,80,data\raw\mvtec_anomaly_detection\bottle\test\contamination\018.png,15.046700020320714,4.010700038634241,0.5398000357672572,12.309500016272068,31.90670011099428,6.62711238861084
global,3,81,data\raw\mvtec_anomaly_detection\bottle\test\contamination\019.png,15.05599997472018,4.130500019527972,0.5322999786585569,10.596900014206767,30.315699987113476,4.945805072784424
global,3,82,data\raw\mvtec_anomaly_detection\bottle\test\contamination\020.png,15.859000035561621,3.8403000216931105,0.5529000191017985,13.088800013065338,33.34100008942187,12.403043746948242
global,4,0,data\raw\mvtec_anomaly_detection\bottle\test\good\000.png,17.662699916400015,4.528900026343763,0.45950000640004873,13.504600035957992,36.15569998510182,4.017112731933594
global,4,1,data\raw\mvtec_anomaly_detection\bottle\test\good\001.png,17.063000006601214,4.821700043976307,0.4805999342352152,10.277500026859343,32.64280001167208,3.364304780960083
global,4,2,data\raw\mvtec_anomaly_detection\bottle\test\good\002.png,15.722400043159723,4.597100079990923,0.3757000667974353,11.87209994532168,32.56730013526976,4.05500602722168
global,4,3,data\raw\mvtec_anomaly_detection\bottle\test\good\003.png,14.513200032524765,4.086700035259128,0.4347999347373843,10.139200021512806,29.173900024034083,4.034145355224609
global,4,4,data\raw\mvtec_anomaly_detection\bottle\test\good\004.png,14.754100004211068,3.974399995058775,0.3856000257655978,10.849600075744092,29.963700100779533,3.6270010471343994
global,4,5,data\raw\mvtec_anomaly_detection\bottle\test\good\005.png,14.8889000993222,3.852599998936057,0.5700000328943133,14.317200053483248,33.62870018463582,3.418855667114258
global,4,6,data\raw\mvtec_anomaly_detection\bottle\test\good\006.png,14.967600000090897,3.974099992774427,0.39139995351433754,11.990599916316569,31.32369986269623,7.6024603843688965
global,4,7,data\raw\mvtec_anomaly_detection\bottle\test\good\007.png,14.989000046625733,4.234699998050928,0.3565000370144844,10.335500002838671,29.915700084529817,3.72442626953125
global,4,8,data\raw\mvtec_anomaly_detection\bottle\test\good\008.png,28.01109990105033,3.972100093960762,0.5370000144466758,10.801400057971478,43.321600067429245,4.842831134796143
global,4,9,data\raw\mvtec_anomaly_detection\bottle\test\good\009.png,16.944099916145205,4.645999986678362,0.3882999299094081,10.266400058753788,32.244799891486764,3.3345985412597656
global,4,10,data\raw\mvtec_anomaly_detection\bottle\test\good\010.png,17.19819998834282,4.510800004936755,0.5898000672459602,13.279899954795837,35.578700015321374,4.065393924713135
global,4,11,data\raw\mvtec_anomaly_detection\bottle\test\good\011.png,15.334800002165139,3.8528000004589558,0.5613999674096704,11.94930006749928,31.698300037533045,3.515097141265869
global,4,12,data\raw\mvtec_anomaly_detection\bottle\test\good\012.png,14.78950004093349,3.9658999303355813,0.39009994361549616,10.305000003427267,29.450499918311834,3.549840211868286
global,4,13,data\raw\mvtec_anomaly_detection\bottle\test\good\013.png,14.612000086344779,3.905799938365817,0.5362000083550811,10.607799980789423,29.6618000138551,3.006922483444214
global,4,14,data\raw\mvtec_anomaly_detection\bottle\test\good\014.png,14.695199904963374,3.849900094792247,0.41930004954338074,12.354000005871058,31.31840005517006,3.5685219764709473
global,4,15,data\raw\mvtec_anomaly_detection\bottle\test\good\015.png,14.649000018835068,3.940699971280992,0.5403999239206314,10.342100053094327,29.47219996713102,4.474905490875244
global,4,16,data\raw\mvtec_anomaly_detection\bottle\test\good\016.png,14.645299990661442,3.903200034983456,0.5523000145331025,11.820599902421236,30.921399942599237,3.876322031021118
global,4,17,data\raw\mvtec_anomaly_detection\bottle\test\good\017.png,14.560800045728683,3.829000052064657,0.5913999630138278,8.816600078716874,27.797800139524043,3.6931345462799072
global,4,18,data\raw\mvtec_anomaly_detection\bottle\test\good\018.png,14.61009995546192,3.7893999833613634,0.5745000671595335,8.85119999293238,27.825199998915195,4.722543239593506
global,4,19,data\raw\mvtec_anomaly_detection\bottle\test\good\019.png,14.27080004941672,3.9451998891308904,0.58230001013726,8.860299945808947,27.65859989449382,4.36047887802124
global,4,20,data\raw\mvtec_anomaly_detection\bottle\test\broken_large\000.png,14.511700021103024,3.8209999911487103,0.546199968084693,8.842000039294362,27.72090001963079,10.83604907989502
global,4,21,data\raw\mvtec_anomaly_detection\bottle\test\broken_large\001.png,14.670800068415701,3.725699963979423,0.5338001064956188,8.818599977530539,27.748900116421282,10.990410804748535
global,4,22,data\raw\mvtec_anomaly_detection\bottle\test\broken_large\002.png,14.507699990645051,4.381999955512583,0.5873000482097268,8.958399994298816,28.435399988666177,13.593603134155273
global,4,23,data\raw\mvtec_anomaly_detection\bottle\test\broken_large\003.png,14.475100091658533,4.156000097282231,0.5652999971061945,8.907699957489967,28.104100143536925,14.632071495056152
global,4,24,data\raw\mvtec_anomaly_detection\bottle\test\broken_large\004.png,14.569099992513657,4.134700051508844,0.5392000311985612,10.65119996201247,29.89420003723353,7.8201904296875
global,4,25,data\raw\mvtec_anomaly_detection\bottle\test\broken_large\005.png,14.754500007256866,3.9280999917536974,0.4124999977648258,12.29750004131347,31.392600038088858,5.357263565063477
global,4,26,data\raw\mvtec_anomaly_detection\bottle\test\broken_large\006.png,14.615799998864532,4.032400087453425,0.6262999959290028,10.336500010453165,29.611000092700124,11.094615936279297
global,4,27,data\raw\mvtec_anomaly_detection\bottle\test\broken_large\007.png,14.14340001065284,4.032700089737773,0.40479993913322687,11.770799988880754,30.351700028404593,12.122003555297852
global,4,28,data\raw\mvtec_anomaly_detection\bottle\test\broken_large\008.png,14.307499979622662,3.76330001745373,0.6154999136924744,11.55080005992204,30.237099970690906,12.101670265197754
global,4,29,data\raw\mvtec_anomaly_detection\bottle\test\broken_large\009.png,15.07379999384284,4.305399954319,0.3793999785557389,11.27050002105534,31.02909994777292,6.9920148849487305
global,4,30,data\raw\mvtec_anomaly_detection\bottle\test\broken_large\010.png,16.640699934214354,4.776000045239925,0.5317999748513103,10.47189999371767,32.42039994802326,9.243768692016602
global,4,31,data\raw\mvtec_anomaly_detection\bottle\test\broken_large\011.png,15.627500019036233,4.128400003537536,0.3847000189125538,12.349999975413084,32.49060001689941,7.065303325653076
global,4,32,data\raw\mvtec_anomaly_detection\bottle\test\broken_large\012.png,16.669900040142238,4.641199950128794,0.38109999150037766,11.956000002101064,33.64819998387247,8.313076972961426
global,4,33,data\raw\mvtec_anomaly_detection\bottle\test\broken_large\013.png,14.523899997584522,4.050399991683662,0.45819999650120735,10.425499989651144,29.457999975420535,12.109009742736816
global,4,34,data\raw\mvtec_anomaly_detection\bottle\test\broken_large\014.png,15.26070002000779,3.9247999666258693,0.37919997703284025,11.19629992172122,30.76099988538772,7.605071544647217
global,4,35,data\raw\mvtec_anomaly_detection\bottle\test\broken_large\015.png,16.970700002275407,4.831199999898672,0.5128000630065799,10.609999997541308,32.92470006272197,8.567587852478027
global,4,36,data\raw\mvtec_anomaly_detection\bottle\test\broken_large\016.png,16.91679994110018,4.552399972453713,0.5624999757856131,10.224699974060059,32.256399863399565,12.617390632629395
global,4,37,data\raw\mvtec_anomaly_detection\bottle\test\broken_large\017.png,17.3066999996081,4.516300046816468,0.55720005184412,14.174900017678738,36.555100115947425,11.072625160217285
global,4,38,data\raw\mvtec_anomaly_detection\bottle\test\broken_large\018.png,16.759400023147464,4.56919998396188,0.45579997822642326,12.238500057719648,34.022900043055415,13.511702537536621
global,4,39,data\raw\mvtec_anomaly_detection\bottle\test\broken_large\019.png,16.126699978485703,4.536600084975362,0.5379000212997198,13.344999984838068,34.546200069598854,11.760763168334961
global,4,40,data\raw\mvtec_anomaly_detection\bottle\test\broken_small\000.png,17.261800006963313,5.095600034110248,0.501600094139576,10.21410000976175,33.07310014497489,4.970335006713867
global,4,41,data\raw\mvtec_anomaly_detection\bottle\test\broken_small\001.png,14.885400072671473,4.166599945165217,0.523399910889566,11.011399910785258,30.586799839511514,5.71414041519165
global,4,42,data\raw\mvtec_anomaly_detection\bottle\test\broken_small\002.png,15.117399976588786,3.9290999993681908,0.5397000350058079,13.109100051224232,32.695300062187016,7.03446626663208
global,4,43,data\raw\mvtec_anomaly_detection\bottle\test\broken_small\003.png,14.871500083245337,4.050199990160763,0.5275000585243106,11.753299972042441,31.202500103972852,10.017213821411133
global,4,44,data\raw\mvtec_anomaly_detection\bottle\test\broken_small\004.png,15.085199964232743,4.636400029994547,0.3792999777942896,10.32990007661283,30.43080004863441,9.319270133972168
global,4,45,data\raw\mvtec_anomaly_detection\bottle\test\broken_small\005.png,14.932200079783797,3.9017999079078436,0.5556000396609306,11.464399984106421,30.854000011458993,8.747061729431152
global,4,46,data\raw\mvtec_anomaly_detection\bottle\test\broken_small\006.png,21.133300033397973,3.878000075928867,0.5837999051436782,13.121400028467178,38.716500042937696,8.606796264648438
global,4,47,data\raw\mvtec_anomaly_detection\bottle\test\broken_small\007.png,17.27109996136278,4.496100009419024,0.6359999533742666,10.203100042417645,32.606299966573715,4.218527793884277
global,4,48,data\raw\mvtec_anomaly_detection\bottle\test\broken_small\008.png,17.464800039306283,4.425899940542877,0.39219995960593224,13.611300033517182,35.894199972972274,8.423806190490723
global,4,49,data\raw\mvtec_anomaly_detection\bottle\test\broken_small\009.png,14.744900050573051,3.8885000394657254,0.546199968084693,8.793700020760298,27.973300078883767,5.443727970123291
global,4,50,data\raw\mvtec_anomaly_detection\bottle\test\broken_small\010.png,14.748299960047007,3.690200042910874,0.3912999527528882,8.792900014668703,27.622699970379472,7.249807357788086
global,4,51,data\raw\mvtec_anomaly_detection\bottle\test\broken_small\011.png,14.859499991871417,3.911699983291328,0.5688000237569213,8.758299984037876,28.098299982957542,5.453526496887207
global,4,52,data\raw\mvtec_anomaly_detection\bottle\test\broken_small\012.png,14.570300001651049,3.819099976681173,0.5540999118238688,8.749099913984537,27.692599804140627,10.358549118041992
global,4,53,data\raw\mvtec_anomaly_detection\bottle\test\broken_small\013.png,14.639099943451583,3.8128000451251864,0.5576999392360449,8.91950004734099,27.929099975153804,5.407528877258301
global,4,54,data\raw\mvtec_anomaly_detection\bottle\test\broken_small\014.png,15.660099918022752,3.9553999667987227,0.46600005589425564,8.805799996480346,28.887299937196076,5.1480865478515625
global,4,55,data\raw\mvtec_anomaly_detection\bottle\test\broken_small\015.png,14.767100103199482,3.7377000553533435,0.4018999170511961,10.811499902047217,29.71819997765124,6.72030782699585
global,4,56,data\raw\mvtec_anomaly_detection\bottle\test\broken_small\016.png,14.716499950736761,4.292999976314604,0.5143000744283199,10.253499960526824,29.77729996200651,5.688438415527344
global,4,57,data\raw\mvtec_anomaly_detection\bottle\test\broken_small\017.png,17.408200073987246,4.454299923963845,0.4278999986127019,11.141099967062473,33.431499963626266,6.591012001037598
global,4,58,data\raw\mvtec_anomaly_detection\bottle\test\broken_small\018.png,17.33309996780008,4.529700032435358,0.5541000282391906,13.881799997761846,36.298700026236475,7.8438873291015625
global,4,59,data\raw\mvtec_anomaly_detection\bottle\test\broken_small\019.png,15.683099976740777,3.815600066445768,0.5764000816270709,14.08989995252341,34.16500007733703,7.604406356811523
global,4,60,data\raw\mvtec_anomaly_detection\bottle\test\broken_small\020.png,15.385199920274317,3.9440999971702695,0.5737000610679388,12.477500014938414,32.38049999345094,5.945611000061035
global,4,61,data\raw\mvtec_anomaly_detection\bottle\test\broken_small\021.png,14.666300034150481,4.104099934920669,0.3701000241562724,10.121700004674494,29.262199997901917,5.120784759521484
global,4,62,data\raw\mvtec_anomaly_detection\bottle\test\contamination\000.png,16.759600024670362,4.518299945630133,0.600599916651845,12.232700013555586,34.11119990050793,11.47176456451416
global,4,63,data\raw\mvtec_anomaly_detection\bottle\test\contamination\001.png,14.831500011496246,3.8817001041024923,0.367300002835691,10.449199937283993,29.529700055718422,7.6522979736328125
global,4,64,data\raw\mvtec_anomaly_detection\bottle\test\contamination\002.png,14.858699985779822,3.8988000014796853,0.5610999651253223,12.092299992218614,31.410899944603443,7.044689178466797
global,4,65,data\raw\mvtec_anomaly_detection\bottle\test\contamination\003.png,16.303300042636693,4.002800094895065,0.404300051741302,11.458099936135113,32.16850012540817,4.6928019523620605
global,4,66,data\raw\mvtec_anomaly_detection\bottle\test\contamination\004.png,14.987600035965443,3.8883000379428267,0.5073000211268663,11.120600043796003,30.50380013883114,5.177973747253418
global,4,67,data\raw\mvtec_anomaly_detection\bottle\test\contamination\005.png,17.13200006633997,3.9806999266147614,0.42239995673298836,12.219800031743944,33.75489998143166,13.80826187133789
global,4,68,data\raw\mvtec_anomaly_detection\bottle\test\contamination\006.png,15.02220006659627,4.32479998562485,0.3720000386238098,10.346599970944226,30.065600061789155,13.871114730834961
global,4,69,data\raw\mvtec_anomaly_detection\bottle\test\contamination\007.png,15.17920009791851,4.043499939143658,0.548599986359477,12.176100048236549,31.947400071658194,12.646900177001953
global,4,70,data\raw\mvtec_anomaly_detection\bottle\test\contamination\008.png,14.660999993793666,4.038300015963614,0.39009994361549616,9.975500055588782,29.06490000896156,13.780007362365723
global,4,71,data\raw\mvtec_anomaly_detection\bottle\test\contamination\009.png,14.747199951671064,3.90110001899302,0.5244000349193811,10.846199933439493,30.01889993902296,10.758852005004883
global,4,72,data\raw\mvtec_anomaly_detection\bottle\test\contamination\010.png,14.578500064089894,3.7712999619543552,0.574599951505661,13.033999945037067,31.958399922586977,14.978758811950684
global,4,73,data\raw\mvtec_anomaly_detection\bottle\test\contamination\011.png,14.600199996493757,3.911699983291328,0.5581999430432916,10.322599904611707,29.392699827440083,11.607462882995605
global,4,74,data\raw\mvtec_anomaly_detection\bottle\test\contamination\012.png,17.23689993377775,4.6953000128269196,0.36910001654177904,10.112700052559376,32.414000015705824,14.590176582336426
global,4,75,data\raw\mvtec_anomaly_detection\bottle\test\contamination\013.png,17.140200012363493,4.525199998170137,0.5672000115737319,13.134900014847517,35.36750003695488,11.32228946685791
global,4,76,data\raw\mvtec_anomaly_detection\bottle\test\contamination\014.png,17.268699943087995,4.507799982093275,0.46630005817860365,11.071200016885996,33.31400000024587,6.655354022979736
global,4,77,data\raw\mvtec_anomaly_detection\bottle\test\contamination\015.png,17.16739998664707,4.5319999335333705,0.40909997187554836,13.800799963064492,35.90929985512048,11.904014587402344
global,4,78,data\raw\mvtec_anomaly_detection\bottle\test\contamination\016.png,15.957699972204864,4.022900015115738,0.5308999679982662,11.94029999896884,32.45179995428771,9.378033638000488
global,4,79,data\raw\mvtec_anomaly_detection\bottle\test\contamination\017.png,14.919899986125529,3.8241000147536397,0.569900032132864,10.186599916778505,29.500499949790537,12.31865406036377
global,4,80,data\raw\mvtec_anomaly_detection\bottle\test\contamination\018.png,14.590499922633171,4.490000079385936,0.5546000320464373,9.620800032280385,29.25590006634593,6.62711238861084
global,4,81,data\raw\mvtec_anomaly_detection\bottle\test\contamination\019.png,16.80760004092008,4.395299940370023,0.6022999295964837,8.728499989956617,30.533699900843203,4.945805072784424
global,4,82,data\raw\mvtec_anomaly_detection\bottle\test\contamination\020.png,14.631800004281104,3.7111000856384635,0.5303999641910195,8.684200001880527,27.557500055991113,12.403043746948242
patch_layer3,0,0,data\raw\mvtec_anomaly_detection\bottle\test\good\000.png,17.036100034601986,4.587700008414686,0.4062999505549669,3.820599988102913,25.850699981674552,2.677069664001465
patch_layer3,0,1,data\raw\mvtec_anomaly_detection\bottle\test\good\001.png,16.836400027386844,4.482700023800135,0.5622999742627144,4.0574000449851155,25.93880007043481,2.681241512298584
patch_layer3,0,2,data\raw\mvtec_anomaly_detection\bottle\test\good\002.png,14.527700026519597,4.084100015461445,0.40259992238134146,3.7299999967217445,22.744399961084127,2.7068004608154297
patch_layer3,0,3,data\raw\mvtec_anomaly_detection\bottle\test\good\003.png,14.547700062394142,4.003100097179413,0.534399994648993,4.205800010822713,23.29100016504526,2.739800453186035
patch_layer3,0,4,data\raw\mvtec_anomaly_detection\bottle\test\good\004.png,14.44569998420775,3.898700000718236,0.5052000051364303,3.8317000726237893,22.681300062686205,2.696136713027954
patch_layer3,0,5,data\raw\mvtec_anomaly_detection\bottle\test\good\005.png,14.605300035327673,3.9149000076577067,0.5543999141082168,3.9975999388843775,23.072199895977974,2.7214555740356445
patch_layer3,0,6,data\raw\mvtec_anomaly_detection\bottle\test\good\006.png,17.514600069262087,3.7692999467253685,0.6929000373929739,3.9618000155314803,25.93860006891191,2.7815847396850586
patch_layer3,0,7,data\raw\mvtec_anomaly_detection\bottle\test\good\007.png,15.650799963623285,4.215800086967647,0.6787000456824899,4.264299990609288,24.80960008688271,2.7815937995910645
patch_layer3,0,8,data\raw\mvtec_anomaly_detection\bottle\test\good\008.png,14.769200002774596,3.9355000481009483,0.5815000040456653,4.6675000339746475,23.953700088895857,2.761549472808838
patch_layer3,0,9,data\raw\mvtec_anomaly_detection\bottle\test\good\009.png,14.889500103890896,4.03310009278357,0.3858000272884965,4.231599974445999,23.54000019840896,2.7066855430603027
patch_layer3,0,10,data\raw\mvtec_anomaly_detection\bottle\test\good\010.png,14.805999933741987,3.860300057567656,0.37640007212758064,5.727999960072339,24.770700023509562,2.8605611324310303
patch_layer3,0,11,data\raw\mvtec_anomaly_detection\bottle\test\good\011.png,14.422400039620697,4.134299932047725,0.4152000183239579,6.11299998126924,25.08489997126162,2.6874186992645264
patch_layer3,0,12,data\raw\mvtec_anomaly_detection\bottle\test\good\012.png,14.465500018559396,3.8813999854028225,0.4585999995470047,4.543400020338595,23.34890002384782,2.7570858001708984
patch_layer3,0,13,data\raw\mvtec_anomaly_detection\bottle\test\good\013.png,14.729199931025505,3.9690000703558326,0.5735999438911676,5.0215000519528985,24.293299997225404,2.7480804920196533
patch_layer3,0,14,data\raw\mvtec_anomaly_detection\bottle\test\good\014.png,15.86339995265007,4.670500056818128,0.3839000128209591,3.9941000286489725,24.91190005093813,2.782339096069336
patch_layer3,0,15,data\raw\mvtec_anomaly_detection\bottle\test\good\015.png,14.709900016896427,3.9843000704422593,0.4094999749213457,5.508900037966669,24.6126001002267,2.729416608810425
patch_layer3,0,16,data\raw\mvtec_anomaly_detection\bottle\test\good\016.png,14.666000031866133,4.006000002846122,0.40490005630999804,3.946600016206503,23.023500107228756,2.753269672393799
patch_layer3,0,17,data\raw\mvtec_anomaly_detection\bottle\test\good\017.png,14.39400005619973,3.9942999137565494,0.568700022995472,4.987400025129318,23.94440001808107,2.7911739349365234
patch_layer3,0,18,data\raw\mvtec_anomaly_detection\bottle\test\good\018.png,14.554699999280274,3.8708000211045146,0.5735999438911676,5.691700032912195,24.69079999718815,2.712047815322876
patch_layer3,0,19,data\raw\mvtec_anomaly_detection\bottle\test\good\019.png,14.502099948003888,3.952499944716692,0.3651999868452549,5.135299987159669,23.955099866725504,2.826977014541626
patch_layer3,0,20,data\raw\mvtec_anomaly_detection\bottle\test\broken_large\000.png,15.976900001987815,4.60309989284724,0.5372000159695745,4.023400018922985,25.140599929727614,4.441296100616455
patch_layer3,0,21,data\raw\mvtec_anomaly_detection\bottle\test\broken_large\001.png,17.28750008624047,4.64629998896271,0.5889999447390437,4.074599943123758,26.597399963065982,4.986383438110352
patch_layer3,0,22,data\raw\mvtec_anomaly_detection\bottle\test\broken_large\002.png,23.301500012166798,4.525399999693036,0.42040005791932344,6.0943999560549855,34.34170002583414,4.023044109344482
patch_layer3,0,23,data\raw\mvtec_anomaly_detection\bottle\test\broken_large\003.png,16.584300086833537,4.544700030237436,0.5725999362766743,7.485700072720647,29.187300126068294,4.895201683044434
patch_layer3,0,24,data\raw\mvtec_anomaly_detection\bottle\test\broken_large\004.png,17.366399988532066,4.701299942098558,0.39489998016506433,4.046599962748587,26.509199873544276,5.2673845291137695
patch_layer3,0,25,data\raw\mvtec_anomaly_detection\bottle\test\broken_large\005.png,14.647600008174777,3.9715999737381935,0.5430999444797635,5.435700062662363,24.597999989055097,4.60845422744751
patch_layer3,0,26,data\raw\mvtec_anomaly_detection\bottle\test\broken_large\006.png,14.705099980346859,4.037600010633469,0.5740999476984143,3.9869999745860696,23.30379991326481,5.1306610107421875
patch_layer3,0,27,data\raw\mvtec_anomaly_detection\bottle\test\broken_large\007.png,14.61610000114888,3.8959000958129764,0.5234000273048878,5.682400078512728,24.717800202779472,3.9215714931488037
patch_layer3,0,28,data\raw\mvtec_anomaly_detection\bottle\test\broken_large\008.png,21.002699970267713,3.92319995444268,0.7600999670103192,4.7926000552251935,30.478599946945906,5.3515305519104
patch_layer3,0,29,data\raw\mvtec_anomaly_detection\bottle\test\broken_large\009.png,15.930900000967085,4.587500006891787,0.5860000383108854,7.559500052593648,28.663900098763406,4.56941556930542
patch_layer3,0,30,data\raw\mvtec_anomaly_detection\bottle\test\broken_large\010.png,16.870200051926076,4.689499968662858,0.41880004573613405,3.960999893024564,25.939499959349632,4.809571743011475
patch_layer3,0,31,data\raw\mvtec_anomaly_detection\bottle\test\broken_large\011.png,16.991499927826226,4.513900028541684,0.41800003964453936,5.81690005492419,27.74030005093664,4.734048843383789
patch_layer3,0,32,data\raw\mvtec_anomaly_detection\bottle\test\broken_large\012.png,17.15229998808354,4.515099921263754,0.47889992129057646,5.435300059616566,27.581599890254438,4.992428302764893
patch_layer3,0,33,data\raw\mvtec_anomaly_detection\bottle\test\broken_large\013.png,16.920699970796704,4.50089992955327,0.4257999826222658,6.696199998259544,28.543599881231785,4.03297233581543
patch_layer3,0,34,data\raw\mvtec_anomaly_detection\bottle\test\broken_large\014.png,17.187600024044514,4.5443999115377665,0.42180006857961416,3.9901999989524484,26.144000003114343,5.050409317016602
patch_layer3,0,35,data\raw\mvtec_anomaly_detection\bottle\test\broken_large\015.png,17.187600024044514,4.517399938777089,0.5411999300122261,6.6874000476673245,28.933599940501153,5.041504383087158
patch_layer3,0,36,data\raw\mvtec_anomaly_detection\bottle\test\broken_large\016.png,16.402299981564283,4.4998000375926495,0.4284000024199486,4.917200072668493,26.247700094245374,4.210007667541504
patch_layer3,0,37,data\raw\mvtec_anomaly_detection\bottle\test\broken_large\017.png,17.12119998410344,4.501400049775839,0.5373000167310238,6.383900064975023,28.543800115585327,4.592291355133057
patch_layer3,0,38,data\raw\mvtec_anomaly_detection\bottle\test\broken_large\018.png,17.317600082606077,3.8591999327763915,0.4621000261977315,5.01830002758652,26.65720006916672,4.5799970626831055
patch_layer3,0,39,data\raw\mvtec_anomaly_detection\bottle\test\broken_large\019.png,14.689600095152855,3.9306998951360583,0.5542000290006399,4.17970004491508,23.354200064204633,4.464104175567627
patch_layer3,0,40,data\raw\mvtec_anomaly_detection\bottle\test\broken_small\000.png,14.837699942290783,3.679799963720143,0.5308999679982662,4.007299896329641,23.055699770338833,3.8667726516723633
patch_layer3,0,41,data\raw\mvtec_anomaly_detection\bottle\test\broken_small\001.png,14.882399933412671,3.7746999878436327,0.5376000190153718,3.9223000640049577,23.117000004276633,5.003524303436279
patch_layer3,0,42,data\raw\mvtec_anomaly_detection\bottle\test\broken_small\002.png,17.167799989692867,4.391300026327372,0.4105000989511609,4.020299995318055,25.989900110289454,4.251944065093994
patch_layer3,0,43,data\raw\mvtec_anomaly_detection\bottle\test\broken_small\003.png,17.29640003759414,4.40330000128597,0.5682000191882253,4.449500003829598,26.717400061897933,4.884119510650635
patch_layer3,0,44,data\raw\mvtec_anomaly_detection\bottle\test\broken_small\004.png,16.642100061289966,3.9116000989452004,0.4672000650316477,4.9313000636175275,25.95220028888434,5.898160457611084
patch_layer3,0,45,data\raw\mvtec_anomaly_detection\bottle\test\broken_small\005.png,15.756599954329431,4.197700065560639,0.6487999344244599,4.712400026619434,25.315499980933964,4.653103828430176
patch_layer3,0,46,data\raw\mvtec_anomaly_detection\bottle\test\broken_small\006.png,21.48350002244115,4.221600014716387,0.615099910646677,5.741600063629448,32.06180001143366,4.667858123779297
patch_layer3,0,47,data\raw\mvtec_anomaly_detection\bottle\test\broken_small\007.png,15.110899927094579,4.2764999670907855,0.5539000267162919,6.627799943089485,26.56909986399114,3.7877302169799805
patch_layer3,0,48,data\raw\mvtec_anomaly_detection\bottle\test\broken_small\008.png,14.981799991801381,4.189800005406141,0.5305999657139182,4.605800029821694,24.307999992743134,3.8025617599487305
patch_layer3,0,49,data\raw\mvtec_anomaly_detection\bottle\test\broken_small\009.png,16.624399926513433,3.775699995458126,0.5299999611452222,6.285100011155009,27.21519989427179,4.703930854797363
patch_layer3,0,50,data\raw\mvtec_anomaly_detection\bottle\test\broken_small\010.png,15.431600040756166,3.982999944128096,0.5330999847501516,6.605500006116927,26.55319997575134,4.854950428009033
patch_layer3,0,51,data\raw\mvtec_anomaly_detection\bottle\test\broken_small\011.png,14.89579991903156,3.9157000137493014,0.4189999308437109,6.4622999634593725,25.692799827083945,4.319806098937988
patch_layer3,0,52,data\raw\mvtec_anomaly_detection\bottle\test\broken_small\012.png,16.350100049749017,4.420200013555586,0.4192000487819314,6.567699951119721,27.757200063206255,4.648650169372559
patch_layer3,0,53,data\raw\mvtec_anomaly_detection\bottle\test\broken_small\013.png,14.991300064139068,4.152599954977632,0.5475999787449837,6.659700069576502,26.351200067438185,4.230384349822998
patch_layer3,0,54,data\raw\mvtec_anomaly_detection\bottle\test\broken_small\014.png,17.188800033181906,4.657299956306815,0.5218000151216984,6.590600009076297,28.958500013686717,4.0090460777282715
patch_layer3,0,55,data\raw\mvtec_anomaly_detection\bottle\test\broken_small\015.png,21.727400016970932,4.056899924762547,0.3557000309228897,4.642200074158609,30.782200046814978,3.8369619846343994
patch_layer3,0,56,data\raw\mvtec_anomaly_detection\bottle\test\broken_small\016.png,14.74619994405657,3.931200015358627,0.56900002527982,6.783899967558682,26.0302999522537,5.238334655761719
patch_layer3,0,57,data\raw\mvtec_anomaly_detection\bottle\test\broken_small\017.png,14.980799984186888,3.9674999425187707,0.5305999657139182,6.5463000210002065,26.025199913419783,5.041371822357178
patch_layer3,0,58,data\raw\mvtec_anomaly_detection\bottle\test\broken_small\018.png,14.627200085669756,4.042200045660138,0.3646999830380082,4.671999951824546,23.706100066192448,5.599959373474121
patch_layer3,0,59,data\raw\mvtec_anomaly_detection\bottle\test\broken_small\019.png,14.984200010076165,3.9249000838026404,0.4200000548735261,7.203700020909309,26.53280016966164,5.2333831787109375
patch_layer3,0,60,data\raw\mvtec_anomaly_detection\bottle\test\broken_small\020.png,14.904600102454424,3.9596999995410442,0.5455000791698694,6.334599922411144,25.74440010357648,4.951472282409668
patch_layer3,0,61,data\raw\mvtec_anomaly_detection\bottle\test\broken_small\021.png,14.655000064522028,3.989799995906651,0.39329996798187494,4.580200067721307,23.61830009613186,4.783029079437256
patch_layer3,0,62,data\raw\mvtec_anomaly_detection\bottle\test\contamination\000.png,14.96430009137839,3.928899997845292,0.41610002517700195,6.820200011134148,26.129500125534832,3.85286808013916
patch_layer3,0,63,data\raw\mvtec_anomaly_detection\bottle\test\contamination\001.png,15.187200042419136,3.974399995058775,0.5477000959217548,6.341799977235496,26.05110011063516,3.2465507984161377
patch_layer3,0,64,data\raw\mvtec_anomaly_detection\bottle\test\contamination\002.png,14.463800005614758,4.0741999400779605,0.36609999369829893,4.693099996075034,23.59719993546605,3.7035810947418213
patch_layer3,0,65,data\raw\mvtec_anomaly_detection\bottle\test\contamination\003.png,14.979899977333844,3.910199971869588,0.5387000273913145,6.984899984672666,26.41369996126741,3.0024983882904053
patch_layer3,0,66,data\raw\mvtec_anomaly_detection\bottle\test\contamination\004.png,28.0931000597775,3.921199939213693,0.36069995258003473,6.6692999098449945,39.04429986141622,3.210783004760742
patch_layer3,0,67,data\raw\mvtec_anomaly_detection\bottle\test\contamination\005.png,14.849200029857457,4.020799999125302,0.36940001882612705,4.710500012151897,23.949900059960783,4.765796184539795
patch_layer3,0,68,data\raw\mvtec_anomaly_detection\bottle\test\contamination\006.png,15.491200028918684,3.9587001083418727,0.532899983227253,10.371900047175586,30.354700167663395,3.7494711875915527
patch_layer3,0,69,data\raw\mvtec_anomaly_detection\bottle\test\contamination\007.png,16.46970002911985,4.048699978739023,0.3770999610424042,5.725200055167079,26.620700024068356,5.818613529205322
patch_layer3,0,70,data\raw\mvtec_anomaly_detection\bottle\test\contamination\008.png,14.77160002104938,3.8862000219523907,0.4184999270364642,6.919700070284307,25.996000040322542,4.308223247528076
patch_layer3,0,71,data\raw\mvtec_anomaly_detection\bottle\test\contamination\009.png,16.17169997189194,4.541000002063811,0.4211999475955963,5.894500063732266,27.028399985283613,4.4941205978393555
patch_layer3,0,72,data\raw\mvtec_anomaly_detection\bottle\test\contamination\010.png,16.96729997638613,4.535000072792172,0.6652000593021512,4.77380002848804,26.941300136968493,4.349096298217773
patch_layer3,0,73,data\raw\mvtec_anomaly_detection\bottle\test\contamination\011.png,17.230199999175966,4.5019000535830855,0.4230999620631337,5.925300065428019,28.080500080250204,4.035782337188721
patch_layer3,0,74,data\raw\mvtec_anomaly_detection\bottle\test\contamination\012.png,28.54309999383986,3.9547999622300267,0.38330000825226307,6.357699981890619,39.23889994621277,3.4791979789733887
patch_layer3,0,75,data\raw\mvtec_anomaly_detection\bottle\test\contamination\013.png,14.684600057080388,3.9514999371021986,0.5767999682575464,6.521599949337542,25.734499911777675,4.929322719573975
patch_layer3,0,76,data\raw\mvtec_anomaly_detection\bottle\test\contamination\014.png,14.9671999970451,4.1649000486359,0.5646999925374985,4.843799979425967,24.540600017644465,2.977786064147949
patch_layer3,0,77,data\raw\mvtec_anomaly_detection\bottle\test\contamination\015.png,14.70649999100715,3.718600026331842,0.5430999444797635,4.961500060744584,23.92970002256334,4.451267242431641
patch_layer3,0,78,data\raw\mvtec_anomaly_detection\bottle\test\contamination\016.png,14.6828000433743,3.825899912044406,0.37869997322559357,4.7932000597938895,23.68059998843819,3.414794445037842
patch_layer3,0,79,data\raw\mvtec_anomaly_detection\bottle\test\contamination\017.png,14.876000001095235,3.868800005875528,0.5602999590337276,5.0036999164149165,24.308799882419407,5.815241813659668
patch_layer3,0,80,data\raw\mvtec_anomaly_detection\bottle\test\contamination\018.png,14.8932000156492,4.526200005784631,0.5542000290006399,4.866800038143992,24.840400088578463,4.973021507263184
patch_layer3,0,81,data\raw\mvtec_anomaly_detection\bottle\test\contamination\019.png,15.003699925728142,3.7135001039132476,0.390100060030818,4.9483999609947205,24.05570005066693,3.1189870834350586
patch_layer3,0,82,data\raw\mvtec_anomaly_detection\bottle\test\contamination\020.png,14.992899959906936,3.9280999917536974,0.5843999097123742,5.015500006265938,24.520899867638946,3.1803042888641357
patch_layer3,1,0,data\raw\mvtec_anomaly_detection\bottle\test\good\000.png,17.36719999462366,4.592099925503135,0.6092999828979373,5.103899980895221,27.672499883919954,2.677069664001465
patch_layer3,1,1,data\raw\mvtec_anomaly_detection\bottle\test\good\001.png,16.72890002373606,4.479800001718104,0.42910000775009394,4.935599979944527,26.573400013148785,2.681241512298584
patch_layer3,1,2,data\raw\mvtec_anomaly_detection\bottle\test\good\002.png,14.668599935248494,4.260500078089535,0.5716000450775027,7.09089997690171,26.591600035317242,2.7068004608154297
patch_layer3,1,3,data\raw\mvtec_anomaly_detection\bottle\test\good\003.png,15.896899974904954,4.125399980694056,0.5737999454140663,7.080499897710979,27.676599798724055,2.739800453186035
patch_layer3,1,4,data\raw\mvtec_anomaly_detection\bottle\test\good\004.png,14.849200029857457,4.114300012588501,0.5174999823793769,6.949599948711693,26.430599973537028,2.696136713027954
patch_layer3,1,5,data\raw\mvtec_anomaly_detection\bottle\test\good\005.png,15.172599931247532,4.169499967247248,0.3727000439539552,6.719099939800799,26.433899882249534,2.7214555740356445
patch_layer3,1,6,data\raw\mvtec_anomaly_detection\bottle\test\good\006.png,15.374699956737459,4.217999987304211,0.37350005004554987,4.990600049495697,24.956800043582916,2.7815847396850586
patch_layer3,1,7,data\raw\mvtec_anomaly_detection\bottle\test\good\007.png,15.268099959939718,3.808800014667213,0.5610999651253223,7.1359999710693955,26.77399991080165,2.7815937995910645
patch_layer3,1,8,data\raw\mvtec_anomaly_detection\bottle\test\good\008.png,15.581600018776953,3.858500043861568,0.5672000115737319,7.241699961014092,27.249000035226345,2.761549472808838
patch_layer3,1,9,data\raw\mvtec_anomaly_detection\bottle\test\good\009.png,15.381200006231666,3.862899960950017,0.5430999444797635,7.30719999410212,27.094399905763566,2.7066855430603027
patch_layer3,1,10,data\raw\mvtec_anomaly_detection\bottle\test\good\010.png,15.14070003759116,3.886000020429492,0.5438999505713582,6.906600086949766,26.477200095541775,2.8605611324310303
patch_layer3,1,11,data\raw\mvtec_anomaly_detection\bottle\test\good\011.png,15.156099922023714,4.000200075097382,0.5596000701189041,7.0365999126806855,26.752499979920685,2.6874186992645264
patch_layer3,1,12,data\raw\mvtec_anomaly_detection\bottle\test\good\012.png,15.186900040134788,4.081599996425211,0.37139991763979197,6.727200001478195,26.367099955677986,2.7570858001708984
patch_layer3,1,13,data\raw\mvtec_anomaly_detection\bottle\test\good\013.png,15.21920005325228,4.223400028422475,0.6030999356880784,5.041400087065995,25.087100104428828,2.7480804920196533
patch_layer3,1,14,data\raw\mvtec_anomaly_detection\bottle\test\good\014.png,15.636099968105555,4.40179998986423,0.5419000517576933,10.181999998167157,30.761800007894635,2.782339096069336
patch_layer3,1,15,data\raw\mvtec_anomaly_detection\bottle\test\good\015.png,15.947700012475252,3.93070001155138,0.5250000394880772,7.162999943830073,27.566400007344782,2.729416608810425
patch_layer3,1,16,data\raw\mvtec_anomaly_detection\bottle\test\good\016.png,16.974199912510812,4.228500067256391,0.5512998905032873,7.115499931387603,28.869499801658094,2.753269672393799
patch_layer3,1,17,data\raw\mvtec_anomaly_detection\bottle\test\good\017.png,17.302799969911575,4.562499932944775,0.3993998980149627,7.811000104993582,30.075699905864894,2.7911739349365234
patch_layer3,1,18,data\raw\mvtec_anomaly_detection\bottle\test\good\018.png,15.75110002886504,3.9523999439552426,0.5469999741762877,9.198999963700771,29.44949991069734,2.712047815322876
patch_layer3,1,19,data\raw\mvtec_anomaly_detection\bottle\test\good\019.png,14.662900008261204,3.9263999788090587,0.4091999726369977,6.971299997530878,25.969799957238138,2.826977014541626
patch_layer3,1,20,data\raw\mvtec_anomaly_detection\bottle\test\broken_large\000.png,15.964499907568097,4.532900056801736,0.47149998135864735,6.010600016452372,26.979499962180853,4.441296100616455
patch_layer3,1,21,data\raw\mvtec_anomaly_detection\bottle\test\broken_large\001.png,17.02219992876053,4.512200015597045,0.4002000205218792,5.1435999339446425,27.078199898824096,4.986383438110352
patch_layer3,1,22,data\raw\mvtec_anomaly_detection\bottle\test\broken_large\002.png,16.954999999143183,4.495500004850328,0.4064999520778656,8.370900060981512,30.22790001705289,4.023044109344482
patch_layer3,1,23,data\raw\mvtec_anomaly_detection\bottle\test\broken_large\003.png,16.415500082075596,4.679200006648898,0.5181999877095222,7.300800061784685,28.9137001382187,4.895201683044434
patch_layer3,1,24,data\raw\mvtec_anomaly_detection\bottle\test\broken_large\004.png,17.184600001201034,4.715999937616289,0.3966999938711524,7.1090999990701675,29.406399931758642,5.2673845291137695
patch_layer3,1,25,data\raw\mvtec_anomaly_detection\bottle\test\broken_large\005.png,17.31550006661564,4.5232999837026,0.5469000898301601,7.104099960997701,29.489800101146102,4.60845422744751
patch_layer3,1,26,data\raw\mvtec_anomaly_detection\bottle\test\broken_large\006.png,16.797899967059493,4.574900027364492,0.40959997568279505,5.1299999468028545,26.912399916909635,5.1306610107421875
patch_layer3,1,27,data\raw\mvtec_anomaly_detection\bottle\test\broken_large\007.png,17.359600053168833,3.9471000200137496,0.5434999475255609,5.081700044684112,26.931900065392256,3.9215714931488037
patch_layer3,1,28,data\raw\mvtec_anomaly_detection\bottle\test\broken_large\008.png,15.230800025165081,3.9762998931109905,0.5751000717282295,7.153799990192056,26.935999980196357,5.3515305519104
patch_layer3,1,29,data\raw\mvtec_anomaly_detection\bottle\test\broken_large\009.png,14.583900105208158,4.163100034929812,0.35829993430525064,7.170099997892976,26.275400072336197,4.56941556930542
patch_layer3,1,30,data\raw\mvtec_anomaly_detection\bottle\test\broken_large\010.png,14.771100017242134,3.971699974499643,0.5771999713033438,5.329000065103173,24.649000028148293,4.809571743011475
patch_layer3,1,31,data\raw\mvtec_anomaly_detection\bottle\test\broken_large\011.png,14.799299999140203,3.9518000558018684,0.588799943216145,5.0706000765785575,24.410500074736774,4.734048843383789
patch_layer3,1,32,data\raw\mvtec_anomaly_detection\bottle\test\broken_large\012.png,14.71100002527237,3.898399998433888,0.5562999285757542,5.274099996313453,24.439799948595464,4.992428302764893
patch_layer3,1,33,data\raw\mvtec_anomaly_detection\bottle\test\broken_large\013.png,14.647000003606081,3.7449999945238233,0.39950001519173384,5.069499951787293,23.86099996510893,4.03297233581543
patch_layer3,1,34,data\raw\mvtec_anomaly_detection\bottle\test\broken_large\014.png,14.72279999870807,3.701400011777878,0.5497999954968691,5.272499984130263,24.24649999011308,5.050409317016602
patch_layer3,1,35,data\raw\mvtec_anomaly_detection\bottle\test\broken_large\015.png,14.686699956655502,3.7623000098392367,0.5401999223977327,5.034900037571788,24.02409992646426,5.041504383087158
patch_layer3,1,36,data\raw\mvtec_anomaly_detection\bottle\test\broken_large\016.png,14.935499988496304,3.938599955290556,0.5867000436410308,5.5342999985441566,24.995099985972047,4.210007667541504
patch_layer3,1,37,data\raw\mvtec_anomaly_detection\bottle\test\broken_large\017.png,14.986700029112399,3.9498000405728817,0.6285998970270157,5.383400013670325,24.94849998038262,4.592291355133057
patch_layer3,1,38,data\raw\mvtec_anomaly_detection\bottle\test\broken_large\018.png,14.832100016064942,3.8472999585792422,0.37949997931718826,7.31930008623749,26.378200040198863,4.5799970626831055
patch_layer3,1,39,data\raw\mvtec_anomaly_detection\bottle\test\broken_large\019.png,15.919500030577183,4.182599950581789,0.5942999850958586,8.183700032532215,28.880099998787045,4.464104175567627
patch_layer3,1,40,data\raw\mvtec_anomaly_detection\bottle\test\broken_small\000.png,16.0886999219656,3.8459000643342733,0.5562999285757542,7.194700068794191,27.685599983669817,3.8667726516723633
patch_layer3,1,41,data\raw\mvtec_anomaly_detection\bottle\test\broken_small\001.png,14.776899944990873,3.880899981595576,0.38760004099458456,7.382399984635413,26.427799952216446,5.003524303436279
patch_layer3,1,42,data\raw\mvtec_anomaly_detection\bottle\test\broken_small\002.png,14.668300049379468,3.880999982357025,0.5430999444797635,7.3454000521451235,26.43780002836138,4.251944065093994
patch_layer3,1,43,data\raw\mvtec_anomaly_detection\bottle\test\broken_small\003.png,17.44419999886304,3.847000072710216,0.4270001081749797,7.073499960824847,28.791700140573084,4.884119510650635
patch_layer3,1,44,data\raw\mvtec_anomaly_detection\bottle\test\broken_small\004.png,14.516500057652593,4.307399969547987,0.3747999435290694,7.387699908576906,26.586399879306555,5.898160457611084
patch_layer3,1,45,data\raw\mvtec_anomaly_detection\bottle\test\broken_small\005.png,14.770800014957786,4.095600103028119,0.5065000150352716,7.329200045205653,26.70210017822683,4.653103828430176
patch_layer3,1,46,data\raw\mvtec_anomaly_detection\bottle\test\broken_small\006.png,14.661099994555116,3.9638999151065946,0.3834000090137124,6.13240001257509,25.140799931250513,4.667858123779297
patch_layer3,1,47,data\raw\mvtec_anomaly_detection\bottle\test\broken_small\007.png,14.578700065612793,3.7811000365763903,0.4075999604538083,7.41700001526624,26.18440007790923,3.7877302169799805
patch_layer3,1,48,data\raw\mvtec_anomaly_detection\bottle\test\broken_small\008.png,15.1849000249058,3.8171999622136354,0.5629999795928597,7.339500007219613,26.90459997393191,3.8025617599487305
patch_layer3,1,49,data\raw\mvtec_anomaly_detection\bottle\test\broken_small\009.png,16.05340000241995,4.5270000118762255,0.5733000580221415,7.504999986849725,28.65870005916804,4.703930854797363
patch_layer3,1,50,data\raw\mvtec_anomaly_detection\bottle\test\broken_small\010.png,17.05909997690469,4.719800082966685,0.46490004751831293,5.408899975009263,27.65270008239895,4.854950428009033
patch_layer3,1,51,data\raw\mvtec_anomaly_detection\bottle\test\broken_small\011.png,15.17780008725822,4.064999986439943,0.5759999621659517,7.699999958276749,27.518799994140863,4.319806098937988
patch_layer3,1,52,data\raw\mvtec_anomaly_detection\bottle\test\broken_small\012.png,15.893499949015677,4.501400049775839,0.548299984075129,5.425399984233081,26.368599967099726,4.648650169372559
patch_layer3,1,53,data\raw\mvtec_anomaly_detection\bottle\test\broken_small\013.png,14.705099980346859,3.9509000489488244,0.4105000989511609,7.297999924048781,26.364500052295625,4.230384349822998
patch_layer3,1,54,data\raw\mvtec_anomaly_detection\bottle\test\broken_small\014.png,14.593299943953753,3.949900041334331,0.547699979506433,7.763399975374341,26.854299940168858,4.0090460777282715
patch_layer3,1,55,data\raw\mvtec_anomaly_detection\bottle\test\broken_small\015.png,14.462199993431568,4.095199983566999,0.36090007051825523,7.389800040982664,26.308100088499486,3.8369619846343994
patch_layer3,1,56,data\raw\mvtec_anomaly_detection\bottle\test\broken_small\016.png,16.661200090311468,4.1739000007510185,0.5530000198632479,7.595400093123317,28.98350020404905,5.238334655761719
patch_layer3,1,57,data\raw\mvtec_anomaly_detection\bottle\test\broken_small\017.png,14.980099978856742,4.223800031468272,0.5300999619066715,7.557600038126111,27.291600010357797,5.041371822357178
patch_layer3,1,58,data\raw\mvtec_anomaly_detection\bottle\test\broken_small\018.png,15.545699978247285,5.347199970856309,0.609199982136488,8.836799999698997,30.33889993093908,5.599959373474121
patch_layer3,1,59,data\raw\mvtec_anomaly_detection\bottle\test\broken_small\019.png,16.0297000547871,3.931499901227653,0.5489999894052744,7.505499990656972,28.015699936077,5.2333831787109375
patch_layer3,1,60,data\raw\mvtec_anomaly_detection\bottle\test\broken_small\020.png,15.010899980552495,3.93070001155138,0.5526000168174505,8.332700002938509,27.826900011859834,4.951472282409668
patch_layer3,1,61,data\raw\mvtec_anomaly_detection\bottle\test\broken_small\021.png,15.251300064846873,3.8843000074848533,0.41539990343153477,7.284099934622645,26.835099910385907,4.783029079437256
patch_layer3,1,62,data\raw\mvtec_anomaly_detection\bottle\test\contamination\000.png,15.295400051400065,3.9081000722944736,0.5723999347537756,7.810899987816811,27.586800046265125,3.85286808013916
patch_layer3,1,63,data\raw\mvtec_anomaly_detection\bottle\test\contamination\001.png,15.21770004183054,3.902199910953641,0.5732000572606921,7.851599948480725,27.544699958525598,3.2465507984161377
patch_layer3,1,64,data\raw\mvtec_anomaly_detection\bottle\test\contamination\002.png,14.9596999399364,4.096499993465841,0.5736000603064895,8.097799960523844,27.727599954232574,3.7035810947418213
patch_layer3,1,65,data\raw\mvtec_anomaly_detection\bottle\test\contamination\003.png,16.966699971817434,4.598099971190095,0.4488000413402915,5.346799967810512,27.360399952158332,3.0024983882904053
patch_layer3,1,66,data\raw\mvtec_anomaly_detection\bottle\test\contamination\004.png,16.58090006094426,4.096499993465841,0.5457999650388956,5.855199997313321,27.078400016762316,3.210783004760742
patch_layer3,1,67,data\raw\mvtec_anomaly_detection\bottle\test\contamination\005.png,15.000200015492737,3.991300007328391,0.5646999925374985,5.789399961940944,25.34559997729957,4.765796184539795
patch_layer3,1,68,data\raw\mvtec_anomaly_detection\bottle\test\contamination\006.png,14.742900035344064,3.916700021363795,0.3981000045314431,6.843900075182319,25.90160013642162,3.7494711875915527
patch_layer3,1,69,data\raw\mvtec_anomaly_detection\bottle\test\contamination\007.png,14.921699999831617,3.755599958822131,0.6327000446617603,5.552600021474063,24.86260002478957,5.818613529205322
patch_layer3,1,70,data\raw\mvtec_anomaly_detection\bottle\test\contamination\008.png,14.702399959787726,3.725800081156194,0.5764000816270709,5.655099987052381,24.659700109623373,4.308223247528076
patch_layer3,1,71,data\raw\mvtec_anomaly_detection\bottle\test\contamination\009.png,14.560199924744666,3.8358999881893396,0.5539000267162919,5.629600025713444,24.57959996536374,4.4941205978393555
patch_layer3,1,72,data\raw\mvtec_anomaly_detection\bottle\test\contamination\010.png,14.594900072552264,3.8094999035820365,0.5881000543013215,5.595299997366965,24.587800027802587,4.349096298217773
patch_layer3,1,73,data\raw\mvtec_anomaly_detection\bottle\test\contamination\011.png,15.515400096774101,3.927800105884671,0.43970008846372366,5.753199919126928,25.636100210249424,4.035782337188721
patch_layer3,1,74,data\raw\mvtec_anomaly_detection\bottle\test\contamination\012.png,15.066499938257039,3.998700063675642,0.5857000360265374,5.827100016176701,25.47800005413592,3.4791979789733887
patch_layer3,1,75,data\raw\mvtec_anomaly_detection\bottle\test\contamination\013.png,14.672300079837441,3.862600075080991,0.5701999180018902,8.783900062553585,27.889000135473907,4.929322719573975
patch_layer3,1,76,data\raw\mvtec_anomaly_detection\bottle\test\contamination\014.png,17.107399995438755,4.661299986764789,0.3831998910754919,7.956299930810928,30.108199804089963,2.977786064147949
patch_layer3,1,77,data\raw\mvtec_anomaly_detection\bottle\test\contamination\015.png,17.445000004954636,4.624599940143526,0.5732999416068196,8.082000073045492,30.724899959750473,4.451267242431641
patch_layer3,1,78,data\raw\mvtec_anomaly_detection\bottle\test\contamination\016.png,17.089799977838993,4.510600003413856,0.4229999613016844,8.534500026144087,30.55789996869862,3.414794445037842
patch_layer3,1,79,data\raw\mvtec_anomaly_detection\bottle\test\contamination\017.png,17.139800009317696,4.640700062736869,0.5400000372901559,7.70429999101907,30.02480010036379,5.815241813659668
patch_layer3,1,80,data\raw\mvtec_anomaly_detection\bottle\test\contamination\018.png,17.28139992337674,4.520599963143468,0.4094999749213457,8.394500007852912,30.605999869294465,4.973021507263184
patch_layer3,1,81,data\raw\mvtec_anomaly_detection\bottle\test\contamination\019.png,16.825799946673214,4.682200029492378,0.5404000403359532,8.150800014846027,30.199200031347573,3.1189870834350586
patch_layer3,1,82,data\raw\mvtec_anomaly_detection\bottle\test\contamination\020.png,17.307100002653897,4.521199967712164,0.38870004937052727,8.022399968467653,30.23939998820424,3.1803042888641357
patch_layer3,2,0,data\raw\mvtec_anomaly_detection\bottle\test\good\000.png,15.14939998742193,3.8071000017225742,0.5732000572606921,9.954400011338294,29.48410005774349,2.677069664001465
patch_layer3,2,1,data\raw\mvtec_anomaly_detection\bottle\test\good\001.png,14.440199942328036,3.809400019235909,0.5564999300986528,9.91960009559989,28.725699987262487,2.681241512298584
patch_layer3,2,2,data\raw\mvtec_anomaly_detection\bottle\test\good\002.png,14.947999967262149,4.0059000020846725,0.3912999527528882,6.164300022646785,25.509499944746494,2.7068004608154297
patch_layer3,2,3,data\raw\mvtec_anomaly_detection\bottle\test\good\003.png,14.638499938882887,3.780700033530593,0.5650999955832958,7.5888000428676605,26.573100010864437,2.739800453186035
patch_layer3,2,4,data\raw\mvtec_anomaly_detection\bottle\test\good\004.png,14.916300075128675,3.92650009598583,0.4012999124825001,8.604600094258785,27.84870017785579,2.696136713027954
patch_layer3,2,5,data\raw\mvtec_anomaly_detection\bottle\test\good\005.png,15.04710002336651,3.9192999247461557,0.39439997635781765,10.763099999167025,30.12389992363751,2.7214555740356445
patch_layer3,2,6,data\raw\mvtec_anomaly_detection\bottle\test\good\006.png,14.67840000987053,4.1105999844148755,0.417300034314394,5.712099955417216,24.918399984017015,2.7815847396850586
patch_layer3,2,7,data\raw\mvtec_anomaly_detection\bottle\test\good\007.png,15.117599978111684,3.8106999127194285,0.3845000173896551,8.196700015105307,27.509499923326075,2.7815937995910645
patch_layer3,2,8,data\raw\mvtec_anomaly_detection\bottle\test\good\008.png,14.916300075128675,3.8910999428480864,0.557800056412816,7.91459996253252,27.279800036922097,2.761549472808838
patch_layer3,2,9,data\raw\mvtec_anomaly_detection\bottle\test\good\009.png,14.639200060628355,3.8588999304920435,0.5497999954968691,8.015300030820072,27.06320001743734,2.7066855430603027
patch_layer3,2,10,data\raw\mvtec_anomaly_detection\bottle\test\good\010.png,17.09189999382943,4.524499992839992,0.5888999439775944,6.186200072988868,28.391500003635883,2.8605611324310303
patch_layer3,2,11,data\raw\mvtec_anomaly_detection\bottle\test\good\011.png,15.028800000436604,4.064199980348349,0.39119995199143887,10.05559996701777,29.53979989979416,2.6874186992645264
patch_layer3,2,12,data\raw\mvtec_anomaly_detection\bottle\test\good\012.png,14.644699986092746,3.9325999096035957,0.4360999446362257,9.908500011079013,28.92189985141158,2.7570858001708984
patch_layer3,2,13,data\raw\mvtec_anomaly_detection\bottle\test\good\013.png,16.470200032927096,4.659699974581599,0.5316000897437334,8.87319992762059,30.53470002487302,2.7480804920196533
patch_layer3,2,14,data\raw\mvtec_anomaly_detection\bottle\test\good\014.png,14.84580000396818,3.9464000146836042,0.3891000524163246,7.856199983507395,27.037500054575503,2.782339096069336
patch_layer3,2,15,data\raw\mvtec_anomaly_detection\bottle\test\good\015.png,14.711200026795268,3.9901999989524484,0.5366000114008784,7.8532000770792365,27.09120011422783,2.729416608810425
patch_layer3,2,16,data\raw\mvtec_anomaly_detection\bottle\test\good\016.png,14.736799988895655,4.025500034913421,0.538499909453094,7.734499988146126,27.035299921408296,2.753269672393799
patch_layer3,2,17,data\raw\mvtec_anomaly_detection\bottle\test\good\017.png,14.58479999564588,3.974099992774427,0.37839997094124556,7.9515998950228095,26.888899854384363,2.7911739349365234
patch_layer3,2,18,data\raw\mvtec_anomaly_detection\bottle\test\good\018.png,14.695200021378696,3.9152000099420547,0.5193999968469143,8.135100011713803,27.264900039881468,2.712047815322876
patch_layer3,2,19,data\raw\mvtec_anomaly_detection\bottle\test\good\019.png,14.449000009335577,4.178600036539137,0.3671000013127923,8.273900020867586,27.268600068055093,2.826977014541626
patch_layer3,2,20,data\raw\mvtec_anomaly_detection\bottle\test\broken_large\000.png,16.933499951846898,4.629699978977442,0.5530000198632479,6.1153999995440245,28.23159995023161,4.441296100616455
patch_layer3,2,21,data\raw\mvtec_anomaly_detection\bottle\test\broken_large\001.png,15.2666000649333,4.116599913686514,0.5536000244319439,5.981000023894012,25.91780002694577,4.986383438110352
patch_layer3,2,22,data\raw\mvtec_anomaly_detection\bottle\test\broken_large\002.png,15.353500028140843,4.521199967712164,0.5569999339058995,6.05540000833571,26.487099938094616,4.023044109344482
patch_layer3,2,23,data\raw\mvtec_anomaly_detection\bottle\test\broken_large\003.png,16.590400016866624,4.614699981175363,0.38400001358240843,5.95170003362,27.540800045244396,4.895201683044434
patch_layer3,2,24,data\raw\mvtec_anomaly_detection\bottle\test\broken_large\004.png,17.396199982613325,4.557900014333427,0.5531000206246972,5.987399956211448,28.494599973782897,5.2673845291137695
patch_layer3,2,25,data\raw\mvtec_anomaly_detection\bottle\test\broken_large\005.png,16.997599974274635,4.790700040757656,0.5865000421181321,6.205399986356497,28.58020004350692,4.60845422744751
patch_layer3,2,26,data\raw\mvtec_anomaly_detection\bottle\test\broken_large\006.png,17.169600003398955,4.709500004537404,0.6303000263869762,6.402299972251058,28.911700006574392,5.1306610107421875
patch_layer3,2,27,data\raw\mvtec_anomaly_detection\bottle\test\broken_large\007.png,16.568100079894066,4.554800107143819,0.5767999682575464,9.965899982489645,31.665600137785077,3.9215714931488037
patch_layer3,2,28,data\raw\mvtec_anomaly_detection\bottle\test\broken_large\008.png,14.477599994279444,3.7484000204131007,0.534099992364645,7.079500006511807,25.839600013568997,5.3515305519104
patch_layer3,2,29,data\raw\mvtec_anomaly_detection\bottle\test\broken_large\009.png,15.102399978786707,3.7805999163538218,0.5537000251933932,12.864200049079955,32.30089996941388,4.56941556930542
patch_layer3,2,30,data\raw\mvtec_anomaly_detection\bottle\test\broken_large\010.png,14.339600107632577,4.096300108358264,0.36539998836815357,8.08090006466955,26.882200269028544,4.809571743011475
patch_layer3,2,31,data\raw\mvtec_anomaly_detection\bottle\test\broken_large\011.png,14.427399961277843,4.181699943728745,0.3703000256791711,8.212100015953183,27.19149994663894,4.734048843383789
patch_layer3,2,32,data\raw\mvtec_anomaly_detection\bottle\test\broken_large\012.png,15.462999930605292,4.513200023211539,0.3918000729754567,8.276499924249947,28.644499951042235,4.992428302764893
patch_layer3,2,33,data\raw\mvtec_anomaly_detection\bottle\test\broken_large\013.png,16.986900009214878,4.428300075232983,0.5806999979540706,10.70910005364567,32.7050001360476,4.03297233581543
patch_layer3,2,34,data\raw\mvtec_anomaly_detection\bottle\test\broken_large\014.png,17.224800074473023,4.5053999638184905,0.4328000359237194,8.835899992845953,30.998900067061186,5.050409317016602
patch_layer3,2,35,data\raw\mvtec_anomaly_detection\bottle\test\broken_large\015.png,15.207599964924157,3.9860999677330256,0.546499970369041,8.254499989561737,27.99469989258796,5.041504383087158
patch_layer3,2,36,data\raw\mvtec_anomaly_detection\bottle\test\broken_large\016.png,16.27400005236268,3.882699995301664,0.59710000641644,10.049600037746131,30.803400091826916,4.210007667541504
patch_layer3,2,37,data\raw\mvtec_anomaly_detection\bottle\test\broken_large\017.png,14.762899954803288,4.012000048533082,0.38760004099458456,7.58590002078563,26.748400065116584,4.592291355133057
patch_layer3,2,38,data\raw\mvtec_anomaly_detection\bottle\test\broken_large\018.png,14.602200011722744,3.802899969741702,0.5305000813677907,12.523800018243492,31.459400081075728,4.5799970626831055
patch_layer3,2,39,data\raw\mvtec_anomaly_detection\bottle\test\broken_large\019.png,23.5310000134632,4.527400014922023,0.4414999857544899,10.296399937942624,38.796299952082336,4.464104175567627
patch_layer3,2,40,data\raw\mvtec_anomaly_detection\bottle\test\broken_small\000.png,17.21950003411621,4.437699913978577,0.5602000746876001,8.352899923920631,30.570299946703017,3.8667726516723633
patch_layer3,2,41,data\raw\mvtec_anomaly_detection\bottle\test\broken_small\001.png,15.443600015714765,3.835699986666441,0.5645999917760491,11.369499959982932,31.213399954140186,5.003524303436279
patch_layer3,2,42,data\raw\mvtec_anomaly_detection\bottle\test\broken_small\002.png,15.366600011475384,4.157400107942522,0.5255000432953238,8.258100016973913,28.307600179687142,4.251944065093994
patch_layer3,2,43,data\raw\mvtec_anomaly_detection\bottle\test\broken_small\003.png,15.709499944932759,4.602300003170967,0.5428999429568648,9.126199991442263,29.980899882502854,4.884119510650635
patch_layer3,2,44,data\raw\mvtec_anomaly_detection\bottle\test\broken_small\004.png,17.07850000821054,4.601099994033575,0.4259999841451645,10.23939996957779,32.34499995596707,5.898160457611084
patch_layer3,2,45,data\raw\mvtec_anomaly_detection\bottle\test\broken_small\005.png,15.842799912206829,4.571700002998114,0.37699996028095484,8.630900061689317,29.422399937175214,4.653103828430176
patch_layer3,2,46,data\raw\mvtec_anomaly_detection\bottle\test\broken_small\006.png,17.15229998808354,4.61519998498261,0.46060001477599144,5.950900027528405,28.179000015370548,4.667858123779297
patch_layer3,2,47,data\raw\mvtec_anomaly_detection\bottle\test\broken_small\007.png,17.212600097991526,4.675599979236722,0.4005000228062272,8.137300028465688,30.426000128500164,3.7877302169799805
patch_layer3,2,48,data\raw\mvtec_anomaly_detection\bottle\test\broken_small\008.png,17.34649995341897,4.6316999942064285,0.5588000640273094,9.518699953332543,32.05569996498525,3.8025617599487305
patch_layer3,2,49,data\raw\mvtec_anomaly_detection\bottle\test\broken_small\009.png,21.62999997381121,4.085000022314489,0.5644999910145998,11.334100039675832,37.61360002681613,4.703930854797363
patch_layer3,2,50,data\raw\mvtec_anomaly_detection\bottle\test\broken_small\010.png,14.905499992892146,4.105199943296611,0.5338999908417463,8.444500039331615,27.98909996636212,4.854950428009033
patch_layer3,2,51,data\raw\mvtec_anomaly_detection\bottle\test\broken_small\011.png,14.902999973855913,4.014199948869646,0.3727000439539552,8.454499999061227,27.74439996574074,4.319806098937988
patch_layer3,2,52,data\raw\mvtec_anomaly_detection\bottle\test\broken_small\012.png,15.064600040204823,4.167099948972464,0.3657999914139509,8.27630003914237,27.873800019733608,4.648650169372559
patch_layer3,2,53,data\raw\mvtec_anomaly_detection\bottle\test\broken_small\013.png,15.074700000695884,4.004199989140034,0.37560006603598595,6.327299983240664,25.781800039112568,4.230384349822998
patch_layer3,2,54,data\raw\mvtec_anomaly_detection\bottle\test\broken_small\014.png,14.938700012862682,3.9334000321105123,0.5777999758720398,6.2682999996468425,25.718200020492077,4.0090460777282715
patch_layer3,2,55,data\raw\mvtec_anomaly_detection\bottle\test\broken_small\015.png,14.744500047527254,3.8801999762654305,0.55089988745749,6.128700100816786,25.30430001206696,3.8369619846343994
patch_layer3,2,56,data\raw\mvtec_anomaly_detection\bottle\test\broken_small\016.png,16.651200014166534,4.715200047940016,0.444200006313622,6.205499987117946,28.016100055538118,5.238334655761719
patch_layer3,2,57,data\raw\mvtec_anomaly_detection\bottle\test\broken_small\017.png,16.43540000077337,4.02260001283139,0.5669000092893839,6.045899935998023,27.070799958892167,5.041371822357178
patch_layer3,2,58,data\raw\mvtec_anomaly_detection\bottle\test\broken_small\018.png,15.180799993686378,3.952200058847666,0.5625999765470624,6.224700016900897,25.920300045982003,5.599959373474121
patch_layer3,2,59,data\raw\mvtec_anomaly_detection\bottle\test\broken_small\019.png,15.652899979613721,4.11900004837662,0.5898999515920877,7.303700083866715,27.665500063449144,5.2333831787109375
patch_layer3,2,60,data\raw\mvtec_anomaly_detection\bottle\test\broken_small\020.png,15.131300082430243,4.161000018939376,0.6005000323057175,10.919000022113323,30.81180015578866,4.951472282409668
patch_layer3,2,61,data\raw\mvtec_anomaly_detection\bottle\test\broken_small\021.png,14.932799967937171,3.9380000671371818,0.7462999783456326,27.28839998599142,46.905499999411404,4.783029079437256
patch_layer3,2,62,data\raw\mvtec_anomaly_detection\bottle\test\contamination\000.png,14.572100015357137,4.00630000513047,0.533499987795949,15.339600038714707,34.45150004699826,3.85286808013916
patch_layer3,2,63,data\raw\mvtec_anomaly_detection\bottle\test\contamination\001.png,14.900199952535331,4.077799967490137,0.7718000560998917,22.743599954992533,42.49339993111789,3.2465507984161377
patch_layer3,2,64,data\raw\mvtec_anomaly_detection\bottle\test\contamination\002.png,14.836200047284365,4.248899989761412,0.7690999191254377,67.81199993565679,87.666199891828,3.7035810947418213
patch_layer3,2,65,data\raw\mvtec_anomaly_detection\bottle\test\contamination\003.png,14.332199934870005,3.918000031262636,0.3811001079156995,4.858899977989495,23.490200052037835,3.0024983882904053
patch_layer3,2,66,data\raw\mvtec_anomaly_detection\bottle\test\contamination\004.png,15.002300031483173,3.9140000008046627,0.4168999148532748,6.8627999862656,26.19599993340671,3.210783004760742
patch_layer3,2,67,data\raw\mvtec_anomaly_detection\bottle\test\contamination\005.png,14.598999987356365,3.99450003169477,0.5523000145331025,6.7801999393850565,25.925999972969294,4.765796184539795
patch_layer3,2,68,data\raw\mvtec_anomaly_detection\bottle\test\contamination\006.png,17.46969996020198,4.565999959595501,0.5627999780699611,10.464500053785741,33.06299995165318,3.7494711875915527
patch_layer3,2,69,data\raw\mvtec_anomaly_detection\bottle\test\contamination\007.png,17.6219999557361,4.607000038959086,0.5385000258684158,6.642300053499639,29.40980007406324,5.818613529205322
patch_layer3,2,70,data\raw\mvtec_anomaly_detection\bottle\test\contamination\008.png,16.249099979177117,4.126399988308549,0.4248999757692218,6.497099995613098,27.297499938867986,4.308223247528076
patch_layer3,2,71,data\raw\mvtec_anomaly_detection\bottle\test\contamination\009.png,15.905400039628148,4.624799941666424,0.5143999587744474,6.7547999788075686,27.79939991887659,4.4941205978393555
patch_layer3,2,72,data\raw\mvtec_anomaly_detection\bottle\test\contamination\010.png,17.04429998062551,4.666200024075806,0.5752000724896789,7.29400001000613,29.579700087197125,4.349096298217773
patch_layer3,2,73,data\raw\mvtec_anomaly_detection\bottle\test\contamination\011.png,17.025599954649806,4.529000027105212,0.47829991672188044,4.788900027051568,26.821799925528467,4.035782337188721
patch_layer3,2,74,data\raw\mvtec_anomaly_detection\bottle\test\contamination\012.png,17.380699981004,4.50099993031472,0.48919999971985817,6.082799984142184,28.453699895180762,3.4791979789733887
patch_layer3,2,75,data\raw\mvtec_anomaly_detection\bottle\test\contamination\013.png,17.024699947796762,4.538599983789027,0.4037999315187335,4.820200032554567,26.78729989565909,4.929322719573975
patch_layer3,2,76,data\raw\mvtec_anomaly_detection\bottle\test\contamination\014.png,17.236200044862926,4.492599982768297,0.5134999519214034,6.020699976943433,28.26299995649606,2.977786064147949
patch_layer3,2,77,data\raw\mvtec_anomaly_detection\bottle\test\contamination\015.png,17.058399971574545,4.43440000526607,0.4957000492140651,4.799899994395673,26.788400020450354,4.451267242431641
patch_layer3,2,78,data\raw\mvtec_anomaly_detection\bottle\test\contamination\016.png,16.949099954217672,4.3895000126212835,0.4501000512391329,9.314000024460256,31.102700042538345,3.414794445037842
patch_layer3,2,79,data\raw\mvtec_anomaly_detection\bottle\test\contamination\017.png,17.317199963144958,4.54870006069541,0.528800068423152,6.850500009022653,29.245200101286173,5.815241813659668
patch_layer3,2,80,data\raw\mvtec_anomaly_detection\bottle\test\contamination\018.png,17.003199900500476,4.441400058567524,0.3861000295728445,6.506900070235133,28.337600058875978,4.973021507263184
patch_layer3,2,81,data\raw\mvtec_anomaly_detection\bottle\test\contamination\019.png,16.987100010737777,4.414199967868626,0.5713000427931547,7.125500007532537,29.098100028932095,3.1189870834350586
patch_layer3,2,82,data\raw\mvtec_anomaly_detection\bottle\test\contamination\020.png,17.263100016862154,4.410499939695001,0.573099940083921,4.7981999814510345,27.04489987809211,3.1803042888641357
patch_layer3,3,0,data\raw\mvtec_anomaly_detection\bottle\test\good\000.png,16.72880002297461,4.004499991424382,0.42830000165849924,10.819199960678816,31.980799976736307,2.677069664001465
patch_layer3,3,1,data\raw\mvtec_anomaly_detection\bottle\test\good\001.png,14.477099990472198,4.014599951915443,0.3968999953940511,4.778399947099388,23.66699988488108,2.681241512298584
patch_layer3,3,2,data\raw\mvtec_anomaly_detection\bottle\test\good\002.png,16.992100048810244,4.596999962814152,0.5125000607222319,4.9758999375626445,27.077500009909272,2.7068004608154297
patch_layer3,3,3,data\raw\mvtec_anomaly_detection\bottle\test\good\003.png,14.314799918793142,3.90110001899302,0.5777999758720398,4.988699918612838,23.78239983227104,2.739800453186035
patch_layer3,3,4,data\raw\mvtec_anomaly_detection\bottle\test\good\004.png,14.662400004453957,4.020499996840954,0.4065000684931874,4.863600013777614,23.953000083565712,2.696136713027954
patch_layer3,3,5,data\raw\mvtec_anomaly_detection\bottle\test\good\005.png,14.636300038546324,3.9399999659508467,0.5577000556513667,5.016300012357533,24.15030007250607,2.7214555740356445
patch_layer3,3,6,data\raw\mvtec_anomaly_detection\bottle\test\good\006.png,14.444499975070357,4.144800011999905,0.4485000390559435,4.9455000553280115,23.983300081454217,2.7815847396850586
patch_layer3,3,7,data\raw\mvtec_anomaly_detection\bottle\test\good\007.png,14.714800054207444,3.8054001051932573,0.5561999278143048,4.991000052541494,24.0674001397565,2.7815937995910645
patch_layer3,3,8,data\raw\mvtec_anomaly_detection\bottle\test\good\008.png,14.520700089633465,3.8095000199973583,0.4857999738305807,4.882300039753318,23.69830012321472,2.761549472808838
patch_layer3,3,9,data\raw\mvtec_anomaly_detection\bottle\test\good\009.png,14.9167999625206,4.258400062099099,0.5881000543013215,5.098399939015508,24.861700017936528,2.7066855430603027
patch_layer3,3,10,data\raw\mvtec_anomaly_detection\bottle\test\good\010.png,14.819799922406673,3.9244999643415213,0.5955999949947,8.300499990582466,27.64039987232536,2.8605611324310303
patch_layer3,3,11,data\raw\mvtec_anomaly_detection\bottle\test\good\011.png,14.558199909515679,3.9187000365927815,0.5184999899938703,7.777299964800477,26.772699900902808,2.6874186992645264
patch_layer3,3,12,data\raw\mvtec_anomaly_detection\bottle\test\good\012.png,14.826899976469576,3.8030999712646008,0.5264000501483679,9.884199942462146,29.04059994034469,2.7570858001708984
patch_layer3,3,13,data\raw\mvtec_anomaly_detection\bottle\test\good\013.png,14.555199886672199,3.8518999936059117,0.43560005724430084,6.8199000088498,25.66259994637221,2.7480804920196533
patch_layer3,3,14,data\raw\mvtec_anomaly_detection\bottle\test\good\014.png,15.739699942059815,4.620800027623773,0.48509996850043535,6.39770005363971,27.243299991823733,2.782339096069336
patch_layer3,3,15,data\raw\mvtec_anomaly_detection\bottle\test\good\015.png,15.069099958054721,4.523099982179701,0.4699999699369073,5.879599950276315,25.941799860447645,2.729416608810425
patch_layer3,3,16,data\raw\mvtec_anomaly_detection\bottle\test\good\016.png,14.84870002605021,3.8499999791383743,0.5530000198632479,6.664799991995096,25.91650001704693,2.753269672393799
patch_layer3,3,17,data\raw\mvtec_anomaly_detection\bottle\test\good\017.png,14.550800085999072,4.004399990662932,0.38400001358240843,6.706499960273504,25.645700050517917,2.7911739349365234
patch_layer3,3,18,data\raw\mvtec_anomaly_detection\bottle\test\good\018.png,14.7879000287503,3.8481999654322863,0.4203000571578741,8.860399946570396,27.916799997910857,2.712047815322876
patch_layer3,3,19,data\raw\mvtec_anomaly_detection\bottle\test\good\019.png,14.850699924863875,4.609300056472421,0.40520005859434605,4.7713000094518065,24.636500049382448,2.826977014541626
patch_layer3,3,20,data\raw\mvtec_anomaly_detection\bottle\test\broken_large\000.png,17.123700003139675,4.749499959871173,0.430600019171834,4.943200037814677,27.24700001999736,4.441296100616455
patch_layer3,3,21,data\raw\mvtec_anomaly_detection\bottle\test\broken_large\001.png,16.644899966195226,3.9037999231368303,0.46690006274729967,9.50729998294264,30.522899935021996,4.986383438110352
patch_layer3,3,22,data\raw\mvtec_anomaly_detection\bottle\test\broken_large\002.png,14.330699923448265,4.1047000559046865,0.43269991874694824,4.689899971708655,23.557999869808555,4.023044109344482
patch_layer3,3,23,data\raw\mvtec_anomaly_detection\bottle\test\broken_large\003.png,14.360300032421947,4.0191999869421124,0.3988000098615885,6.723299971781671,25.50160000100732,4.895201683044434
patch_layer3,3,24,data\raw\mvtec_anomaly_detection\bottle\test\broken_large\004.png,15.317999990656972,3.927099984139204,0.3513999981805682,5.558999953791499,25.155499926768243,5.2673845291137695
patch_layer3,3,25,data\raw\mvtec_anomaly_detection\bottle\test\broken_large\005.png,14.540499891154468,3.8022000808268785,0.5265000509098172,10.493400041013956,29.36260006390512,4.60845422744751
patch_layer3,3,26,data\raw\mvtec_anomaly_detection\bottle\test\broken_large\006.png,16.376500017940998,4.691499983891845,0.4206000594422221,7.038800045847893,28.527400107122958,5.1306610107421875
patch_layer3,3,27,data\raw\mvtec_anomaly_detection\bottle\test\broken_large\007.png,16.54959993902594,4.650300019420683,0.5395000334829092,7.169199991039932,28.908599982969463,3.9215714931488037
patch_layer3,3,28,data\raw\mvtec_anomaly_detection\bottle\test\broken_large\008.png,17.051600036211312,4.486300051212311,0.37869997322559357,10.669799987226725,32.58640004787594,5.3515305519104
patch_layer3,3,29,data\raw\mvtec_anomaly_detection\bottle\test\broken_large\009.png,15.009599970653653,4.124299972318113,0.5516000092029572,4.841999965719879,24.527499917894602,4.56941556930542
patch_layer3,3,30,data\raw\mvtec_anomaly_detection\bottle\test\broken_large\010.png,16.657100059092045,4.493100102990866,0.47309999354183674,4.957700031809509,26.581000187434256,4.809571743011475
patch_layer3,3,31,data\raw\mvtec_anomaly_detection\bottle\test\broken_large\011.png,15.944499988108873,3.922100062482059,0.421999953687191,7.460299995727837,27.74890000000596,4.734048843383789
patch_layer3,3,32,data\raw\mvtec_anomaly_detection\bottle\test\broken_large\012.png,14.94329993147403,4.063199972733855,0.5786999827250838,6.853200029581785,26.438399916514754,4.992428302764893
patch_layer3,3,33,data\raw\mvtec_anomaly_detection\bottle\test\broken_large\013.png,16.782599966973066,4.48909995611757,0.556900049559772,9.051500004716218,30.880099977366626,4.03297233581543
patch_layer3,3,34,data\raw\mvtec_anomaly_detection\bottle\test\broken_large\014.png,14.99110006261617,3.8305999478325248,0.46330003533512354,5.995200015604496,25.280200061388314,5.050409317016602
patch_layer3,3,35,data\raw\mvtec_anomaly_detection\bottle\test\broken_large\015.png,15.081599936820567,3.804999985732138,0.5814000032842159,6.669000023975968,26.13699994981289,5.041504383087158
patch_layer3,3,36,data\raw\mvtec_anomaly_detection\bottle\test\broken_large\016.png,14.37310001347214,4.106399952434003,0.38980005774647,6.791000021621585,25.660300045274198,4.210007667541504
patch_layer3,3,37,data\raw\mvtec_anomaly_detection\bottle\test\broken_large\017.png,14.64720000512898,4.024400026537478,0.46140002086758614,4.728600033558905,23.86160008609295,4.592291355133057
patch_layer3,3,38,data\raw\mvtec_anomaly_detection\bottle\test\broken_large\018.png,16.643499955534935,4.505900084041059,0.4213000647723675,6.732799927704036,28.303500032052398,4.5799970626831055
patch_layer3,3,39,data\raw\mvtec_anomaly_detection\bottle\test\broken_large\019.png,16.9639999512583,4.539799992926419,0.45309995766729116,4.836300038732588,26.7931999405846,4.464104175567627
patch_layer3,3,40,data\raw\mvtec_anomaly_detection\bottle\test\broken_small\000.png,17.009500064887106,3.8146000588312745,0.6271000020205975,4.939400008879602,26.39060013461858,3.8667726516723633
patch_layer3,3,41,data\raw\mvtec_anomaly_detection\bottle\test\broken_small\001.png,14.653000049293041,3.72040004003793,0.5358000053092837,4.965899977833033,23.875100072473288,5.003524303436279
patch_layer3,3,42,data\raw\mvtec_anomaly_detection\bottle\test\broken_small\002.png,14.87570011522621,3.873300040140748,0.4115999909117818,4.9943000776693225,24.15490022394806,4.251944065093994
patch_layer3,3,43,data\raw\mvtec_anomaly_detection\bottle\test\broken_small\003.png,14.863000018522143,3.853700007312,0.5332999862730503,4.920599982142448,24.170599994249642,4.884119510650635
patch_layer3,3,44,data\raw\mvtec_anomaly_detection\bottle\test\broken_small\004.png,14.624299947172403,3.782099927775562,0.5541000282391906,4.802600014954805,23.76309991814196,5.898160457611084
patch_layer3,3,45,data\raw\mvtec_anomaly_detection\bottle\test\broken_small\005.png,14.80559993069619,3.8222000002861023,0.5531000206246972,5.024199956096709,24.205099907703698,4.653103828430176
patch_layer3,3,46,data\raw\mvtec_anomaly_detection\bottle\test\broken_small\006.png,15.218500047922134,4.028699942864478,0.47660002019256353,5.00050000846386,24.724300019443035,4.667858123779297
patch_layer3,3,47,data\raw\mvtec_anomaly_detection\bottle\test\broken_small\007.png,15.064600040204823,3.9809999288991094,0.6062999600544572,5.06539992056787,24.71729984972626,3.7877302169799805
patch_layer3,3,48,data\raw\mvtec_anomaly_detection\bottle\test\broken_small\008.png,14.825599966570735,3.810300026088953,0.6969999521970749,8.62300000153482,27.955899946391582,3.8025617599487305
patch_layer3,3,49,data\raw\mvtec_anomaly_detection\bottle\test\broken_small\009.png,14.799199998378754,4.129600012674928,0.4553999751806259,4.764000070281327,24.148200056515634,4.703930854797363
patch_layer3,3,50,data\raw\mvtec_anomaly_detection\bottle\test\broken_small\010.png,17.28450006339699,4.587999894283712,0.5727000534534454,9.32680000551045,31.772000016644597,4.854950428009033
patch_layer3,3,51,data\raw\mvtec_anomaly_detection\bottle\test\broken_small\011.png,14.880000031553209,4.294399986974895,0.36399997770786285,5.204100045375526,24.742500041611493,4.319806098937988
patch_layer3,3,52,data\raw\mvtec_anomaly_detection\bottle\test\broken_small\012.png,14.948400086723268,3.7747001042589545,0.5641001043841243,6.7411999916657805,26.028400287032127,4.648650169372559
patch_layer3,3,53,data\raw\mvtec_anomaly_detection\bottle\test\broken_small\013.png,15.121100004762411,3.8936000782996416,0.6979999598115683,7.903499994426966,27.616200037300587,4.230384349822998
patch_layer3,3,54,data\raw\mvtec_anomaly_detection\bottle\test\broken_small\014.png,15.056799980811775,3.8594999350607395,0.39130006916821003,6.692499970085919,26.000099955126643,4.0090460777282715
patch_layer3,3,55,data\raw\mvtec_anomaly_detection\bottle\test\broken_small\015.png,15.375499962829053,4.094799980521202,0.5242000333964825,6.810399936512113,26.80489991325885,3.8369619846343994
patch_layer3,3,56,data\raw\mvtec_anomaly_detection\bottle\test\broken_small\016.png,14.976400067098439,4.045800073072314,0.5173999816179276,6.509399972856045,26.049000094644725,5.238334655761719
patch_layer3,3,57,data\raw\mvtec_anomaly_detection\bottle\test\broken_small\017.png,14.685099944472313,3.897499991580844,0.44299999717622995,8.319500018842518,27.345099952071905,5.041371822357178
patch_layer3,3,58,data\raw\mvtec_anomaly_detection\bottle\test\broken_small\018.png,16.384599963203073,4.647299996577203,0.5365000106394291,6.86269998550415,28.431099955923855,5.599959373474121
patch_layer3,3,59,data\raw\mvtec_anomaly_detection\bottle\test\broken_small\019.png,17.069999943487346,4.625900066457689,0.3934999695047736,6.737700081430376,28.827100060880184,5.2333831787109375
patch_layer3,3,60,data\raw\mvtec_anomaly_detection\bottle\test\broken_small\020.png,17.166599980555475,4.5402999967336655,0.5877000512555242,10.716699995100498,33.01130002364516,4.951472282409668
patch_layer3,3,61,data\raw\mvtec_anomaly_detection\bottle\test\broken_small\021.png,16.443699947558343,4.290899960324168,0.3698000218719244,6.888900068588555,27.99329999834299,4.783029079437256
patch_layer3,3,62,data\raw\mvtec_anomaly_detection\bottle\test\contamination\000.png,14.930799952708185,4.258699947968125,0.3648999845609069,4.8837000504136086,24.438099935650826,3.85286808013916
patch_layer3,3,63,data\raw\mvtec_anomaly_detection\bottle\test\contamination\001.png,15.253399964421988,3.9152000099420547,0.5624000914394855,10.629400028847158,30.360400094650686,3.2465507984161377
patch_layer3,3,64,data\raw\mvtec_anomaly_detection\bottle\test\contamination\002.png,15.099600073881447,4.312500008381903,0.4024999216198921,4.782399977557361,24.596999981440604,3.7035810947418213
patch_layer3,3,65,data\raw\mvtec_anomaly_detection\bottle\test\contamination\003.png,28.5137000028044,4.195300047285855,0.5558999255299568,7.394700078293681,40.65960005391389,3.0024983882904053
patch_layer3,3,66,data\raw\mvtec_anomaly_detection\bottle\test\contamination\004.png,15.162600087933242,3.9603000041097403,0.5536000244319439,6.719700060784817,26.396200177259743,3.210783004760742
patch_layer3,3,67,data\raw\mvtec_anomaly_detection\bottle\test\contamination\005.png,15.291200019419193,4.104399937205017,0.5281999474391341,6.796900066547096,26.72069997061044,4.765796184539795
patch_layer3,3,68,data\raw\mvtec_anomaly_detection\bottle\test\contamination\006.png,15.335300005972385,4.284499911591411,0.3656999906525016,7.099100039340556,27.084599947556853,3.7494711875915527
patch_layer3,3,69,data\raw\mvtec_anomaly_detection\bottle\test\contamination\007.png,16.14950003568083,4.646400106139481,0.5158999701961875,6.915800040587783,28.227600152604282,5.818613529205322
patch_layer3,3,70,data\raw\mvtec_anomaly_detection\bottle\test\contamination\008.png,16.485400032252073,4.279699991457164,0.5697999149560928,6.558599998243153,27.893499936908484,4.308223247528076
patch_layer3,3,71,data\raw\mvtec_anomaly_detection\bottle\test\contamination\009.png,14.498800039291382,4.008299903944135,0.3677000058814883,4.8062000423669815,23.680999991483986,4.4941205978393555
patch_layer3,3,72,data\raw\mvtec_anomaly_detection\bottle\test\contamination\010.png,15.025299973785877,3.799100057221949,0.5705999210476875,10.383999906480312,29.778999858535826,4.349096298217773
patch_layer3,3,73,data\raw\mvtec_anomaly_detection\bottle\test\contamination\011.png,16.19699993170798,4.639900056645274,0.5800999933853745,6.997700082138181,28.414700063876808,4.035782337188721
patch_layer3,3,74,data\raw\mvtec_anomaly_detection\bottle\test\contamination\012.png,17.314699944108725,4.641299950890243,0.43569994159042835,8.219500072300434,30.61119990888983,3.4791979789733887
patch_layer3,3,75,data\raw\mvtec_anomaly_detection\bottle\test\contamination\013.png,17.45299994945526,4.600799991749227,0.4949999274685979,4.793300060555339,27.342099929228425,4.929322719573975
patch_layer3,3,76,data\raw\mvtec_anomaly_detection\bottle\test\contamination\014.png,16.8741000816226,3.9289999986067414,0.5584000609815121,5.887000006623566,27.24850014783442,2.977786064147949
patch_layer3,3,77,data\raw\mvtec_anomaly_detection\bottle\test\contamination\015.png,14.734600088559091,3.68019996676594,0.538799911737442,4.967399989254773,23.920999956317246,4.451267242431641
patch_layer3,3,78,data\raw\mvtec_anomaly_detection\bottle\test\contamination\016.png,14.7728999145329,3.7939000176265836,0.40769996121525764,4.863700014539063,23.838199907913804,3.414794445037842
patch_layer3,3,79,data\raw\mvtec_anomaly_detection\bottle\test\contamination\017.png,14.681100030429661,3.759399987757206,0.5469999741762877,5.001200013794005,23.98870000615716,5.815241813659668
patch_layer3,3,80,data\raw\mvtec_anomaly_detection\bottle\test\contamination\018.png,14.702300075441599,3.6764999385923147,0.5010999739170074,4.926800029352307,23.80670001730323,4.973021507263184
patch_layer3,3,81,data\raw\mvtec_anomaly_detection\bottle\test\contamination\019.png,14.627399970777333,3.742199973203242,0.5996000254526734,5.042699980549514,24.011899949982762,3.1189870834350586
patch_layer3,3,82,data\raw\mvtec_anomaly_detection\bottle\test\contamination\020.png,14.615199994295835,3.6784999538213015,0.47339999582618475,4.761800053529441,23.528899997472763,3.1803042888641357
patch_layer3,4,0,data\raw\mvtec_anomaly_detection\bottle\test\good\000.png,17.62800000142306,4.621100029908121,0.484699965454638,5.171600030735135,27.905400027520955,2.677069664001465
patch_layer3,4,1,data\raw\mvtec_anomaly_detection\bottle\test\good\001.png,16.930100042372942,3.994800033979118,0.5410000449046493,7.6151000102981925,29.0810001315549,2.681241512298584
patch_layer3,4,2,data\raw\mvtec_anomaly_detection\bottle\test\good\002.png,16.894300002604723,4.4371000258252025,0.45160006266087294,5.910799955017865,27.693800046108663,2.7068004608154297
patch_layer3,4,3,data\raw\mvtec_anomaly_detection\bottle\test\good\003.png,15.059199999086559,4.237399902194738,0.5400000372901559,6.874700076878071,26.711300015449524,2.739800453186035
patch_layer3,4,4,data\raw\mvtec_anomaly_detection\bottle\test\good\004.png,14.730799943208694,4.073400050401688,0.3684998955577612,6.6621999721974134,25.834899861365557,2.696136713027954
patch_layer3,4,5,data\raw\mvtec_anomaly_detection\bottle\test\good\005.png,14.852500054985285,4.175700014457107,0.40680007077753544,5.987399956211448,25.422400096431375,2.7214555740356445
patch_layer3,4,6,data\raw\mvtec_anomaly_detection\bottle\test\good\006.png,15.211399993859231,3.934099921025336,0.47770002856850624,6.02269999217242,25.645899935625494,2.7815847396850586
patch_layer3,4,7,data\raw\mvtec_anomaly_detection\bottle\test\good\007.png,15.456799999810755,3.955500083975494,0.5413999315351248,7.754500024020672,27.708200039342046,2.7815937995910645
patch_layer3,4,8,data\raw\mvtec_anomaly_detection\bottle\test\good\008.png,17.756500048562884,3.9570999797433615,0.4178000381216407,4.812899976968765,26.94430004339665,2.761549472808838
patch_layer3,4,9,data\raw\mvtec_anomaly_detection\bottle\test\good\009.png,16.117300023324788,4.620800027623773,0.542700057849288,9.654699941165745,30.935500049963593,2.7066855430603027
patch_layer3,4,10,data\raw\mvtec_anomaly_detection\bottle\test\good\010.png,16.782700084149837,4.63030009996146,0.5201000021770597,6.829400081187487,28.762500267475843,2.8605611324310303
patch_layer3,4,11,data\raw\mvtec_anomaly_detection\bottle\test\good\011.png,17.1778000658378,4.639999940991402,0.5507000023499131,6.976299919188023,29.344799928367138,2.6874186992645264
patch_layer3,4,12,data\raw\mvtec_anomaly_detection\bottle\test\good\012.png,17.29640003759414,4.534000065177679,0.4311000229790807,6.127199972979724,28.388700098730624,2.7570858001708984
patch_layer3,4,13,data\raw\mvtec_anomaly_detection\bottle\test\good\013.png,17.026099958457053,4.534999956376851,0.4227999597787857,8.502800017595291,30.48669989220798,2.7480804920196533
patch_layer3,4,14,data\raw\mvtec_anomaly_detection\bottle\test\good\014.png,17.185900011099875,4.665100015699863,0.38839993067085743,6.905099959112704,29.1444999165833,2.782339096069336
patch_layer3,4,15,data\raw\mvtec_anomaly_detection\bottle\test\good\015.png,17.12159998714924,4.740000003948808,0.561299966648221,7.469500065781176,29.892400023527443,2.729416608810425
patch_layer3,4,16,data\raw\mvtec_anomaly_detection\bottle\test\good\016.png,17.036500037647784,4.505600081756711,0.4960000514984131,8.064499939791858,30.102600110694766,2.753269672393799
patch_layer3,4,17,data\raw\mvtec_anomaly_detection\bottle\test\good\017.png,17.17950007878244,4.702299949713051,0.5541999125853181,7.000999990850687,29.436999931931496,2.7911739349365234
patch_layer3,4,18,data\raw\mvtec_anomaly_detection\bottle\test\good\018.png,18.4430000372231,4.5427000150084496,0.4327999195083976,10.56980004068464,33.98830001242459,2.712047815322876
patch_layer3,4,19,data\raw\mvtec_anomaly_detection\bottle\test\good\019.png,16.936499974690378,4.55890002194792,0.566299888305366,6.782199954614043,28.843899839557707,2.826977014541626
patch_layer3,4,20,data\raw\mvtec_anomaly_detection\bottle\test\broken_large\000.png,17.31229992583394,4.435000009834766,0.4073000745847821,10.693099931813776,32.847699942067266,4.441296100616455
patch_layer3,4,21,data\raw\mvtec_anomaly_detection\bottle\test\broken_large\001.png,14.602200011722744,4.024300025776029,0.4112999886274338,4.713899921625853,23.75169994775206,4.986383438110352
patch_layer3,4,22,data\raw\mvtec_anomaly_detection\bottle\test\broken_large\002.png,14.66800004709512,4.043399938382208,0.5339999916031957,6.773899891413748,26.019299868494272,4.023044109344482
patch_layer3,4,23,data\raw\mvtec_anomaly_detection\bottle\test\broken_large\003.png,15.385500038973987,4.597099963575602,0.39930001366883516,6.88779994379729,27.269699960015714,4.895201683044434
patch_layer3,4,24,data\raw\mvtec_anomaly_detection\bottle\test\broken_large\004.png,17.18540000729263,3.982100053690374,0.5631000967696309,7.124399999156594,28.855000156909227,5.2673845291137695
patch_layer3,4,25,data\raw\mvtec_anomaly_detection\bottle\test\broken_large\005.png,14.769600005820394,4.098599893040955,0.377400079742074,6.845199968665838,26.09079994726926,4.60845422744751
patch_layer3,4,26,data\raw\mvtec_anomaly_detection\bottle\test\broken_large\006.png,14.534300076775253,4.206200013868511,0.37619995418936014,6.153099937364459,25.269799982197583,5.1306610107421875
patch_layer3,4,27,data\raw\mvtec_anomaly_detection\bottle\test\broken_large\007.png,14.62360005825758,3.886799910105765,0.6018000422045588,7.416800013743341,26.529000024311244,3.9215714931488037
patch_layer3,4,28,data\raw\mvtec_anomaly_detection\bottle\test\broken_large\008.png,15.132799977436662,3.8010000716894865,0.5243000341579318,7.5758000602945685,27.03390014357865,5.3515305519104
patch_layer3,4,29,data\raw\mvtec_anomaly_detection\bottle\test\broken_large\009.png,14.557100017555058,3.821199992671609,0.39499998092651367,7.417100016027689,26.19040000718087,4.56941556930542
patch_layer3,4,30,data\raw\mvtec_anomaly_detection\bottle\test\broken_large\010.png,14.956700033508241,3.8674999959766865,0.40309992618858814,5.4246000945568085,24.651900050230324,4.809571743011475
patch_layer3,4,31,data\raw\mvtec_anomaly_detection\bottle\test\broken_large\011.png,14.935899991542101,3.8919999497011304,0.5859999218955636,5.484699970111251,24.898599833250046,4.734048843383789
patch_layer3,4,32,data\raw\mvtec_anomaly_detection\bottle\test\broken_large\012.png,14.631600002758205,3.824500017799437,0.5818000063300133,5.61230001039803,24.650200037285686,4.992428302764893
patch_layer3,4,33,data\raw\mvtec_anomaly_detection\bottle\test\broken_large\013.png,14.736999990418553,3.9087000768631697,0.5504000000655651,5.571300047449768,24.767400114797056,4.03297233581543
patch_layer3,4,34,data\raw\mvtec_anomaly_detection\bottle\test\broken_large\014.png,14.974200050346553,3.78689996432513,0.42459997348487377,5.354700027965009,24.540400016121566,5.050409317016602
patch_layer3,4,35,data\raw\mvtec_anomaly_detection\bottle\test\broken_large\015.png,17.791599966585636,3.746700007468462,0.5527000175788999,5.402200040407479,27.493200032040477,5.041504383087158
patch_layer3,4,36,data\raw\mvtec_anomaly_detection\bottle\test\broken_large\016.png,17.042299965396523,4.104600055143237,0.6017000414431095,5.6180000538006425,27.366600115783513,4.210007667541504
patch_layer3,4,37,data\raw\mvtec_anomaly_detection\bottle\test\broken_large\017.png,15.528300078585744,4.714799928478897,0.3793999785557389,7.45529995765537,28.07779994327575,4.592291355133057
patch_layer3,4,38,data\raw\mvtec_anomaly_detection\bottle\test\broken_large\018.png,16.940300003625453,4.5180999441072345,0.547999981790781,8.569099940359592,30.57549986988306,4.5799970626831055
patch_layer3,4,39,data\raw\mvtec_anomaly_detection\bottle\test\broken_large\019.png,17.200400005094707,4.664600011892617,0.5526000168174505,7.84639990888536,30.263999942690134,4.464104175567627
patch_layer3,4,40,data\raw\mvtec_anomaly_detection\bottle\test\broken_small\000.png,14.841399970464408,4.257100052200258,0.3800999838858843,7.809999980963767,27.288599987514317,3.8667726516723633
patch_layer3,4,41,data\raw\mvtec_anomaly_detection\bottle\test\broken_small\001.png,15.025999979116023,4.156399983912706,0.5319999763742089,7.86450004670769,27.578899986110628,5.003524303436279
patch_layer3,4,42,data\raw\mvtec_anomaly_detection\bottle\test\broken_small\002.png,17.591299954801798,4.580400069244206,0.5686000222340226,11.910000001080334,34.65030004736036,4.251944065093994
patch_layer3,4,43,data\raw\mvtec_anomaly_detection\bottle\test\broken_small\003.png,17.219900037162006,4.692399990744889,0.6273000035434961,9.42310004029423,31.96270007174462,4.884119510650635
patch_layer3,4,44,data\raw\mvtec_anomaly_detection\bottle\test\broken_small\004.png,16.286799916997552,4.866200033575296,0.4221999552100897,7.692200015299022,29.26739992108196,5.898160457611084
patch_layer3,4,45,data\raw\mvtec_anomaly_detection\bottle\test\broken_small\005.png,19.953199895098805,4.522800096310675,0.4120999947190285,6.4301000675186515,31.31820005364716,4.653103828430176
patch_layer3,4,46,data\raw\mvtec_anomaly_detection\bottle\test\broken_small\006.png,16.71979995444417,3.9787000278010964,0.44219999108463526,6.662899977527559,27.80359995085746,4.667858123779297
patch_layer3,4,47,data\raw\mvtec_anomaly_detection\bottle\test\broken_small\007.png,15.110600041225553,4.092399962246418,0.408399966545403,7.999100023880601,27.610499993897974,3.7877302169799805
patch_layer3,4,48,data\raw\mvtec_anomaly_detection\bottle\test\broken_small\008.png,15.184300020337105,3.9286999963223934,0.5757000762969255,7.954400032758713,27.643100125715137,3.8025617599487305
patch_layer3,4,49,data\raw\mvtec_anomaly_detection\bottle\test\broken_small\009.png,14.87239997368306,3.936000051908195,0.4268999909982085,9.35790000949055,28.593200026080012,4.703930854797363
patch_layer3,4,50,data\raw\mvtec_anomaly_detection\bottle\test\broken_small\010.png,17.25149992853403,4.882700042799115,0.3789999755099416,7.826999993994832,30.34019994083792,4.854950428009033
patch_layer3,4,51,data\raw\mvtec_anomaly_detection\bottle\test\broken_small\011.png,14.850900042802095,3.969699959270656,0.37100003100931644,7.913999957963824,27.105599991045892,4.319806098937988
patch_layer3,4,52,data\raw\mvtec_anomaly_detection\bottle\test\broken_small\012.png,14.618300017900765,3.9529999485239387,0.37240004166960716,7.54569994751364,26.48939995560795,4.648650169372559
patch_layer3,4,53,data\raw\mvtec_anomaly_detection\bottle\test\broken_small\013.png,14.896400040015578,3.9269999833777547,0.5005999701097608,5.567000014707446,24.89100000821054,4.230384349822998
patch_layer3,4,54,data\raw\mvtec_anomaly_detection\bottle\test\broken_small\014.png,18.265699967741966,4.705199971795082,0.35660003777593374,7.82279996201396,31.150299939326942,4.0090460777282715
patch_layer3,4,55,data\raw\mvtec_anomaly_detection\bottle\test\broken_small\015.png,30.221099965274334,4.645499982871115,0.3792000934481621,7.639500079676509,42.88530012127012,3.8369619846343994
patch_layer3,4,56,data\raw\mvtec_anomaly_detection\bottle\test\broken_small\016.png,17.49050000216812,4.528399906121194,0.5932999774813652,7.931999978609383,30.54419986438006,5.238334655761719
patch_layer3,4,57,data\raw\mvtec_anomaly_detection\bottle\test\broken_small\017.png,17.122199991717935,4.624999943189323,0.37889997474849224,8.116799988783896,30.242899898439646,5.041371822357178
patch_layer3,4,58,data\raw\mvtec_anomaly_detection\bottle\test\broken_small\018.png,17.437299946323037,4.753999994136393,0.38079998921602964,10.857499903067946,33.429599832743406,5.599959373474121
patch_layer3,4,59,data\raw\mvtec_anomaly_detection\bottle\test\broken_small\019.png,15.233899932354689,4.088600049726665,0.3968999953940511,7.140100002288818,26.859499979764223,5.2333831787109375
patch_layer3,4,60,data\raw\mvtec_anomaly_detection\bottle\test\broken_small\020.png,15.122200013138354,3.8133999332785606,0.4846000811085105,6.295700091868639,25.715900119394064,4.951472282409668
patch_layer3,4,61,data\raw\mvtec_anomaly_detection\bottle\test\broken_small\021.png,15.806099982000887,3.7611000007018447,0.5431999452412128,9.55200009047985,29.662400018423796,4.783029079437256
patch_layer3,4,62,data\raw\mvtec_anomaly_detection\bottle\test\contamination\000.png,15.233700047247112,4.081399994902313,0.4669999470934272,5.743399960920215,25.525499950163066,3.85286808013916
patch_layer3,4,63,data\raw\mvtec_anomaly_detection\bottle\test\contamination\001.png,15.520099899731576,3.8861000211909413,0.5718000466004014,8.909099968150258,28.887099935673177,3.2465507984161377
patch_layer3,4,64,data\raw\mvtec_anomaly_detection\bottle\test\contamination\002.png,15.299699967727065,3.840700024738908,0.4461000207811594,5.717699998058379,25.30420001130551,3.7035810947418213
patch_layer3,4,65,data\raw\mvtec_anomaly_detection\bottle\test\contamination\003.png,14.917399967089295,3.756999969482422,0.5508000031113625,5.9127999702468514,25.13799990992993,3.0024983882904053
patch_layer3,4,66,data\raw\mvtec_anomaly_detection\bottle\test\contamination\004.png,14.729799935594201,3.8731000386178493,0.5455999635159969,5.884499987587333,25.03299992531538,3.210783004760742
patch_layer3,4,67,data\raw\mvtec_anomaly_detection\bottle\test\contamination\005.png,15.328099951148033,3.8216999964788556,0.574299949221313,5.9899999760091305,25.714099872857332,4.765796184539795
patch_layer3,4,68,data\raw\mvtec_anomaly_detection\bottle\test\contamination\006.png,15.20290004555136,3.849599976092577,0.5741999484598637,5.903200013563037,25.529899983666837,3.7494711875915527
patch_layer3,4,69,data\raw\mvtec_anomaly_detection\bottle\test\contamination\007.png,15.390599961392581,3.843399928882718,0.5537000251933932,5.895599955692887,25.68329987116158,5.818613529205322
patch_layer3,4,70,data\raw\mvtec_anomaly_detection\bottle\test\contamination\008.png,14.968900009989738,4.464199999347329,0.5967000033706427,6.041700020432472,26.071500033140182,4.308223247528076
patch_layer3,4,71,data\raw\mvtec_anomaly_detection\bottle\test\contamination\009.png,17.116700066253543,4.312400007620454,0.5861000390723348,5.998000036925077,28.01320014987141,4.4941205978393555
patch_layer3,4,72,data\raw\mvtec_anomaly_detection\bottle\test\contamination\010.png,15.109100029803813,3.8139999378472567,0.5939999828115106,10.003700037486851,29.52079998794943,4.349096298217773
patch_layer3,4,73,data\raw\mvtec_anomaly_detection\bottle\test\contamination\011.png,15.017300029285252,4.103200044482946,0.3958999877795577,7.950200000777841,27.466600062325597,4.035782337188721
patch_layer3,4,74,data\raw\mvtec_anomaly_detection\bottle\test\contamination\012.png,15.592599986121058,4.2224000208079815,0.5365000106394291,8.743999991565943,29.095500009134412,3.4791979789733887
patch_layer3,4,75,data\raw\mvtec_anomaly_detection\bottle\test\contamination\013.png,15.1346999919042,4.192700027488172,0.5318999756127596,8.2717000041157,28.13099999912083,4.929322719573975
patch_layer3,4,76,data\raw\mvtec_anomaly_detection\bottle\test\contamination\014.png,15.37899998947978,4.0608999552205205,0.4062000662088394,7.857700111344457,27.703800122253597,2.977786064147949
patch_layer3,4,77,data\raw\mvtec_anomaly_detection\bottle\test\contamination\015.png,15.526300063356757,4.110699985176325,0.5605999613180757,8.282399969175458,28.479999979026616,4.451267242431641
patch_layer3,4,78,data\raw\mvtec_anomaly_detection\bottle\test\contamination\016.png,15.587700065225363,3.8642999716103077,0.5641999887302518,9.741300018504262,29.757500044070184,3.414794445037842
patch_layer3,4,79,data\raw\mvtec_anomaly_detection\bottle\test\contamination\017.png,15.222199959680438,4.275000072084367,0.4529000725597143,9.641499957069755,29.591600061394274,5.815241813659668
patch_layer3,4,80,data\raw\mvtec_anomaly_detection\bottle\test\contamination\018.png,16.15369995124638,4.5943999430164695,0.5846000276505947,8.779999916441739,30.112699838355184,4.973021507263184
patch_layer3,4,81,data\raw\mvtec_anomaly_detection\bottle\test\contamination\019.png,14.907300006598234,3.885700018145144,0.5887000588700175,8.510099956765771,27.891800040379167,3.1189870834350586
patch_layer3,4,82,data\raw\mvtec_anomaly_detection\bottle\test\contamination\020.png,16.261499957181513,3.9646000368520617,0.5751000717282295,10.276000015437603,31.077200081199408,3.1803042888641357
